TriangleCount,TimeSeconds,FPS
1392,2.2865,403062
3112,2.5758,357791
2804,2.59658,354928
69451,2.35183,391865
345944,2.82244,326526
2805572,3.00892,306289
