# Blender 5.0.0 Beta
# www.blender.org
mtllib turret.mtl
o Circle.001_Circle.021
v 0.000000 -2.516309 6.302000
v 1.229460 -2.516309 6.180908
v 2.411671 -2.516309 5.822289
v 3.501204 -2.516309 5.239921
v 4.456187 -2.516311 4.456186
v 5.239922 -2.516311 3.501203
v 5.822289 -2.516312 2.411671
v 6.180909 -2.516312 1.229459
v 6.302000 -2.516312 0.000000
v 6.180909 -2.516312 -1.229458
v 5.822289 -2.516312 -2.411670
v 5.239922 -2.516311 -3.501203
v 4.456187 -2.516311 -4.456186
v 3.501204 -2.516311 -5.239922
v 2.411670 -2.516310 -5.822289
v 1.229458 -2.516310 -6.180909
v -0.000002 -2.516310 -6.302000
v -1.229461 -2.516309 -6.180908
v -2.411673 -2.516309 -5.822287
v -3.501206 -2.516309 -5.239919
v -4.456189 -2.516308 -4.456184
v -5.239923 -2.516308 -3.501200
v -5.822290 -2.516308 -2.411666
v -6.180909 -2.516308 -1.229454
v -6.302000 -2.516308 0.000006
v -6.180907 -2.516308 1.229466
v -5.822286 -2.516308 2.411677
v -5.239917 -2.516308 3.501210
v -4.456181 -2.516308 4.456192
v -3.501196 -2.516309 5.239926
v -2.411662 -2.516309 5.822292
v -1.229449 -2.516309 6.180910
v 1.229460 -0.879661 6.180908
v 0.000001 -0.879661 6.302000
v 2.411672 -0.879662 5.822289
v 3.501205 -0.879662 5.239921
v 4.456187 -0.879662 4.456186
v 5.239922 -0.879663 3.501203
v 5.822289 -0.879663 2.411671
v 6.180909 -0.879663 1.229459
v 6.302001 -0.879663 0.000000
v 6.180909 -0.879663 -1.229458
v 5.822289 -0.879663 -2.411670
v 5.239922 -0.879663 -3.501203
v 4.456187 -0.879662 -4.456186
v 3.501204 -0.879662 -5.239922
v 2.411671 -0.879662 -5.822289
v 1.229458 -0.879662 -6.180909
v -0.000001 -0.879662 -6.302000
v -1.229461 -0.879662 -6.180908
v -2.411673 -0.879660 -5.822287
v -3.501205 -0.879660 -5.239919
v -4.456189 -0.879660 -4.456184
v -5.239923 -0.879659 -3.501200
v -5.822290 -0.879659 -2.411666
v -6.180909 -0.879659 -1.229454
v -6.301999 -0.879659 0.000006
v -6.180906 -0.879659 1.229466
v -5.822285 -0.879659 2.411677
v -5.239916 -0.879659 3.501210
v -4.456181 -0.879660 4.456192
v -3.501196 -0.879660 5.239926
v -2.411662 -0.879660 5.822292
v -1.229449 -0.879661 6.180910
v 1.229460 -2.516309 6.180908
v 0.000000 -2.516309 6.302000
v 2.411671 -2.516309 5.822289
v 3.501204 -2.516309 5.239921
v 4.456187 -2.516311 4.456186
v 5.239922 -2.516311 3.501203
v 5.822289 -2.516312 2.411671
v 6.180909 -2.516312 1.229459
v 6.302000 -2.516312 0.000000
v 6.180909 -2.516312 -1.229458
v 5.822289 -2.516312 -2.411670
v 5.239922 -2.516311 -3.501203
v 4.456187 -2.516311 -4.456186
v 3.501204 -2.516311 -5.239922
v 2.411670 -2.516310 -5.822289
v 1.229458 -2.516310 -6.180909
v -0.000002 -2.516310 -6.302000
v -1.229461 -2.516309 -6.180908
v -2.411673 -2.516309 -5.822287
v -3.501206 -2.516309 -5.239919
v -4.456189 -2.516308 -4.456184
v -5.239923 -2.516308 -3.501200
v -5.822290 -2.516308 -2.411666
v -6.180909 -2.516308 -1.229454
v -6.302000 -2.516308 0.000006
v -6.180907 -2.516308 1.229466
v -5.822286 -2.516308 2.411677
v -5.239917 -2.516308 3.501210
v -4.456181 -2.516308 4.456192
v -3.501196 -2.516309 5.239926
v -2.411662 -2.516309 5.822292
v -1.229449 -2.516309 6.180910
vn -0.0000 -1.0000 -0.0000
vn -0.5556 -0.0000 -0.8315
vn -0.7071 -0.0000 -0.7071
vn 0.9239 -0.0000 0.3827
vn 0.9808 -0.0000 0.1951
vn -0.8315 -0.0000 -0.5556
vn 1.0000 -0.0000 -0.0000
vn -0.9239 -0.0000 -0.3827
vn 0.9808 -0.0000 -0.1951
vn -0.9808 -0.0000 -0.1951
vn 0.9239 -0.0000 -0.3827
vn -1.0000 -0.0000 -0.0000
vn 0.8315 -0.0000 -0.5556
vn -0.9808 -0.0000 0.1951
vn 0.7071 -0.0000 -0.7071
vn -0.9239 -0.0000 0.3827
vn 0.5556 -0.0000 -0.8315
vn -0.8315 -0.0000 0.5556
vn 0.3827 -0.0000 -0.9239
vn -0.0000 -0.0000 1.0000
vn 0.1951 -0.0000 0.9808
vn -0.7071 -0.0000 0.7071
vn 0.1951 -0.0000 -0.9808
vn 0.3827 -0.0000 0.9239
vn -0.5556 -0.0000 0.8315
vn -0.0000 -0.0000 -1.0000
vn 0.5556 -0.0000 0.8315
vn -0.3827 -0.0000 0.9239
vn -0.1951 -0.0000 -0.9808
vn 0.7071 -0.0000 0.7071
vn -0.1951 -0.0000 0.9808
vn -0.3827 -0.0000 -0.9239
vn 0.8315 -0.0000 0.5556
vt 0.083541 0.018105
vt 0.112409 0.006148
vt 0.143054 0.000052
vt 0.174300 0.000052
vt 0.204946 0.006148
vt 0.233814 0.018106
vt 0.259794 0.035465
vt 0.281889 0.057559
vt 0.299248 0.083540
vt 0.311206 0.112407
vt 0.317302 0.143053
vt 0.317302 0.174299
vt 0.311206 0.204945
vt 0.299248 0.233813
vt 0.281889 0.259793
vt 0.259794 0.281888
vt 0.233814 0.299247
vt 0.204946 0.311205
vt 0.174300 0.317301
vt 0.143053 0.317301
vt 0.112407 0.311205
vt 0.083539 0.299247
vt 0.057559 0.281887
vt 0.035464 0.259793
vt 0.018105 0.233812
vt 0.006148 0.204944
vt 0.000052 0.174298
vt 0.000052 0.143052
vt 0.006149 0.112406
vt 0.018106 0.083538
vt 0.035466 0.057558
vt 0.057560 0.035464
vt 0.593746 0.317608
vt 0.624992 0.317619
vt 0.624978 0.359014
vt 0.593732 0.359003
vt 0.187544 0.317469
vt 0.218790 0.317480
vt 0.218776 0.358874
vt 0.187530 0.358864
vt 0.656238 0.317630
vt 0.656224 0.359024
vt 0.250036 0.317490
vt 0.250022 0.358885
vt 0.687485 0.317641
vt 0.687470 0.359035
vt 0.281283 0.317501
vt 0.281269 0.358896
vt 0.718731 0.317651
vt 0.718717 0.359046
vt 0.312529 0.317512
vt 0.312515 0.358906
vt 0.749977 0.317662
vt 0.749963 0.359057
vt 0.343775 0.317523
vt 0.343761 0.358917
vt 0.781224 0.317673
vt 0.781210 0.359067
vt 0.375022 0.317533
vt 0.375007 0.358928
vt 0.812470 0.317684
vt 0.812456 0.359078
vt 0.406268 0.317544
vt 0.406254 0.358939
vt 0.843716 0.317694
vt 0.843702 0.359089
vt 0.437514 0.317555
vt 0.437500 0.358949
vt 0.000066 0.317405
vt 0.031313 0.317416
vt 0.031298 0.358810
vt 0.000052 0.358800
vt 0.874963 0.317705
vt 0.874949 0.359100
vt 0.468761 0.317565
vt 0.468746 0.358960
vt 0.062559 0.317426
vt 0.062545 0.358821
vt 0.906209 0.317716
vt 0.906195 0.359111
vt 0.500007 0.317576
vt 0.499993 0.358971
vt 0.093805 0.317437
vt 0.093791 0.358832
vt 0.937455 0.317727
vt 0.937441 0.359121
vt 0.531253 0.317587
vt 0.531239 0.358981
vt 0.125051 0.317448
vt 0.125037 0.358842
vt 0.968702 0.317737
vt 0.968688 0.359132
vt 0.562499 0.317598
vt 0.562485 0.358992
vt 0.156298 0.317458
vt 0.156283 0.358853
vt 0.999948 0.317748
vt 0.999934 0.359143
s 1
usemtl None_USBarbette_CM.dds.004
f 65/1/1 66/2/1 96/3/1 95/4/1 94/5/1 93/6/1 92/7/1 91/8/1 90/9/1 89/10/1 88/11/1 87/12/1 86/13/1 85/14/1 84/15/1 83/16/1 82/17/1 81/18/1 80/19/1 79/20/1 78/21/1 77/22/1 76/23/1 75/24/1 74/25/1 73/26/1 72/27/1 71/28/1 70/29/1 69/30/1 68/31/1 67/32/1
f 20/33/2 21/34/3 53/35/3 52/36/2
f 7/37/4 8/38/5 40/39/5 39/40/4
f 21/34/3 22/41/6 54/42/6 53/35/3
f 8/38/5 9/43/7 41/44/7 40/39/5
f 22/41/6 23/45/8 55/46/8 54/42/6
f 9/43/7 10/47/9 42/48/9 41/44/7
f 23/45/8 24/49/10 56/50/10 55/46/8
f 10/47/9 11/51/11 43/52/11 42/48/9
f 24/49/10 25/53/12 57/54/12 56/50/10
f 11/51/11 12/55/13 44/56/13 43/52/11
f 25/53/12 26/57/14 58/58/14 57/54/12
f 12/55/13 13/59/15 45/60/15 44/56/13
f 26/57/14 27/61/16 59/62/16 58/58/14
f 13/59/15 14/63/17 46/64/17 45/60/15
f 27/61/16 28/65/18 60/66/18 59/62/16
f 14/63/17 15/67/19 47/68/19 46/64/17
f 1/69/20 2/70/21 33/71/21 34/72/20
f 28/65/18 29/73/22 61/74/22 60/66/18
f 15/67/19 16/75/23 48/76/23 47/68/19
f 2/70/21 3/77/24 35/78/24 33/71/21
f 29/73/22 30/79/25 62/80/25 61/74/22
f 16/75/23 17/81/26 49/82/26 48/76/23
f 3/77/24 4/83/27 36/84/27 35/78/24
f 30/79/25 31/85/28 63/86/28 62/80/25
f 17/81/26 18/87/29 50/88/29 49/82/26
f 4/83/27 5/89/30 37/90/30 36/84/27
f 31/85/28 32/91/31 64/92/31 63/86/28
f 18/87/29 19/93/32 51/94/32 50/88/29
f 5/89/30 6/95/33 38/96/33 37/90/30
f 32/91/31 1/97/20 34/98/20 64/92/31
f 19/93/32 20/33/2 52/36/2 51/94/32
f 6/95/33 7/37/4 39/40/4 38/96/33
o Plane.001_Plane.010
v 4.517199 -0.810667 -4.511671
v 3.549139 -0.810667 -5.306137
v 2.444688 -0.810667 -5.896477
v 1.246288 -0.810667 -6.260007
v 4.517199 -0.924724 -4.511671
v 3.549139 -0.924724 -5.306137
v 2.444688 -0.924724 -5.896477
v 1.246288 -0.924724 -6.260007
v 5.999338 -0.822659 0.090528
v 5.999338 0.024327 0.090528
v 5.999338 -0.822659 -0.079468
v 5.999338 0.024327 -0.079468
v 6.622959 -0.822659 0.090528
v 6.622959 -0.822659 -0.079469
v 5.999338 -0.995630 0.090528
v 5.999338 -0.995630 -0.079468
v 6.622959 -0.995630 0.090528
v 6.622959 -0.995630 -0.079469
v 5.885911 -0.822659 -1.158662
v 5.885911 0.024327 -1.158662
v 5.850566 -0.822659 -1.324944
v 5.850566 0.024327 -1.324944
v 6.495903 -0.822659 -1.288320
v 5.885911 -0.995630 -1.158662
v 5.850566 -0.995630 -1.324944
v 6.495903 -0.995630 -1.288320
v 5.446096 -0.822659 -2.512271
v 6.084945 -0.822659 -2.610621
v 6.015801 -0.822659 -2.765920
v 5.446096 -0.995630 -2.512271
v 6.084945 -0.995630 -2.610621
v 6.015801 -0.995630 -2.765920
v 5.850566 -0.822659 1.336003
v 5.850566 0.024327 1.336003
v 5.885911 -0.822659 1.169722
v 5.885911 0.024327 1.169722
v 6.460559 -0.822659 1.465661
v 6.495904 -0.822659 1.299379
v 5.850566 -0.995630 1.336003
v 5.885911 -0.995630 1.169722
v 6.460559 -0.995630 1.465661
v 6.495904 -0.995630 1.299379
v 5.515241 -0.822659 2.368031
v 5.515241 0.024327 2.368031
v 6.084947 -0.822659 2.621680
v 5.515241 -0.995630 2.368031
v 6.084947 -0.995630 2.621680
v 3.332027 2.239147 5.285968
v 2.667977 2.239147 5.285969
v 2.491310 2.117661 5.378348
v 2.876014 2.385118 5.174974
v 2.642993 2.315610 5.227828
v 2.453032 2.184983 5.327157
v 2.285985 1.808852 5.613164
v 2.491310 2.081990 5.174706
v 2.667977 2.203476 5.082328
v 2.884691 2.268121 5.033174
v 3.115313 2.268121 5.033174
v 3.332027 2.203476 5.082327
v 3.508694 2.081990 5.174706
v 3.686619 1.849366 4.697464
v 3.546971 2.048117 4.545795
v 3.357010 2.178745 4.446466
v 3.123989 2.248251 4.393614
v 2.876013 2.248251 4.393614
v 2.642992 2.178745 4.446467
v 2.453031 2.048117 4.545796
v 2.313385 1.849368 4.697463
v 0.332027 2.239147 5.285971
v 0.115313 2.303789 5.236817
v 0.123990 2.385118 5.174976
v 0.115313 2.268121 5.033176
v 0.332027 2.203476 5.082329
v 0.508694 2.081990 5.174707
v 0.686620 1.849368 4.697465
v 0.357010 2.178745 4.446469
v 0.123989 2.248251 4.393616
v 5.034005 2.427164 4.602399
v 4.923272 -0.081004 6.527827
v 4.757469 2.426964 -7.735362
v 5.032254 -0.746316 -7.961391
v 5.358158 -0.813317 -6.064097
v 5.757730 -0.821601 -3.040423
v 6.175659 -0.821927 1.146966
v 4.942879 -0.821895 6.532546
v 5.432684 2.427164 -2.985982
v 4.940270 -0.821927 6.515677
v 5.069048 -0.057744 -7.960168
v 5.773144 -0.071241 -3.025634
v 6.207214 -0.072793 1.163082
v 5.084702 -0.065990 -7.960866
v 4.947453 -0.076353 6.519828
v 0.653547 -0.745587 -8.662238
v 0.601664 2.427162 -8.346280
v 0.642322 -0.069346 -8.659506
v 5.031390 2.427164 4.603402
v 4.561614 2.163738 -6.714111
v 6.976696 2.163738 -6.124191
v 7.551993 2.163737 -8.000298
v 7.551994 2.163738 -6.124191
v 7.995453 2.163738 -6.267279
v 4.561614 1.053981 -7.727437
v 6.976707 1.053981 -8.000298
v 4.561614 1.053982 -6.714111
v 6.976696 1.053982 -6.124191
v 7.551993 1.053981 -8.000298
v 7.551994 1.053982 -6.124191
v 7.995453 1.053981 -7.857211
v 7.995453 1.053982 -6.267279
v 7.741289 1.941787 -6.082662
v 7.741289 1.719836 -6.028658
v 7.741289 1.497885 -6.028658
v 7.741289 1.275934 -6.082662
v 7.995453 1.275934 -6.164672
v 7.994825 1.409073 -6.122081
v 7.994202 1.810466 -6.124574
v 7.995453 2.163738 -7.857210
v 6.976698 2.163737 -8.000298
v 4.561419 1.814970 -6.566747
v 4.561656 1.395412 -6.570233
v 4.561614 1.275934 -6.611503
v 6.740619 1.275934 -6.048255
v 6.740619 1.497885 -5.994251
v 6.740619 1.719836 -5.994251
v 6.740619 1.941787 -6.048255
v 4.561614 2.163738 -7.727437
v 6.563503 2.163738 -6.170872
v 6.563503 1.053982 -6.170872
v 6.563503 1.941787 -6.068266
v 6.563503 1.719836 -6.014262
v 6.563503 1.497885 -6.014262
v 6.563503 1.275934 -6.068266
v 6.346517 2.163738 -6.463851
v 6.346517 1.053982 -6.463851
v 6.976706 2.163737 -8.000298
v 6.976706 1.053981 -8.000298
v 6.346889 1.811875 -6.320145
v 6.346644 1.413212 -6.316597
v 7.741288 1.831223 -6.925704
v 7.741349 1.608859 -6.857156
v 7.741288 1.386499 -6.925704
v 6.740619 1.386499 -6.891297
v 6.740531 1.608859 -6.827360
v 6.740619 1.831223 -6.891297
v 5.028949 2.427164 -5.966800
v 5.832972 2.427164 1.093364
v 1.572254 1.902164 5.151117
v 1.573996 2.031492 5.052687
v 1.394344 2.031492 5.049692
v 1.394138 1.902164 5.149256
v 1.575113 1.930083 4.920224
v 1.573371 1.800757 5.018654
v 1.395254 1.800757 5.016794
v 1.395461 1.930083 4.917229
v 1.572255 0.232743 6.429877
v 1.573997 0.362069 6.331447
v 1.394345 0.362069 6.328452
v 1.394138 0.232743 6.428016
v 1.575114 0.260662 6.198984
v 1.573371 0.131336 6.297414
v 1.395255 0.131336 6.295554
v 1.395462 0.260662 6.195989
v 1.485464 0.308184 6.325265
v 1.486664 1.915207 5.134681
v 1.483508 0.307169 6.323899
v 1.483020 1.913049 5.131779
v 1.435252 0.264302 6.266257
v 1.437517 1.869417 5.073107
v 1.445554 0.265651 6.268072
v 1.445553 1.870516 5.074586
v 1.461905 0.255894 6.254951
v 1.461905 1.860759 5.061465
v 1.507224 0.254351 6.252876
v 1.507652 1.858191 5.058012
v 1.506579 0.255894 6.254951
v 1.506578 1.860759 5.061465
v 1.530967 0.264552 6.266593
v 1.527234 1.869876 5.073724
v 5.311667 -0.810667 -3.543610
v 5.902009 -0.810667 -2.439158
v 6.265539 -0.810667 -1.240758
v 6.388288 -0.810667 0.005535
v 6.265538 -0.810667 1.251829
v 5.902006 -0.810667 2.450227
v 5.311665 -0.810667 3.554678
v 4.517199 -0.810667 4.522738
v 3.549138 -0.810667 5.317202
v 2.444686 -0.810667 5.907543
v 1.246287 -0.810667 6.271072
v 5.311667 -0.924724 -3.543610
v 5.902009 -0.924724 -2.439158
v 6.265539 -0.924724 -1.240758
v 6.388288 -0.924724 0.005535
v 6.265538 -0.924724 1.251829
v 5.902006 -0.924724 2.450227
v 5.311665 -0.924724 3.554678
v 4.517199 -0.924724 4.522738
v 3.549138 -0.924724 5.317202
v 2.444686 -0.924724 5.907543
v 1.246287 -0.924724 6.271072
v 5.446097 -0.822659 2.523330
v 5.446097 0.024327 2.523330
v 6.015802 -0.822659 2.776979
v 5.446097 -0.995630 2.523330
v 6.015802 -0.995630 2.776979
v 6.460558 -0.822659 -1.454602
v 6.460558 -0.995630 -1.454602
v 5.446095 0.024327 -2.512271
v 5.515239 -0.822659 -2.356972
v 5.515239 0.024327 -2.356972
v 5.515239 -0.995630 -2.356972
v 5.386273 -0.948366 -3.600884
v 5.497362 -0.906672 -3.660261
v 5.988464 -0.948457 -2.474969
v 6.104785 -0.906581 -2.523149
v 6.357319 -0.948457 -1.259016
v 6.480803 -0.906581 -1.283576
v 6.481865 -0.948457 0.005535
v 6.607771 -0.906581 0.005535
v 6.357318 -0.948457 1.270087
v 6.480802 -0.906581 1.294647
v 5.988461 -0.948457 2.486039
v 6.104782 -0.906581 2.534220
v 5.386271 -0.948366 3.611953
v 5.497358 -0.906672 3.671330
v 5.782655 -2.381614 -3.865737
v 5.893744 -2.339921 -3.925114
v 6.428899 -2.381705 -2.657403
v 6.545219 -2.339830 -2.705583
v 6.824883 -2.381705 -1.352020
v 6.948367 -2.339830 -1.376580
v 6.958588 -2.381705 0.005536
v 7.084494 -2.339830 0.005535
v 6.824881 -2.381705 1.363091
v 6.948365 -2.339830 1.387650
v 6.428895 -2.381705 2.668473
v 6.545216 -2.339830 2.716653
v 5.782650 -2.381614 3.876807
v 5.893739 -2.339921 3.936184
v 5.490526 -0.990502 -3.583673
v 5.393110 -0.864536 -3.677472
v 6.027270 -0.864535 -2.491042
v 6.034690 -0.990502 -2.565615
v 6.436415 -2.297784 -2.732015
v 6.506414 -2.423751 -2.689510
v 5.824328 -2.423751 -3.965603
v 5.852070 -2.297784 -3.825248
v 6.085247 -0.990502 -2.443558
v 6.398515 -0.864535 -1.267209
v 6.420341 -0.990502 -1.338901
v 6.846810 -2.297784 -1.423731
v 6.907172 -2.423751 -1.368387
v 6.486972 -2.297784 -2.609958
v 6.446114 -0.990502 -1.209327
v 6.523869 -0.864535 0.005535
v 6.559261 -0.990502 -0.060521
v 6.994085 -2.297784 -0.060521
v 7.042490 -2.423751 0.005535
v 6.872584 -2.297784 -1.294156
v 6.559261 -0.990502 0.071592
v 6.398513 -0.864535 1.278279
v 6.446113 -0.990502 1.220397
v 6.872582 -2.297784 1.305228
v 6.907170 -2.423751 1.379458
v 6.994085 -2.297784 0.071592
v 6.420339 -0.990502 1.349971
v 6.027267 -0.864535 2.502112
v 6.085244 -0.990502 2.454628
v 6.486969 -2.297784 2.621028
v 6.506410 -2.423751 2.700580
v 6.846808 -2.297784 1.434802
v 6.034687 -0.990502 2.576685
v 5.393107 -0.864536 3.688541
v 5.490522 -0.990502 3.594742
v 5.824324 -2.423751 3.976672
v 5.852065 -2.297784 3.836318
v 6.436411 -2.297784 2.743085
v 2.354636 1.922783 5.527259
v 2.884691 2.303789 5.236815
v 3.115313 2.303789 5.236814
v 3.508694 2.117661 5.378346
v 3.624005 1.953982 5.502807
v 3.645368 1.922782 5.527259
v 2.361436 0.513164 6.597897
v 3.638568 0.513170 6.597892
v 3.508693 0.328326 6.738947
v 3.332027 0.206841 6.831325
v 3.115313 0.142199 6.880478
v 2.884691 0.142199 6.880479
v 2.667978 0.206841 6.831326
v 2.491310 0.328326 6.738947
v 2.306075 1.975438 5.487275
v 3.123990 2.385118 5.174974
v 3.357011 2.315610 5.227826
v 3.546972 2.184983 5.327155
v 3.670960 2.008987 5.460981
v 3.714020 1.808852 5.613163
v 2.313385 0.459759 6.638466
v 3.686619 0.459759 6.638466
v 3.546971 0.261006 6.790139
v 3.357011 0.130378 6.889467
v 3.123990 0.060872 6.942319
v 2.876014 0.060872 6.942320
v 2.642993 0.130377 6.889468
v 2.453033 0.261006 6.790138
v 2.354636 0.487540 6.386391
v 2.491311 0.292655 6.535306
v 2.667977 0.171171 6.627685
v 2.884691 0.106528 6.676836
v 3.115312 0.106528 6.676837
v 3.332027 0.171171 6.627684
v 3.508694 0.292655 6.535306
v 3.645367 0.487541 6.386389
v 3.664051 0.642464 6.269314
v 3.664052 1.732183 5.440697
v 3.624005 1.918312 5.299164
v 2.375999 1.918312 5.299165
v 2.335952 1.732183 5.440698
v 2.306073 0.333693 5.848653
v 3.693931 0.333695 5.848651
v 3.546971 0.124139 6.008779
v 3.357010 -0.006490 6.108106
v 3.123990 -0.075996 6.160957
v 2.876014 -0.075996 6.160958
v 2.642992 -0.006490 6.108108
v 2.453033 0.124139 6.008780
v 0.508695 2.117661 5.378349
v 0.624005 1.953982 5.502809
v 0.645368 1.922782 5.527261
v 0.638568 0.513167 6.597896
v 0.508694 0.328326 6.738950
v 0.332027 0.206841 6.831327
v 0.115313 0.142199 6.880480
v 0.357012 2.315610 5.227829
v 0.546972 2.184983 5.327157
v 0.670960 2.008987 5.460984
v 0.714021 1.808852 5.613165
v 0.686619 0.459760 6.638468
v 0.546971 0.261006 6.790140
v 0.357011 0.130378 6.889470
v 0.123990 0.060872 6.942321
v 0.115313 0.106528 6.676839
v 0.332027 0.171171 6.627686
v 0.508694 0.292655 6.535309
v 0.624004 0.456334 6.410847
v 0.664052 0.642464 6.269316
v 0.664052 1.732183 5.440699
v 0.624005 1.918312 5.299166
v 0.546973 2.048117 4.545798
v 0.693931 0.333686 5.848660
v 0.546971 0.124139 6.008781
v 0.357011 -0.006490 6.108108
v 0.123990 -0.075996 6.160960
v 4.203338 2.313926 4.762746
v 4.679155 2.320900 4.767881
v 4.246802 2.313926 4.762745
v 4.635690 2.318237 4.765920
v 4.203338 2.228216 4.756883
v 4.635690 2.228219 4.756880
v 4.679155 2.228218 4.756881
v 4.246802 2.228220 4.756880
v 4.203339 0.121568 6.510558
v 4.679156 0.121568 6.510558
v 4.635691 0.122378 6.512732
v 4.246804 0.122378 6.512732
v 4.203339 0.112584 6.426432
v 4.679156 0.111619 6.427103
v 4.246804 0.111620 6.427103
v 4.203338 0.165621 6.490689
v 4.679156 0.165621 6.490689
v 4.203338 2.266721 4.827971
v 4.679155 2.266721 4.827970
v 4.246804 0.165621 6.490688
v 4.635690 2.266721 4.827970
v 4.246802 2.266721 4.827971
v 4.635691 0.112584 6.426423
v 4.679156 0.112584 6.426424
v 4.246804 0.112584 6.426431
v 4.226689 1.508770 5.340240
v 4.226689 1.543345 5.383932
v 4.226689 1.581539 5.282652
v 4.226689 1.616115 5.326345
v 4.655803 1.508770 5.340240
v 4.655805 1.543345 5.383931
v 4.655803 1.581539 5.282653
v 4.655803 1.616115 5.326343
v 4.226689 1.951544 4.989848
v 4.226689 1.986119 5.033539
v 4.226689 2.024313 4.932261
v 4.226689 2.058889 4.975953
v 4.655803 1.951544 4.989846
v 4.655803 1.986119 5.033538
v 4.655803 2.024313 4.932261
v 4.655803 2.058889 4.975952
v 4.226689 1.081120 5.678663
v 4.226689 1.115696 5.722354
v 4.226689 1.153890 5.621076
v 4.226689 1.188466 5.664768
v 4.655805 1.081120 5.678662
v 4.655805 1.115696 5.722354
v 4.655805 1.153890 5.621076
v 4.655805 1.188466 5.664767
v 4.226689 0.648301 6.021177
v 4.226688 0.682877 6.064868
v 4.226689 0.721071 5.963590
v 4.226689 0.755647 6.007282
v 4.655805 0.648301 6.021176
v 4.655805 0.682877 6.064868
v 4.655805 0.721071 5.963590
v 4.655805 0.755647 6.007281
v 4.226688 0.266471 6.323340
v 4.226688 0.301046 6.367032
v 4.226688 0.339240 6.265754
v 4.226688 0.373816 6.309445
v 4.655805 0.266471 6.323340
v 4.655805 0.301046 6.367032
v 4.655805 0.339240 6.265753
v 4.655805 0.373816 6.309445
v 4.226689 1.730314 5.164918
v 4.226689 1.764890 5.208610
v 4.226689 1.803084 5.107331
v 4.226689 1.837659 5.151023
v 4.655803 1.730314 5.164917
v 4.655803 1.764890 5.208609
v 4.655803 1.803084 5.107331
v 4.655803 1.837659 5.151022
v 4.226689 1.305284 5.501268
v 4.226689 1.339860 5.544960
v 4.226689 1.378054 5.443682
v 4.226689 1.412630 5.487373
v 4.655805 1.305284 5.501268
v 4.655805 1.339860 5.544960
v 4.655805 1.378054 5.443681
v 4.655805 1.412630 5.487373
v 4.226688 0.461902 6.168684
v 4.226688 0.496478 6.212376
v 4.226688 0.534672 6.111098
v 4.226688 0.569248 6.154789
v 4.655805 0.461902 6.168684
v 4.655805 0.496478 6.212375
v 4.655805 0.534672 6.111097
v 4.655805 0.569248 6.154789
v 4.635691 0.165621 6.490688
v 4.226689 0.863689 5.850727
v 4.226689 0.898265 5.894419
v 4.226689 0.936459 5.793140
v 4.226689 0.971035 5.836832
v 4.655805 0.863689 5.850727
v 4.655805 0.898265 5.894418
v 4.655805 0.936459 5.793140
v 4.655805 0.971035 5.836832
v 5.494752 1.408056 4.021112
v 5.494752 1.877398 4.021112
v 5.494752 1.408056 3.551769
v 5.494752 1.877398 3.551769
v 6.109035 1.449792 3.979376
v 6.109035 1.835662 3.979376
v 6.109035 1.449792 3.593506
v 6.109035 1.835662 3.593506
v 5.494752 1.383914 4.045255
v 5.494752 1.901540 4.045255
v 5.494752 1.383914 3.527628
v 5.494752 1.901540 3.527628
v 5.156842 1.383914 4.045255
v 5.156842 1.901540 4.045255
v 5.156842 1.383914 3.527628
v 5.156842 1.901540 3.527628
v 5.767925 1.516570 4.002553
v 5.767925 1.768884 4.002553
v 5.998483 1.766217 3.986887
v 5.998483 1.519237 3.986887
v 5.754062 1.516570 3.798503
v 5.754062 1.768884 3.798503
v 5.984620 1.766217 3.782838
v 5.984620 1.519237 3.782838
v 5.986935 0.237133 2.600060
v 5.986935 0.706475 2.600060
v 5.986935 0.237133 2.130718
v 5.986935 0.706475 2.130718
v 6.601218 0.278869 2.558324
v 6.601218 0.664739 2.558324
v 6.601218 0.278869 2.172454
v 6.601218 0.664739 2.172454
v 5.986935 0.212991 2.624202
v 5.986935 0.730617 2.624202
v 5.986935 0.212991 2.106576
v 5.986935 0.730617 2.106576
v 5.649024 0.212991 2.624202
v 5.649024 0.730617 2.624202
v 5.649024 0.212991 2.106576
v 5.649024 0.730617 2.106576
v 6.260108 0.345647 2.581500
v 6.260108 0.597961 2.581500
v 6.490665 0.595294 2.565835
v 6.490665 0.348315 2.565835
v 6.246244 0.345647 2.377452
v 6.246244 0.597961 2.377452
v 6.476801 0.595294 2.361787
v 6.476801 0.348315 2.361787
v 4.762998 2.378347 4.401330
v 4.762998 2.666393 4.401330
v 4.762997 2.378347 4.113284
v 4.762997 2.666393 4.113284
v 5.051044 2.378347 4.401330
v 5.051044 2.666393 4.401330
v 5.051043 2.378347 4.113284
v 5.051043 2.666393 4.113284
v 5.487967 2.378347 1.184551
v 5.487967 2.666393 1.184551
v 5.487967 2.378347 0.896505
v 5.487967 2.666393 0.896505
v 5.776012 2.378347 1.184551
v 5.776012 2.666393 1.184551
v 5.776012 2.378347 0.896505
v 5.776012 2.666393 0.896505
v 5.194246 2.378347 -1.373260
v 5.194246 2.666393 -1.373260
v 5.194246 2.378347 -1.661306
v 5.194246 2.666393 -1.661306
v 5.482292 2.378347 -1.373260
v 5.482292 2.666393 -1.373260
v 5.482292 2.378347 -1.661306
v 5.482292 2.666393 -1.661306
v 4.765902 2.378347 -4.371650
v 4.765902 2.666393 -4.371650
v 4.765902 2.378347 -4.659696
v 4.765902 2.666393 -4.659696
v 5.053947 2.378347 -4.371650
v 5.053947 2.666393 -4.371650
v 5.053947 2.378347 -4.659696
v 5.053947 2.666393 -4.659696
v 4.374274 2.378345 -7.296611
v 4.374274 2.666393 -7.296611
v 4.374274 2.378345 -7.584657
v 4.374274 2.666393 -7.584657
v 4.662320 2.378345 -7.296611
v 4.662320 2.666393 -7.296611
v 4.662320 2.378345 -7.584657
v 4.662320 2.666393 -7.584657
v 1.105661 2.378345 -7.813556
v 1.105661 2.666393 -7.813556
v 1.105661 2.378345 -8.101601
v 1.105661 2.666391 -8.101601
v 1.393707 2.378345 -7.813556
v 1.393707 2.666393 -7.813556
v 1.393707 2.378345 -8.101602
v 1.393707 2.666391 -8.101602
v 1.470886 2.378347 4.401332
v 1.470886 2.666393 4.401332
v 1.470886 2.378347 4.113286
v 1.470886 2.666393 4.113286
v 1.758932 2.378347 4.401332
v 1.758932 2.666393 4.401332
v 1.758932 2.378347 4.113286
v 1.758932 2.666393 4.113286
v 5.584924 2.585448 1.057415
v 4.894762 2.585448 4.227129
v 1.567119 2.585448 4.201781
v 4.811098 2.585448 4.201779
v 1.567119 2.532638 4.240150
v 4.811098 2.532637 4.240149
v 1.567119 2.552809 4.302232
v 4.811099 2.552809 4.302231
v 1.567119 2.618087 4.302232
v 4.811099 2.618087 4.302231
v 1.567119 2.638258 4.240150
v 4.811098 2.638258 4.240149
v 4.932253 2.532638 4.235291
v 5.622414 2.532638 1.065578
v 4.992914 2.552810 4.248499
v 5.683075 2.552809 1.078786
v 4.992914 2.618087 4.248499
v 5.683075 2.618087 1.078786
v 4.932253 2.638259 4.235291
v 5.622414 2.638259 1.065578
v 4.478770 2.585448 -7.311554
v 5.570659 2.585448 1.066327
v 5.608810 2.532638 1.062242
v 4.516921 2.532638 -7.315639
v 5.670540 2.552810 1.055633
v 4.578650 2.552809 -7.322248
v 5.670540 2.618087 1.055633
v 4.578650 2.618087 -7.322248
v 5.608810 2.638259 1.062242
v 4.516921 2.638258 -7.315639
v 4.492332 2.585448 -7.490331
v 1.283378 2.585446 -7.965737
v 1.277755 2.532636 -7.927782
v 4.486710 2.532638 -7.452376
v 1.268657 2.552809 -7.866370
v 4.477612 2.552809 -7.390965
v 1.268657 2.618087 -7.866370
v 4.477612 2.618087 -7.390965
v 1.277755 2.638257 -7.927782
v 4.486710 2.638258 -7.452376
v 1.416521 2.653500 0.583331
v 1.516568 2.775770 0.565853
v 1.618758 2.803201 0.559795
v 1.720949 2.775770 0.553757
v 1.729859 2.783969 0.553226
v 1.823143 2.598462 0.547774
v 1.795764 2.496092 0.549431
v 1.720957 2.421153 0.553887
v 1.618767 2.393723 0.559945
v 1.504374 2.410011 0.565129
v 1.548691 2.653662 1.018672
v 1.631266 2.775918 0.959512
v 1.720711 2.803331 0.909714
v 1.821526 2.787024 0.855411
v 1.899610 2.598560 0.810213
v 1.875644 2.496195 0.823591
v 1.810168 2.421267 0.860066
v 1.720720 2.393854 0.909864
v 1.619909 2.410159 0.964167
v 1.852735 2.659345 1.347257
v 1.905405 2.776036 1.264421
v 1.964391 2.803436 1.180744
v 2.023379 2.775977 1.097086
v 2.031657 2.787114 1.088078
v 2.082370 2.598638 1.013484
v 2.066565 2.496277 1.035941
v 2.023386 2.421359 1.097217
v 1.964400 2.393959 1.180894
v 1.905412 2.421418 1.264550
v 1.862234 2.496379 1.325771
v 2.266561 2.642951 1.521639
v 2.284695 2.776101 1.420187
v 2.301537 2.803494 1.319202
v 2.318380 2.776028 1.218237
v 2.330714 2.701061 1.144348
v 2.335226 2.598681 1.117329
v 2.330718 2.496322 1.144422
v 2.318385 2.421411 1.218368
v 2.301547 2.394017 1.319353
v 2.284703 2.421483 1.420317
v 2.272373 2.496449 1.494208
v 4.229144 2.598829 1.405143
v 4.200502 2.776101 1.306797
v 4.171867 2.803494 1.208504
v 4.143229 2.776028 1.110231
v 4.122272 2.701061 1.038312
v 4.114594 2.598681 1.012015
v 4.171875 2.394017 1.208655
v 4.200511 2.421483 1.306927
v 4.631020 2.550151 1.178614
v 4.565704 2.787181 1.117445
v 4.558767 2.776036 1.107376
v 4.490322 2.803436 1.031242
v 4.415912 2.784171 0.948486
v 4.353442 2.598638 0.879068
v 4.371781 2.496277 0.899503
v 4.421886 2.421359 0.955258
v 4.490331 2.393959 1.031392
v 4.558774 2.421418 1.107507
v 4.889379 2.653760 0.809076
v 4.795030 2.775918 0.772259
v 4.700334 2.803331 0.733360
v 4.605641 2.775885 0.694481
v 4.498328 2.602959 0.643845
v 4.536324 2.496195 0.666115
v 4.605649 2.421267 0.694611
v 4.700343 2.393854 0.733511
v 4.805656 2.410161 0.778462
v 4.962545 2.543427 0.350472
v 4.874692 2.786912 0.368673
v 4.862491 2.775770 0.367820
v 4.760299 2.803201 0.373858
v 4.649199 2.783968 0.380440
v 4.555922 2.598462 0.386030
v 4.583306 2.496092 0.384447
v 4.658116 2.421153 0.380047
v 4.760308 2.393723 0.374009
v 4.862498 2.421153 0.367950
v 4.831179 2.537711 -0.077490
v 4.813271 2.700672 -0.062258
v 4.747792 2.775624 -0.025838
v 4.658346 2.803070 0.023940
v 4.568901 2.775657 0.073738
v 4.503422 2.700728 0.110213
v 4.479460 2.598363 0.123591
v 4.503426 2.495990 0.110288
v 4.568909 2.421038 0.073868
v 4.658355 2.393592 0.024090
v 4.747800 2.421006 -0.025708
v 4.537006 2.549564 -0.409844
v 4.479350 2.786644 -0.341572
v 4.414662 2.802965 -0.247089
v 4.350532 2.783766 -0.156122
v 4.296696 2.598285 -0.079681
v 4.312501 2.495908 -0.102062
v 4.355683 2.420947 -0.163282
v 4.414671 2.393488 -0.246939
v 4.473657 2.420888 -0.330617
v 4.111210 2.598094 -0.587423
v 4.106696 2.700475 -0.560404
v 4.094361 2.775440 -0.486514
v 4.077520 2.802907 -0.385549
v 4.060678 2.775513 -0.284564
v 4.048350 2.700601 -0.210619
v 4.043834 2.598242 -0.183525
v 4.048355 2.495862 -0.210544
v 4.060685 2.420896 -0.284434
v 4.077529 2.393429 -0.385399
v 4.094371 2.420822 -0.486383
v 4.106699 2.495735 -0.560330
v 2.157596 2.700474 -0.445045
v 2.256794 2.700602 -0.104584
v 2.264467 2.598242 -0.078211
v 2.256799 2.495862 -0.104508
v 2.207200 2.393429 -0.274701
v 2.157601 2.495735 -0.444969
v 1.758223 2.537578 -0.249619
v 1.770189 2.700544 -0.229403
v 1.820287 2.775505 -0.173703
v 1.888731 2.802965 -0.097588
v 1.957176 2.775565 -0.021454
v 2.007281 2.700647 0.034301
v 2.025625 2.598285 0.054735
v 2.007286 2.495908 0.034376
v 1.957184 2.420947 -0.021324
v 1.888740 2.393487 -0.097438
v 1.820295 2.420888 -0.173573
v 1.495061 2.543262 0.112536
v 1.572209 2.786764 0.158261
v 1.678727 2.803070 0.200293
v 1.773421 2.775656 0.239193
v 1.785239 2.786798 0.242337
v 1.868119 2.598363 0.278147
v 1.842746 2.495990 0.267764
v 1.773429 2.421039 0.239323
v 1.678736 2.393592 0.200443
v 1.584037 2.421006 0.161544
v 4.048355 2.495862 -0.210544
v 4.043834 2.598242 -0.183525
v 4.143239 2.421411 1.110362
v 4.143239 2.421411 1.110362
v 4.143229 2.776028 1.110231
v 2.301547 2.394017 1.319353
v 4.171875 2.394017 1.208655
v 4.221469 2.701188 1.378771
v 2.284695 2.776101 1.420187
v 2.335226 2.598681 1.117329
v 4.114594 2.598681 1.012015
v 2.284703 2.421483 1.420317
v 4.200510 2.421483 1.306927
v 2.301536 2.803494 1.319202
v 4.171867 2.803494 1.208504
v 2.330718 2.496322 1.144422
v 4.122274 2.496322 1.038386
v 4.221473 2.496449 1.378847
v 4.077520 2.802907 -0.385549
v 2.207190 2.802907 -0.274851
v 2.178562 2.420822 -0.372993
v 2.149921 2.598095 -0.471342
v 4.060678 2.775513 -0.284564
v 2.235828 2.775513 -0.176558
v 4.077530 2.393429 -0.385399
v 2.207199 2.393429 -0.274701
v 2.235837 2.420896 -0.176428
v 4.094361 2.775440 -0.486514
v 2.178556 2.775440 -0.373124
v 2.178556 2.775440 -0.373124
v 1.262695 2.642962 -1.976402
v 1.365737 2.775770 -1.982550
v 1.467927 2.803201 -1.988608
v 1.570118 2.775770 -1.994647
v 1.582319 2.786912 -1.993794
v 1.672312 2.598462 -2.000630
v 1.644934 2.496092 -1.998972
v 1.570126 2.421153 -1.994516
v 1.467936 2.393723 -1.988458
v 1.356835 2.412954 -1.981889
v 1.395501 2.539148 -1.533765
v 1.469069 2.787061 -1.584374
v 1.480435 2.775918 -1.588892
v 1.569880 2.803331 -1.638690
v 1.659330 2.775885 -1.688468
v 1.759211 2.601812 -1.743999
v 1.748780 2.598560 -1.738190
v 1.724813 2.496195 -1.724813
v 1.659338 2.421267 -1.688338
v 1.569889 2.393854 -1.638539
v 1.480443 2.421300 -1.588762
v 1.701907 2.538167 -1.201102
v 1.746022 2.789672 -1.271859
v 1.754574 2.776036 -1.283983
v 1.813560 2.803436 -1.367660
v 1.872548 2.775977 -1.451317
v 1.880826 2.787114 -1.460325
v 1.931539 2.598638 -1.534919
v 1.915734 2.496277 -1.512462
v 1.872555 2.421359 -1.451186
v 1.813569 2.393959 -1.367510
v 1.754581 2.421418 -1.283853
v 2.114902 2.650934 -1.028344
v 2.133866 2.776101 -1.128217
v 2.150707 2.803494 -1.229201
v 2.167550 2.776028 -1.330166
v 2.179884 2.701061 -1.404055
v 2.184397 2.598681 -1.431074
v 2.179888 2.496322 -1.403981
v 2.167557 2.421411 -1.330035
v 2.150714 2.394017 -1.229051
v 2.133873 2.421483 -1.128086
v 2.121543 2.496449 -1.054196
v 4.078313 2.598830 -1.143260
v 4.049673 2.776101 -1.241607
v 3.992399 2.776028 -1.438172
v 3.963763 2.598681 -1.536389
v 4.021044 2.394017 -1.339749
v 4.049679 2.421483 -1.241477
v 4.480189 2.647357 -1.369825
v 4.407936 2.776036 -1.441027
v 4.339491 2.803436 -1.517161
v 4.265081 2.784172 -1.599918
v 4.202611 2.598638 -1.669336
v 4.220950 2.496277 -1.648901
v 4.271055 2.421359 -1.593146
v 4.339500 2.393959 -1.517012
v 4.414882 2.410281 -1.430820
v 4.733104 2.538037 -1.734514
v 4.657926 2.789552 -1.770511
v 4.644199 2.775918 -1.776145
v 4.549503 2.803331 -1.815044
v 4.454810 2.775885 -1.853923
v 4.444189 2.787024 -1.859993
v 4.360115 2.598560 -1.892747
v 4.385493 2.496195 -1.882289
v 4.454817 2.421267 -1.853792
v 4.549512 2.393854 -1.814893
v 4.644207 2.421299 -1.776014
v 4.815111 2.649459 -2.181920
v 4.711660 2.775770 -2.180584
v 4.609468 2.803201 -2.174546
v 4.507278 2.775770 -2.168487
v 4.432471 2.700831 -2.164032
v 4.405091 2.598462 -2.162374
v 4.432475 2.496092 -2.163957
v 4.507286 2.421153 -2.168357
v 4.609477 2.393723 -2.174395
v 4.711668 2.421153 -2.180454
v 4.720579 2.412954 -2.180980
v 4.680347 2.537708 -2.625893
v 4.662440 2.700672 -2.610662
v 4.596961 2.775624 -2.574242
v 4.507515 2.803070 -2.524463
v 4.408239 2.786801 -2.467391
v 4.328629 2.598363 -2.424812
v 4.352595 2.495990 -2.438115
v 4.418078 2.421038 -2.474535
v 4.507524 2.393592 -2.524314
v 4.596969 2.421006 -2.574112
v 4.382301 2.642664 -2.963469
v 4.322819 2.775506 -2.879150
v 4.263830 2.802965 -2.795493
v 4.199701 2.783765 -2.704525
v 4.145865 2.598285 -2.628084
v 4.161670 2.495908 -2.650466
v 4.204852 2.420947 -2.711686
v 4.263840 2.393488 -2.795342
v 4.327970 2.412687 -2.886312
v 3.960543 2.655564 -3.133368
v 3.943529 2.775440 -3.034917
v 3.926690 2.802907 -2.933953
v 3.909845 2.775513 -2.832968
v 3.897519 2.700601 -2.759023
v 3.893003 2.598242 -2.731929
v 3.897524 2.495862 -2.758947
v 3.909854 2.420896 -2.832837
v 3.926697 2.393429 -2.933802
v 3.943538 2.420822 -3.034786
v 3.955869 2.495735 -3.108733
v 1.999089 2.598094 -3.019745
v 2.006764 2.700474 -2.993448
v 2.105961 2.700602 -2.652987
v 2.113636 2.598242 -2.626615
v 2.105968 2.495862 -2.652911
v 2.006771 2.495735 -2.993374
v 1.607392 2.537577 -2.798022
v 1.619358 2.700544 -2.777807
v 1.669456 2.775505 -2.722107
v 1.737900 2.802965 -2.645991
v 1.806345 2.775565 -2.569858
v 1.856450 2.700647 -2.514103
v 1.874794 2.598285 -2.493668
v 1.856455 2.495908 -2.514028
v 1.806353 2.420947 -2.569727
v 1.737909 2.393487 -2.645841
v 1.669464 2.420888 -2.721977
v 1.342363 2.657777 -2.431583
v 1.433198 2.775623 -2.386990
v 1.527896 2.803070 -2.348110
v 1.622590 2.775656 -2.309211
v 1.630845 2.783855 -2.305824
v 1.717288 2.598363 -2.270256
v 1.691916 2.495990 -2.280640
v 1.622598 2.421039 -2.309081
v 1.527905 2.393592 -2.347961
v 1.421387 2.409863 -2.390005
v 3.897525 2.495862 -2.758947
v 3.893002 2.598242 -2.731929
v 3.992409 2.421411 -1.438042
v 3.992409 2.421411 -1.438042
v 3.992399 2.776028 -1.438172
v 2.150715 2.394017 -1.229051
v 4.021044 2.394017 -1.339749
v 3.971439 2.701061 -1.510092
v 4.070638 2.701188 -1.169632
v 2.133866 2.776101 -1.128217
v 4.049672 2.776101 -1.241607
v 2.184396 2.598681 -1.431074
v 3.963763 2.598681 -1.536389
v 2.133872 2.421483 -1.128086
v 4.049679 2.421483 -1.241477
v 2.150706 2.803494 -1.229201
v 4.021035 2.803494 -1.339899
v 4.021034 2.803494 -1.339899
v 2.179888 2.496322 -1.403981
v 3.971445 2.496322 -1.510017
v 4.070642 2.496449 -1.169557
v 3.926690 2.802907 -2.933953
v 2.056360 2.802907 -2.823255
v 2.056360 2.802907 -2.823255
v 2.027731 2.420822 -2.921396
v 2.027731 2.420821 -2.921396
v 3.909845 2.775513 -2.832968
v 2.084996 2.775512 -2.724961
v 3.926697 2.393429 -2.933802
v 2.056369 2.393429 -2.823105
v 2.085004 2.420896 -2.724831
v 3.943529 2.775440 -3.034917
v 2.027724 2.775440 -2.921527
v 1.101606 2.543321 -4.731665
v 1.190760 2.786912 -4.733620
v 1.202775 2.775770 -4.735907
v 1.304966 2.803200 -4.741965
v 1.407156 2.775769 -4.748003
v 1.416066 2.783967 -4.748534
v 1.509351 2.598462 -4.753986
v 1.481972 2.496092 -4.752328
v 1.407164 2.421153 -4.747873
v 1.304974 2.393723 -4.741815
v 1.202783 2.421153 -4.735777
v 1.234898 2.653661 -4.283086
v 1.317473 2.775918 -4.342248
v 1.406919 2.803331 -4.392045
v 1.507733 2.787024 -4.446349
v 1.585818 2.598560 -4.491547
v 1.561851 2.496195 -4.478168
v 1.496376 2.421267 -4.441694
v 1.406928 2.393854 -4.391895
v 1.306116 2.410159 -4.337594
v 1.538942 2.659344 -3.954504
v 1.591612 2.776036 -4.037339
v 1.650599 2.803436 -4.121017
v 1.709586 2.775977 -4.204673
v 1.752768 2.701015 -4.265894
v 1.768577 2.598638 -4.288275
v 1.752772 2.496277 -4.265819
v 1.709594 2.421359 -4.204543
v 1.650607 2.393959 -4.120866
v 1.583069 2.407790 -4.025075
v 1.952772 2.554707 -3.780087
v 1.958577 2.701187 -3.807627
v 1.970903 2.776101 -3.881573
v 1.987747 2.803494 -3.982557
v 2.004590 2.776028 -4.083521
v 2.016922 2.701061 -4.157413
v 2.021435 2.598681 -4.184431
v 2.016926 2.496322 -4.157338
v 2.004595 2.421410 -4.083391
v 1.987753 2.394017 -3.982406
v 1.970911 2.421483 -3.881443
v 3.921840 2.647550 -3.897379
v 3.886710 2.776101 -3.994963
v 3.829440 2.776028 -4.191530
v 3.800806 2.598681 -4.289747
v 3.858083 2.394017 -4.093105
v 3.886720 2.421483 -3.994833
v 4.320988 2.653782 -4.126986
v 4.244975 2.776036 -4.194383
v 4.176530 2.803436 -4.270518
v 4.102118 2.784172 -4.353274
v 4.039649 2.598638 -4.422693
v 4.057988 2.496277 -4.402256
v 4.108094 2.421359 -4.346502
v 4.176538 2.393959 -4.270369
v 4.251920 2.410281 -4.184176
v 4.578943 2.653652 -4.501753
v 4.481236 2.775918 -4.529501
v 4.386542 2.803331 -4.568401
v 4.291849 2.775885 -4.607280
v 4.222527 2.700933 -4.635721
v 4.197154 2.598560 -4.646104
v 4.222530 2.496195 -4.635646
v 4.291856 2.421267 -4.607150
v 4.386550 2.393854 -4.568250
v 4.491864 2.410160 -4.523301
v 4.649376 2.647066 -4.946017
v 4.548699 2.775769 -4.933941
v 4.446507 2.803200 -4.927903
v 4.344317 2.775769 -4.921844
v 4.230212 2.601715 -4.915025
v 4.269513 2.496092 -4.917314
v 4.344325 2.421153 -4.921714
v 4.446516 2.393723 -4.927752
v 4.548707 2.421153 -4.933811
v 4.560909 2.410012 -4.932951
v 4.521910 2.658889 -5.371164
v 4.433999 2.775624 -5.327599
v 4.344554 2.803070 -5.277820
v 4.245278 2.786799 -5.220749
v 4.165668 2.598361 -5.178169
v 4.189633 2.495990 -5.191472
v 4.255117 2.421036 -5.227891
v 4.344563 2.393590 -5.277670
v 4.434008 2.421005 -5.327469
v 4.499484 2.495934 -5.363944
v 4.223282 2.547175 -5.714165
v 4.164998 2.783702 -5.639804
v 4.100869 2.802963 -5.548850
v 4.036739 2.783764 -5.457882
v 3.982903 2.598284 -5.381441
v 3.998708 2.495908 -5.403823
v 4.041890 2.420947 -5.465042
v 4.100877 2.393486 -5.548699
v 4.159864 2.420887 -5.632377
v 3.797020 2.654658 -5.887260
v 3.780570 2.775440 -5.788274
v 3.763726 2.802907 -5.687311
v 3.746885 2.775512 -5.586325
v 3.734558 2.700601 -5.512380
v 3.730042 2.598241 -5.485286
v 3.734562 2.495862 -5.512304
v 3.746894 2.420896 -5.586194
v 3.763736 2.393429 -5.687160
v 3.780578 2.420820 -5.788144
v 3.792907 2.495733 -5.862091
v 1.950674 2.598242 -5.379971
v 1.943007 2.495862 -5.406268
v 1.922041 2.420896 -5.478187
v 1.893406 2.393429 -5.576460
v 1.444430 2.537577 -5.551378
v 1.496572 2.789133 -5.486504
v 1.574938 2.802963 -5.399347
v 1.643384 2.775563 -5.323214
v 1.693489 2.700647 -5.267459
v 1.711832 2.598284 -5.247024
v 1.693493 2.495908 -5.267385
v 1.643391 2.420947 -5.323084
v 1.574947 2.393486 -5.399198
v 1.506502 2.420887 -5.475333
v 1.179401 2.657774 -5.184939
v 1.270237 2.775623 -5.140347
v 1.364934 2.803070 -5.101467
v 1.459629 2.775656 -5.062567
v 1.471447 2.786797 -5.059423
v 1.554327 2.598361 -5.023613
v 1.528954 2.495990 -5.033996
v 1.459636 2.421039 -5.062437
v 1.364943 2.393590 -5.101316
v 1.258426 2.409861 -5.143361
v 3.734562 2.495862 -5.512304
v 3.730042 2.598242 -5.485286
v 3.829447 2.421411 -4.191398
v 3.829447 2.421411 -4.191398
v 1.987753 2.394017 -3.982406
v 3.858083 2.394017 -4.093105
v 3.808481 2.701061 -4.263450
v 1.970903 2.776101 -3.881573
v 3.886710 2.776101 -3.994963
v 2.021437 2.598681 -4.184430
v 3.800804 2.598681 -4.289746
v 1.970911 2.421483 -3.881442
v 3.886720 2.421483 -3.994833
v 1.987746 2.803494 -3.982557
v 3.858073 2.803494 -4.093256
v 3.858073 2.803494 -4.093256
v 2.016927 2.496322 -4.157338
v 3.808482 2.496321 -4.263374
v 3.907680 2.496449 -3.922913
v 3.763726 2.802907 -5.687311
v 1.893398 2.802907 -5.576611
v 1.864771 2.420820 -5.674753
v 1.864771 2.420820 -5.674753
v 1.834266 2.558147 -5.773751
v 3.746885 2.775512 -5.586326
v 1.922034 2.775512 -5.478318
v 3.763736 2.393429 -5.687160
v 1.843803 2.700473 -5.746804
v 1.942999 2.700600 -5.406342
v 3.780570 2.775440 -5.788274
v 1.864763 2.775440 -5.674883
v 5.218558 2.663069 -4.805241
v 5.477579 2.619241 -4.825818
v 5.468625 2.605340 -4.826402
v 5.513367 2.509398 -4.831404
v 5.504441 2.403798 -4.830398
v 5.517287 2.393819 -4.833422
v 5.348891 2.271819 -4.812979
v 5.243948 2.280800 -4.801232
v 5.157527 2.341377 -4.791564
v 5.112785 2.437320 -4.786561
v 5.121711 2.542922 -4.787569
v 5.400423 2.578617 -4.362051
v 5.529052 2.515553 -4.430916
v 5.567079 2.429586 -4.479861
v 5.560435 2.327488 -4.527702
v 5.389176 2.211957 -4.549322
v 5.286032 2.218268 -4.525801
v 5.204525 2.271542 -4.483963
v 5.166499 2.357511 -4.435019
v 5.169633 2.462604 -4.386817
v 5.494041 2.299953 -4.024375
v 5.609433 2.263919 -4.117323
v 5.638529 2.205912 -4.201112
v 5.613958 2.138247 -4.278893
v 5.542302 2.079059 -4.329823
v 5.442763 2.044202 -4.340259
v 5.342010 2.043022 -4.307402
v 5.267044 2.075829 -4.240057
v 5.237947 2.133837 -4.156269
v 5.248856 2.208210 -4.065283
v 5.566351 1.900322 -3.832258
v 5.693847 1.900275 -3.947732
v 5.713565 1.882669 -4.050364
v 5.679614 1.855414 -4.146988
v 5.601094 1.825797 -4.211713
v 5.499038 1.801776 -4.227200
v 5.400801 1.789765 -4.189293
v 5.332699 1.792996 -4.108152
v 5.312982 1.810599 -4.005521
v 5.346931 1.837854 -3.908897
v 5.425454 1.867462 -3.844172
v 5.937326 -0.029641 -3.880315
v 6.029569 0.011079 -3.985187
v 6.041317 0.038321 -4.086929
v 5.999397 0.055912 -4.182666
v 5.810851 0.047126 -4.261986
v 5.640735 -0.033751 -4.042088
v 5.682655 -0.051339 -3.946352
v 5.877655 -0.454979 -4.065960
v 6.084174 -0.356621 -4.163270
v 6.074404 -0.352586 -4.169198
v 6.081169 -0.284933 -4.250495
v 6.040537 -0.220017 -4.333510
v 5.840742 -0.195324 -4.384659
v 5.745973 -0.230174 -4.352470
v 5.687352 -0.289355 -4.286949
v 5.680587 -0.357008 -4.205653
v 5.727489 -0.415005 -4.130363
v 5.871026 -0.731082 -4.421970
v 6.025580 -0.683915 -4.453567
v 6.083465 -0.604265 -4.492771
v 6.089224 -0.508648 -4.538114
v 6.041316 -0.422689 -4.577452
v 6.049680 -0.410644 -4.585114
v 5.846782 -0.363106 -4.600374
v 5.752285 -0.405453 -4.577818
v 5.694401 -0.485107 -4.538616
v 5.688642 -0.580724 -4.493271
v 5.736551 -0.666684 -4.453935
v 5.846593 -0.834330 -4.856921
v 6.067804 -0.704086 -4.894842
v 6.054958 -0.694106 -4.891817
v 6.063886 -0.588506 -4.892823
v 6.019145 -0.492563 -4.887822
v 5.932722 -0.431984 -4.878153
v 5.827778 -0.423001 -4.866406
v 5.732432 -0.468021 -4.855731
v 5.672229 -0.554982 -4.848986
v 5.663304 -0.660581 -4.847980
v 5.708045 -0.756525 -4.852982
v 5.890247 -0.709809 -5.322638
v 5.994532 -0.604316 -5.287302
v 6.010173 -0.508694 -5.244366
v 5.981997 -0.410683 -5.189799
v 5.787494 -0.363145 -5.130063
v 5.690348 -0.405489 -5.131163
v 5.625231 -0.485148 -5.156586
v 5.609591 -0.580769 -5.199523
v 5.647617 -0.666735 -5.248468
v 5.729123 -0.720009 -5.290306
v 5.786503 -0.439419 -5.667813
v 5.914152 -0.352680 -5.600897
v 5.938723 -0.285015 -5.523116
v 5.917449 -0.220087 -5.433182
v 5.733907 -0.195385 -5.339125
v 5.634367 -0.230238 -5.349561
v 5.562712 -0.289426 -5.400492
v 5.538142 -0.357091 -5.478274
v 5.559414 -0.422022 -5.568207
v 5.649164 -0.042678 -5.850698
v 5.751217 -0.018649 -5.835215
v 5.829738 0.010961 -5.770487
v 5.863689 0.038219 -5.673863
v 5.843972 0.055821 -5.571230
v 5.775870 0.059052 -5.490093
v 5.677631 0.047046 -5.452187
v 5.575580 0.023012 -5.467671
v 5.497059 -0.006598 -5.532396
v 5.463107 -0.033857 -5.629021
v 5.482823 -0.051455 -5.731652
v 5.550927 -0.054690 -5.812792
v 5.363272 1.905683 -5.815472
v 5.524188 1.855321 -5.535555
v 5.365817 1.801698 -5.417399
v 5.261631 1.789683 -5.432645
v 5.135353 1.810493 -5.592454
v 5.316097 2.299850 -5.614162
v 5.449180 2.263824 -5.549022
v 5.496084 2.205827 -5.473731
v 5.489318 2.138175 -5.392435
v 5.430696 2.078994 -5.326914
v 5.335928 2.044140 -5.294726
v 5.230405 2.042957 -5.304493
v 5.142404 2.075756 -5.353602
v 5.095500 2.133754 -5.428891
v 5.102267 2.201406 -5.510188
v 5.086022 2.208112 -5.520047
v 5.191771 2.559185 -5.252126
v 5.448560 2.528892 -5.230261
v 5.488029 2.429536 -5.186113
v 5.482269 2.333920 -5.140769
v 5.495626 2.324450 -5.138398
v 5.329887 2.211921 -5.079010
v 5.224096 2.218230 -5.079144
v 5.135356 2.271502 -5.101933
v 5.087448 2.357460 -5.141271
v 5.093206 2.453082 -5.186615
v 5.575580 0.023013 -5.467671
v 5.677631 0.047044 -5.452187
v 5.652483 -0.006508 -4.143830
v 5.652483 -0.006507 -4.143829
v 5.999396 0.055912 -4.182665
v 5.312983 1.810597 -4.005520
v 5.640735 -0.033751 -4.042088
v 5.915041 0.059132 -4.246739
v 5.693847 1.900276 -3.947733
v 6.029569 0.011080 -3.985186
v 5.499037 1.801777 -4.227199
v 5.810852 0.047121 -4.261986
v 5.346931 1.837855 -3.908897
v 5.682655 -0.051340 -3.946352
v 5.713565 1.882671 -4.050364
v 6.041317 0.038320 -4.086930
v 5.400801 1.789766 -4.189293
v 5.714749 0.023092 -4.224319
v 5.767011 -0.054562 -3.882277
v 5.863689 0.038220 -5.673863
v 5.535936 1.882565 -5.637299
v 5.147101 1.837737 -5.694198
v 5.147100 1.837737 -5.694198
v 5.843973 0.055822 -5.571230
v 5.524189 1.855320 -5.535555
v 5.463108 -0.033856 -5.629021
v 5.135353 1.810493 -5.592454
v 5.461921 1.825722 -5.455065
v 5.177274 1.792905 -5.496719
v 5.829740 0.010961 -5.770488
v 5.494017 1.900159 -5.733033
v 5.494017 1.900158 -5.733033
v 5.209370 1.867338 -5.774686
v 5.503713 2.682324 -2.742007
v 5.646640 2.605341 -2.764191
v 5.691382 2.509398 -2.769193
v 5.682454 2.403798 -2.768187
v 5.532178 2.260638 -2.751357
v 5.526906 2.271819 -2.750768
v 5.421961 2.280800 -2.739022
v 5.335541 2.341379 -2.729353
v 5.290799 2.437322 -2.724350
v 5.286529 2.552900 -2.725468
v 5.470764 2.559244 -2.287787
v 5.716362 2.528946 -2.365881
v 5.707067 2.515553 -2.368705
v 5.745094 2.429586 -2.417649
v 5.738451 2.327488 -2.465491
v 5.567192 2.211957 -2.487110
v 5.464046 2.218268 -2.463590
v 5.382540 2.271542 -2.421752
v 5.344513 2.357511 -2.372808
v 5.360153 2.453133 -2.329872
v 5.672056 2.299954 -1.962164
v 5.787447 2.263919 -2.055111
v 5.816544 2.205912 -2.138900
v 5.791973 2.138247 -2.216681
v 5.720317 2.079059 -2.267612
v 5.620777 2.044202 -2.278048
v 5.520026 2.043022 -2.245191
v 5.445058 2.075829 -2.177846
v 5.415961 2.133837 -2.094057
v 5.440533 2.201500 -2.016277
v 5.512189 2.260685 -1.965345
v 5.640329 1.884814 -1.763928
v 5.803761 1.903502 -1.804383
v 5.871861 1.900274 -1.885521
v 5.891579 1.882671 -1.988153
v 5.857627 1.855413 -2.084778
v 5.779106 1.825801 -2.149503
v 5.677053 1.801775 -2.164988
v 5.578815 1.789764 -2.127082
v 5.510713 1.792994 -2.045942
v 5.490997 1.810597 -1.943310
v 5.524947 1.837854 -1.846686
v 6.092855 -0.038767 -1.809392
v 6.207583 0.011079 -1.922976
v 6.177411 0.055911 -2.120454
v 6.093055 0.059131 -2.184529
v 5.988865 0.047125 -2.199774
v 5.818750 -0.033752 -1.979876
v 5.860670 -0.051340 -1.884141
v 5.945026 -0.054562 -1.820066
v 6.142726 -0.439316 -2.013494
v 6.252418 -0.352586 -2.106986
v 6.259183 -0.284933 -2.188283
v 6.218552 -0.220016 -2.271297
v 6.018756 -0.195324 -2.322448
v 5.923988 -0.230174 -2.290259
v 5.865366 -0.289355 -2.224738
v 5.858601 -0.357008 -2.143441
v 5.899234 -0.421926 -2.060429
v 6.049041 -0.731080 -2.359757
v 6.203596 -0.683915 -2.391356
v 6.261480 -0.604265 -2.430559
v 6.267239 -0.508648 -2.475903
v 6.219330 -0.422689 -2.515240
v 6.227695 -0.410644 -2.522902
v 6.024797 -0.363106 -2.538163
v 5.930300 -0.405453 -2.515608
v 5.872416 -0.485107 -2.476405
v 5.866657 -0.580724 -2.431061
v 5.914565 -0.666684 -2.391724
v 6.019750 -0.835192 -2.798907
v 6.245820 -0.704085 -2.832630
v 6.232974 -0.694106 -2.829606
v 6.241899 -0.588506 -2.830612
v 6.197158 -0.492563 -2.825610
v 6.007956 -0.406319 -2.798271
v 5.910445 -0.468021 -2.793520
v 5.850244 -0.554982 -2.786775
v 5.841317 -0.660581 -2.785769
v 5.886059 -0.756525 -2.790771
v 6.073232 -0.710771 -3.256630
v 6.172546 -0.604316 -3.225092
v 6.188188 -0.508694 -3.182154
v 6.160011 -0.410683 -3.127588
v 5.965508 -0.363145 -3.067852
v 5.868362 -0.405489 -3.068951
v 5.803244 -0.485148 -3.094375
v 5.787604 -0.580769 -3.137312
v 5.825632 -0.666735 -3.186257
v 5.907138 -0.720009 -3.228095
v 5.877460 -0.455083 -3.595856
v 6.100382 -0.356715 -3.546627
v 6.116736 -0.285015 -3.460905
v 6.095464 -0.220087 -3.370970
v 5.911922 -0.195385 -3.276914
v 5.812382 -0.230238 -3.287350
v 5.740725 -0.289426 -3.338281
v 5.716155 -0.357091 -3.416062
v 5.745252 -0.415099 -3.499851
v 5.765576 -0.053792 -3.777035
v 5.929230 -0.018651 -3.773003
v 6.007751 0.010963 -3.708277
v 6.041703 0.038220 -3.611652
v 6.021986 0.055820 -3.509020
v 5.953886 0.059048 -3.427881
v 5.855646 0.047045 -3.389975
v 5.753593 0.023012 -3.405459
v 5.675071 -0.006596 -3.470185
v 5.641121 -0.033855 -3.566810
v 5.660839 -0.051456 -3.669441
v 5.518737 1.900292 -3.755064
v 5.639935 1.825720 -3.392856
v 5.543832 1.801698 -3.355187
v 5.439644 1.789683 -3.370434
v 5.313367 1.810495 -3.530244
v 5.494112 2.299850 -3.551951
v 5.627193 2.263826 -3.486811
v 5.674097 2.205829 -3.411520
v 5.667333 2.138175 -3.330225
v 5.608711 2.078994 -3.264703
v 5.513943 2.044140 -3.232514
v 5.408420 2.042957 -3.242282
v 5.320417 2.075756 -3.291390
v 5.273515 2.133754 -3.366679
v 5.280280 2.201407 -3.447976
v 5.338901 2.260584 -3.513498
v 5.365532 2.560484 -3.185205
v 5.626575 2.528892 -3.168051
v 5.666043 2.429536 -3.123901
v 5.660284 2.333921 -3.078557
v 5.670141 2.327449 -3.075764
v 5.507903 2.211923 -3.016799
v 5.402109 2.218232 -3.016934
v 5.313370 2.271502 -3.039723
v 5.265460 2.357461 -3.079060
v 5.271219 2.453082 -3.124404
v 5.753593 0.023014 -3.405459
v 5.855647 0.047043 -3.389975
v 5.830498 -0.006507 -2.081618
v 5.830497 -0.006506 -2.081618
v 6.177411 0.055911 -2.120454
v 5.490996 1.810598 -1.943310
v 5.818750 -0.033753 -1.979877
v 5.871861 1.900274 -1.885521
v 6.207583 0.011081 -1.922976
v 5.677053 1.801775 -2.164989
v 5.524946 1.837855 -1.846686
v 5.860670 -0.051341 -1.884141
v 5.891579 1.882672 -1.988153
v 6.219331 0.038323 -2.024718
v 6.219331 0.038323 -2.024718
v 5.578815 1.789763 -2.127082
v 5.892764 0.023092 -2.162107
v 6.041704 0.038219 -3.611652
v 5.713950 1.882567 -3.575087
v 5.325115 1.837737 -3.631987
v 5.325115 1.837737 -3.631987
v 6.021986 0.055820 -3.509020
v 5.702201 1.855323 -3.473343
v 5.641120 -0.033856 -3.566809
v 5.313368 1.810494 -3.530244
v 5.355289 1.792903 -3.434509
v 6.007752 0.010962 -3.708277
v 5.672029 1.900158 -3.670821
v 5.672029 1.900158 -3.670821
v 5.387383 1.867338 -3.712476
v 5.032285 -0.745587 -7.961573
v 4.757734 2.427164 -7.737099
v 4.973061 2.427164 4.623803
v 1.182788 -1.138362 -8.802115
v 1.115237 -1.214703 -4.855384
v 5.503893 -1.138363 -8.110465
v 5.665112 -1.206862 -5.071169
v 1.182788 -0.629237 -8.928358
v 5.503893 -0.629237 -8.236706
v 1.182788 0.168012 -8.928358
v 5.503893 0.168012 -8.236706
v 1.115237 -0.963129 -4.416591
v 5.665112 -0.955288 -4.632377
v 1.115237 -0.086960 -4.416591
v 5.665112 -0.079118 -4.632377
v -4.517203 -0.810667 -4.511667
v -3.549144 -0.810667 -5.306134
v -2.444693 -0.810667 -5.896475
v -1.246294 -0.810667 -6.260006
v -4.517203 -0.924724 -4.511667
v -3.549144 -0.924724 -5.306134
v -2.444693 -0.924724 -5.896475
v -1.246294 -0.924724 -6.260006
v -5.999337 -0.822659 0.090534
v -5.999337 0.024327 0.090534
v -5.999337 -0.822659 -0.079463
v -5.999337 0.024327 -0.079463
v -6.622958 -0.822659 0.090534
v -6.622958 -0.822659 -0.079462
v -5.999337 -0.995630 0.090534
v -5.999337 -0.995630 -0.079463
v -6.622958 -0.995630 0.090534
v -6.622958 -0.995630 -0.079462
v -5.885911 -0.822659 -1.158657
v -5.885911 0.024327 -1.158657
v -5.850566 -0.822659 -1.324938
v -5.850566 0.024327 -1.324938
v -6.495903 -0.822659 -1.288314
v -5.885911 -0.995630 -1.158657
v -5.850566 -0.995630 -1.324938
v -6.495903 -0.995630 -1.288314
v -5.446097 -0.822659 -2.512265
v -6.084946 -0.822659 -2.610615
v -6.015802 -0.822659 -2.765914
v -5.446097 -0.995630 -2.512265
v -6.084946 -0.995630 -2.610615
v -6.015802 -0.995630 -2.765914
v -5.850564 -0.822659 1.336009
v -5.850564 0.024327 1.336009
v -5.885909 -0.822659 1.169727
v -5.885909 0.024327 1.169727
v -6.460557 -0.822659 1.465667
v -6.495902 -0.822659 1.299385
v -5.850564 -0.995630 1.336009
v -5.885909 -0.995630 1.169727
v -6.460557 -0.995630 1.465667
v -6.495902 -0.995630 1.299385
v -5.515238 -0.822659 2.368036
v -5.515238 0.024327 2.368036
v -6.084944 -0.822659 2.621686
v -5.515238 -0.995630 2.368036
v -6.084944 -0.995630 2.621686
v -3.332021 2.239147 5.285973
v -2.667971 2.239147 5.285971
v -2.491304 2.117661 5.378350
v -2.876008 2.385118 5.174978
v -2.642987 2.315610 5.227829
v -2.453026 2.184983 5.327158
v -2.285979 1.808852 5.613166
v -2.491304 2.081990 5.174708
v -2.667971 2.203476 5.082330
v -2.884685 2.268121 5.033178
v -3.115307 2.268121 5.033177
v -3.332021 2.203476 5.082332
v -3.508688 2.081990 5.174709
v -3.686614 1.849367 4.697468
v -3.546966 2.048117 4.545798
v -3.357005 2.178745 4.446471
v -3.123983 2.248251 4.393617
v -2.876008 2.248251 4.393618
v -2.642987 2.178745 4.446469
v -2.453026 2.048117 4.545798
v -2.313378 1.849368 4.697465
v -0.332021 2.239147 5.285971
v -0.115308 2.303790 5.236817
v -0.123983 2.385118 5.174976
v -0.115306 2.268121 5.033176
v -0.332021 2.203476 5.082329
v -0.508688 2.081990 5.174707
v -0.686615 1.849367 4.697466
v -0.357005 2.178745 4.446469
v -0.123983 2.248251 4.393616
v -5.832970 2.427164 1.093370
v -5.034001 2.427164 4.602403
v -4.920546 -0.080980 6.520067
v -4.757476 2.426964 -7.735356
v -5.032261 -0.746317 -7.961385
v -5.757732 -0.821601 -3.040411
v -6.175657 -0.821927 1.146971
v -4.938977 -0.821910 6.521429
v -5.432684 2.427164 -2.985977
v -5.442869 -0.821927 4.349689
v -5.069052 -0.057741 -7.960164
v -5.773147 -0.071241 -3.025628
v -6.207205 -0.072846 1.163222
v -5.082929 -0.065615 -7.960619
v -4.952594 -0.075376 6.521046
v -0.653557 -0.745587 -8.662238
v -0.601669 2.427162 -8.346280
v -0.654856 -0.058696 -8.658818
v -5.031385 2.427164 4.603406
v -4.561618 2.163738 -7.727432
v -4.561618 2.163738 -6.714105
v -6.976702 2.163738 -6.124183
v -7.552001 2.163737 -8.000288
v -7.552000 2.163738 -6.124183
v -7.995461 2.163738 -7.857202
v -7.995459 2.163738 -6.267270
v -4.561618 1.053981 -7.727432
v -6.976688 1.053981 -8.000288
v -4.561618 1.053982 -6.714105
v -6.976702 1.053982 -6.124183
v -7.552000 1.053982 -6.124183
v -7.995460 1.053981 -7.857203
v -7.995459 1.053982 -6.267270
v -7.741294 1.941787 -6.082654
v -7.741294 1.719836 -6.028651
v -7.741294 1.497885 -6.028651
v -7.741294 1.275934 -6.082654
v -7.995459 1.275934 -6.164663
v -7.994832 1.409068 -6.122073
v -7.994208 1.810470 -6.124566
v -7.995461 1.053981 -7.857202
v -7.552001 1.053981 -8.000288
v -6.976684 2.163737 -8.000288
v -4.561422 1.814966 -6.566741
v -4.561660 1.395416 -6.570229
v -4.561618 1.275934 -6.611499
v -6.740625 1.275934 -6.048248
v -6.740625 1.497885 -5.994246
v -6.740625 1.719836 -5.994246
v -6.740625 1.941787 -6.048248
v -6.563507 2.163738 -6.170867
v -6.563507 1.053982 -6.170867
v -6.563507 1.941787 -6.068259
v -6.563507 1.719836 -6.014257
v -6.563507 1.497885 -6.014257
v -6.563507 1.275934 -6.068259
v -6.346523 2.163738 -6.463844
v -6.346523 1.053982 -6.463844
v -6.976686 2.163737 -8.000288
v -6.976686 1.053981 -8.000288
v -6.346895 1.811873 -6.320138
v -6.346650 1.413214 -6.316591
v -7.741295 1.831223 -6.925698
v -7.741356 1.608859 -6.857151
v -7.741295 1.386499 -6.925698
v -6.740625 1.386499 -6.891292
v -6.740537 1.608859 -6.827351
v -6.740625 1.831223 -6.891292
v -5.028957 2.427164 -5.966778
v -0.000019 2.427164 4.599128
v 4.880107 -0.821927 6.537447
v -5.359870 -0.818876 -6.053014
v -1.572248 1.902164 5.151118
v -1.573990 2.031492 5.052688
v -1.394339 2.031492 5.049693
v -1.394132 1.902164 5.149257
v -1.575107 1.930083 4.920225
v -1.573365 1.800757 5.018655
v -1.395249 1.800757 5.016795
v -1.395455 1.930083 4.917230
v -1.572247 0.232743 6.429878
v -1.573990 0.362069 6.331448
v -1.394338 0.362069 6.328453
v -1.394131 0.232743 6.428017
v -1.575107 0.260662 6.198985
v -1.573364 0.131336 6.297415
v -1.395248 0.131336 6.295555
v -1.395455 0.260662 6.195990
v -1.484235 0.305639 6.321844
v -1.484236 1.910504 5.128358
v -1.461898 0.302068 6.317041
v -1.461899 1.906933 5.123556
v -1.436999 0.279420 6.286585
v -1.435297 1.884576 5.093492
v -1.439561 0.278981 6.285996
v -1.436999 1.883408 5.091922
v -1.459981 0.254789 6.253466
v -1.461898 0.255894 6.254951
v -1.461254 1.859216 5.059391
v -1.507217 0.254351 6.252876
v -1.508488 0.254789 6.253466
v -1.506572 1.860759 5.061466
v -1.531471 1.883408 5.091922
v -1.531471 0.279420 6.286585
v -1.528909 1.883846 5.092511
v -1.508489 1.908038 5.125042
v -1.506572 0.302068 6.317041
v -1.506572 1.906933 5.123556
v 0.000003 -0.810667 6.393820
v -0.000003 -0.810667 -6.382755
v -5.311671 -0.810667 -3.543604
v -5.902010 -0.810667 -2.439152
v -6.265539 -0.810667 -1.240753
v -6.388287 -0.810667 0.005541
v -6.265536 -0.810667 1.251835
v -5.902003 -0.810667 2.450233
v -5.311659 -0.810667 3.554684
v -4.517192 -0.810667 4.522741
v -3.549132 -0.810667 5.317206
v -2.444679 -0.810667 5.907545
v -1.246279 -0.810667 6.271073
v 0.000003 -0.924724 6.393820
v -0.000003 -0.924724 -6.382755
v -5.311671 -0.924724 -3.543604
v -5.902010 -0.924724 -2.439152
v -6.265539 -0.924724 -1.240753
v -6.388287 -0.924724 0.005541
v -6.265536 -0.924724 1.251835
v -5.902003 -0.924724 2.450233
v -5.311659 -0.924724 3.554684
v -4.517192 -0.924724 4.522741
v -3.549132 -0.924724 5.317206
v -2.444679 -0.924724 5.907545
v -1.246279 -0.924724 6.271073
v -5.446094 -0.822659 2.523335
v -5.446094 0.024327 2.523335
v -6.015799 -0.822659 2.776985
v -5.446094 -0.995630 2.523335
v -6.015799 -0.995630 2.776985
v -6.460558 -0.822659 -1.454596
v -6.460558 -0.995630 -1.454596
v -5.446096 0.024327 -2.512266
v -5.515240 -0.822659 -2.356966
v -5.515240 0.024327 -2.356966
v -5.515240 -0.995630 -2.356966
v -5.386277 -0.948366 -3.600879
v -5.497365 -0.906672 -3.660256
v -5.988465 -0.948457 -2.474963
v -6.104786 -0.906581 -2.523144
v -6.357319 -0.948457 -1.259010
v -6.480803 -0.906581 -1.283570
v -6.481864 -0.948457 0.005541
v -6.607770 -0.906581 0.005542
v -6.357316 -0.948457 1.270092
v -6.480800 -0.906581 1.294652
v -5.988458 -0.948457 2.486045
v -6.104779 -0.906581 2.534225
v -5.386265 -0.948366 3.611959
v -5.497355 -0.906672 3.671336
v -5.782657 -2.381614 -3.865731
v -5.893745 -2.339921 -3.925108
v -6.428900 -2.381705 -2.657397
v -6.545220 -2.339830 -2.705577
v -6.824883 -2.381705 -1.352013
v -6.948367 -2.339830 -1.376573
v -6.958587 -2.381705 0.005542
v -7.084493 -2.339830 0.005542
v -6.824879 -2.381705 1.363097
v -6.948363 -2.339830 1.387657
v -6.428893 -2.381705 2.668479
v -6.545213 -2.339830 2.716660
v -5.782646 -2.381614 3.876812
v -5.893734 -2.339921 3.936189
v -5.490530 -0.990502 -3.583668
v -5.393112 -0.864536 -3.677467
v -6.027271 -0.864535 -2.491036
v -6.034691 -0.990502 -2.565609
v -6.436416 -2.297784 -2.732008
v -6.506415 -2.423751 -2.689504
v -5.824332 -2.423751 -3.965597
v -5.852072 -2.297784 -3.825243
v -6.085248 -0.990502 -2.443552
v -6.398515 -0.864535 -1.267203
v -6.420341 -0.990502 -1.338895
v -6.846810 -2.297784 -1.423724
v -6.907172 -2.423751 -1.368381
v -6.486973 -2.297784 -2.609952
v -6.446114 -0.990502 -1.209321
v -6.523868 -0.864535 0.005541
v -6.559260 -0.990502 -0.060515
v -6.994084 -2.297784 -0.060514
v -7.042490 -2.423751 0.005542
v -6.872584 -2.297784 -1.294150
v -6.559260 -0.990502 0.071598
v -6.398511 -0.864535 1.278285
v -6.446111 -0.990502 1.220403
v -6.872581 -2.297784 1.305234
v -6.907168 -2.423751 1.379464
v -6.994084 -2.297784 0.071599
v -6.420337 -0.990502 1.349977
v -6.027264 -0.864535 2.502118
v -6.085241 -0.990502 2.454634
v -6.486966 -2.297784 2.621035
v -6.506407 -2.423751 2.700586
v -6.846807 -2.297784 1.434808
v -6.034684 -0.990502 2.576690
v -5.393101 -0.864536 3.688547
v -5.490519 -0.990502 3.594748
v -5.824318 -2.423751 3.976678
v -5.852061 -2.297784 3.836323
v -6.436409 -2.297784 2.743091
v -2.354630 1.922779 5.527264
v -2.884685 2.303789 5.236819
v -3.115307 2.303789 5.236819
v -3.508688 2.117661 5.378351
v -3.623998 1.953982 5.502810
v -3.645360 1.922785 5.527259
v -2.361428 0.513166 6.597897
v -3.638561 0.513171 6.597895
v -3.508686 0.328326 6.738952
v -3.332019 0.206841 6.831329
v -3.115305 0.142199 6.880483
v -2.884683 0.142199 6.880481
v -2.667969 0.206841 6.831328
v -2.491303 0.328326 6.738949
v -2.306068 1.975436 5.487278
v -3.123984 2.385118 5.174977
v -3.357005 2.315610 5.227831
v -3.546966 2.184983 5.327160
v -3.670954 2.008987 5.460986
v -3.714014 1.808852 5.613166
v -2.313378 0.459759 6.638469
v -3.686611 0.459759 6.638472
v -3.546963 0.261006 6.790142
v -3.357003 0.130378 6.889472
v -3.123982 0.060872 6.942322
v -2.876006 0.060872 6.942322
v -2.642985 0.130377 6.889470
v -2.453026 0.261006 6.790140
v -2.354630 0.487541 6.386393
v -2.491304 0.292655 6.535308
v -2.667970 0.171171 6.627687
v -2.884683 0.106528 6.676840
v -3.115305 0.106528 6.676840
v -3.332020 0.171171 6.627688
v -3.508687 0.292655 6.535311
v -3.645360 0.487542 6.386394
v -3.664044 0.642464 6.269319
v -3.664046 1.732183 5.440701
v -3.623998 1.918312 5.299169
v -2.375993 1.918312 5.299167
v -2.335946 1.732183 5.440700
v -2.306067 0.333690 5.848658
v -3.693923 0.333684 5.848664
v -3.546965 0.124139 6.008782
v -3.357004 -0.006490 6.108110
v -3.123983 -0.075996 6.160962
v -2.876007 -0.075996 6.160960
v -2.642986 -0.006490 6.108110
v -2.453026 0.124139 6.008781
v -0.508689 2.117661 5.378349
v -0.623999 1.953982 5.502810
v -0.645362 1.922778 5.527265
v -0.638561 0.513169 6.597895
v -0.508687 0.328326 6.738950
v -0.332020 0.206841 6.831327
v -0.115306 0.142199 6.880480
v -0.357006 2.315610 5.227829
v -0.546966 2.184983 5.327157
v -0.670954 2.008987 5.460985
v -0.714014 1.808852 5.613166
v -0.686611 0.459759 6.638470
v -0.546964 0.261006 6.790140
v -0.357004 0.130378 6.889470
v -0.123982 0.060872 6.942321
v -0.115305 0.106528 6.676839
v -0.332020 0.171171 6.627686
v -0.508687 0.292655 6.535309
v -0.623998 0.456334 6.410848
v -0.664045 0.642464 6.269317
v -0.664046 1.732183 5.440700
v -0.623999 1.918312 5.299167
v -0.546967 2.048117 4.545798
v -0.693925 0.333689 5.848659
v -0.546965 0.124139 6.008781
v -0.357004 -0.006490 6.108108
v -0.123982 -0.075996 6.160960
v -4.203331 2.313926 4.762749
v -4.679150 2.320900 4.767888
v -4.246796 2.313926 4.762750
v -4.635685 2.318238 4.765926
v -4.203331 2.228220 4.756885
v -4.635685 2.228217 4.756886
v -4.679151 2.228219 4.756886
v -4.246797 2.228220 4.756886
v -4.203331 0.121568 6.510563
v -4.679151 0.121568 6.510564
v -4.635685 0.122378 6.512738
v -4.246796 0.122378 6.512738
v -4.203331 0.112584 6.426428
v -4.679151 0.111620 6.427107
v -4.246797 0.111619 6.427107
v -4.203332 0.165621 6.490694
v -4.679151 0.165621 6.490695
v -4.203331 2.266721 4.827975
v -4.679150 2.266721 4.827976
v -4.246796 0.165621 6.490693
v -4.635685 2.266721 4.827976
v -4.246796 2.266721 4.827975
v -4.635685 0.112584 6.426428
v -4.679151 0.112584 6.426428
v -4.246796 0.112584 6.426428
v -4.226683 1.508770 5.340243
v -4.226684 1.543345 5.383934
v -4.226683 1.581539 5.282657
v -4.226683 1.616115 5.326348
v -4.655798 1.508770 5.340243
v -4.655798 1.543345 5.383935
v -4.655798 1.581539 5.282657
v -4.655798 1.616115 5.326349
v -4.226683 1.951544 4.989851
v -4.226683 1.986119 5.033542
v -4.226683 2.024313 4.932264
v -4.226683 2.058889 4.975955
v -4.655798 1.951544 4.989851
v -4.655798 1.986119 5.033544
v -4.655798 2.024313 4.932264
v -4.655798 2.058889 4.975956
v -4.226684 1.081120 5.678666
v -4.226684 1.115696 5.722357
v -4.226684 1.153890 5.621079
v -4.226684 1.188466 5.664771
v -4.655797 1.081120 5.678666
v -4.655797 1.115696 5.722358
v -4.655797 1.153890 5.621079
v -4.655797 1.188466 5.664773
v -4.226684 0.648301 6.021180
v -4.226683 0.682877 6.064871
v -4.226684 0.721071 5.963593
v -4.226684 0.755647 6.007285
v -4.655797 0.648301 6.021180
v -4.655797 0.682877 6.064872
v -4.655797 0.721071 5.963593
v -4.655797 0.755647 6.007285
v -4.226683 0.266471 6.323345
v -4.226683 0.301046 6.367037
v -4.226683 0.339240 6.265759
v -4.226683 0.373816 6.309450
v -4.655797 0.266471 6.323346
v -4.655797 0.301046 6.367037
v -4.655797 0.339240 6.265759
v -4.655797 0.373816 6.309451
v -4.226683 1.730314 5.164923
v -4.226683 1.764890 5.208614
v -4.226683 1.803084 5.107336
v -4.226683 1.837659 5.151028
v -4.655798 1.730314 5.164923
v -4.655798 1.764890 5.208615
v -4.655798 1.803084 5.107337
v -4.655798 1.837659 5.151028
v -4.226684 1.305284 5.501273
v -4.226684 1.339860 5.544965
v -4.226684 1.378054 5.443686
v -4.226684 1.412630 5.487378
v -4.655798 1.305284 5.501274
v -4.655797 1.339860 5.544965
v -4.655798 1.378054 5.443687
v -4.655798 1.412630 5.487379
v -4.226683 0.461902 6.168687
v -4.226683 0.496478 6.212380
v -4.226683 0.534672 6.111101
v -4.226683 0.569248 6.154792
v -4.655797 0.461902 6.168688
v -4.655797 0.496478 6.212381
v -4.655797 0.534672 6.111101
v -4.655797 0.569248 6.154793
v -4.635685 0.165621 6.490694
v -4.226684 0.863689 5.850732
v -4.226684 0.898265 5.894423
v -4.226684 0.936459 5.793145
v -4.226684 0.971035 5.836837
v -4.655797 0.863689 5.850732
v -4.655797 0.898265 5.894424
v -4.655797 0.936459 5.793146
v -4.655797 0.971035 5.836837
v -5.494748 1.408056 4.021118
v -5.494748 1.877398 4.021118
v -5.494748 1.408056 3.551775
v -5.494748 1.877398 3.551775
v -6.109032 1.449792 3.979381
v -6.109032 1.835662 3.979381
v -6.109032 1.449792 3.593511
v -6.109032 1.835662 3.593511
v -5.494748 1.383914 4.045259
v -5.494748 1.901540 4.045259
v -5.494748 1.383914 3.527633
v -5.494748 1.901540 3.527633
v -5.156836 1.383914 4.045259
v -5.156836 1.901540 4.045259
v -5.156836 1.383914 3.527633
v -5.156836 1.901540 3.527633
v -5.767921 1.516570 4.002557
v -5.767921 1.768884 4.002557
v -5.998477 1.766217 3.986893
v -5.998477 1.519237 3.986893
v -5.754058 1.516570 3.798509
v -5.754058 1.768884 3.798509
v -5.984614 1.766217 3.782844
v -5.984614 1.519237 3.782844
v -5.986932 0.237133 2.600066
v -5.986932 0.706475 2.600066
v -5.986932 0.237133 2.130723
v -5.986932 0.706475 2.130723
v -6.601215 0.278869 2.558330
v -6.601215 0.664739 2.558330
v -6.601215 0.278869 2.172460
v -6.601215 0.664739 2.172460
v -5.986932 0.212991 2.624208
v -5.986932 0.730617 2.624208
v -5.986932 0.212991 2.106582
v -5.986932 0.730617 2.106582
v -5.649021 0.212991 2.624207
v -5.649021 0.730617 2.624207
v -5.649021 0.212991 2.106582
v -5.649021 0.730617 2.106582
v -6.260105 0.345647 2.581506
v -6.260105 0.597961 2.581506
v -6.490662 0.595294 2.565841
v -6.490662 0.348315 2.565841
v -6.246242 0.345647 2.377457
v -6.246242 0.597961 2.377457
v -6.476799 0.595294 2.361793
v -6.476799 0.348315 2.361793
v -4.762991 2.378347 4.401335
v -4.762991 2.666393 4.401335
v -4.762991 2.378347 4.113289
v -4.762991 2.666393 4.113289
v -5.051037 2.378347 4.401335
v -5.051037 2.666393 4.401335
v -5.051037 2.378347 4.113289
v -5.051037 2.666393 4.113289
v -5.487965 2.378347 1.184556
v -5.487965 2.666393 1.184556
v -5.487965 2.378347 0.896510
v -5.487965 2.666393 0.896510
v -5.776011 2.378347 1.184556
v -5.776011 2.666393 1.184556
v -5.776011 2.378347 0.896510
v -5.776011 2.666393 0.896510
v -5.194246 2.378347 -1.373255
v -5.194246 2.666393 -1.373255
v -5.194246 2.378347 -1.661301
v -5.194246 2.666393 -1.661301
v -5.482292 2.378347 -1.373255
v -5.482292 2.666393 -1.373255
v -5.482292 2.378347 -1.661301
v -5.482292 2.666393 -1.661301
v -4.765906 2.378347 -4.371646
v -4.765906 2.666393 -4.371646
v -4.765906 2.378347 -4.659692
v -4.765906 2.666393 -4.659692
v -5.053952 2.378347 -4.371646
v -5.053952 2.666393 -4.371646
v -5.053952 2.378347 -4.659692
v -5.053952 2.666393 -4.659692
v -4.374281 2.378345 -7.296606
v -4.374281 2.666393 -7.296606
v -4.374281 2.378345 -7.584651
v -4.374281 2.666393 -7.584651
v -4.662327 2.378345 -7.296606
v -4.662327 2.666393 -7.296606
v -4.662327 2.378345 -7.584651
v -4.662327 2.666393 -7.584651
v -1.105668 2.378345 -7.813555
v -1.105668 2.666393 -7.813555
v -1.105668 2.378345 -8.101601
v -1.105668 2.666391 -8.101601
v -1.393714 2.378345 -7.813555
v -1.393714 2.666393 -7.813555
v -1.393714 2.378345 -8.101600
v -1.393714 2.666391 -8.101600
v -1.470881 2.378347 4.401333
v -1.470881 2.666393 4.401333
v -1.470881 2.378347 4.113287
v -1.470881 2.666393 4.113287
v -1.758927 2.378347 4.401333
v -1.758927 2.666393 4.401333
v -1.758927 2.378347 4.113287
v -1.758927 2.666393 4.113287
v -5.584922 2.585448 1.057420
v -4.894758 2.585448 4.227133
v -1.567113 2.585448 4.201782
v -4.811094 2.585448 4.201783
v -1.567113 2.532638 4.240151
v -4.811094 2.532637 4.240152
v -1.567113 2.552809 4.302233
v -4.811094 2.552809 4.302235
v -1.567113 2.618087 4.302233
v -4.811094 2.618087 4.302235
v -1.567113 2.638258 4.240151
v -4.811094 2.638258 4.240152
v -4.932249 2.532638 4.235297
v -5.622412 2.532638 1.065583
v -4.992910 2.552810 4.248505
v -5.683074 2.552809 1.078792
v -4.992910 2.618087 4.248505
v -5.683074 2.618087 1.078792
v -4.932249 2.638259 4.235297
v -5.622412 2.638259 1.065583
v -4.478775 2.585448 -7.311549
v -5.570657 2.585448 1.066332
v -5.608808 2.532638 1.062248
v -4.516925 2.532638 -7.315633
v -5.670538 2.552810 1.055638
v -4.578656 2.552809 -7.322244
v -5.670538 2.618087 1.055638
v -4.578656 2.618087 -7.322244
v -5.608808 2.638259 1.062248
v -4.516925 2.638258 -7.315633
v -4.492339 2.585448 -7.490327
v -1.283385 2.585446 -7.965736
v -1.277762 2.532636 -7.927781
v -4.486716 2.532638 -7.452373
v -1.268664 2.552809 -7.866369
v -4.477618 2.552809 -7.390959
v -1.268664 2.618087 -7.866369
v -4.477618 2.618087 -7.390959
v -1.277762 2.638257 -7.927781
v -4.486716 2.638258 -7.452373
v -1.413525 2.642963 0.572002
v -1.516566 2.775770 0.565855
v -1.618757 2.803201 0.559797
v -1.720948 2.775770 0.553758
v -1.835060 2.601716 0.547067
v -1.823141 2.598462 0.547775
v -1.795763 2.496092 0.549433
v -1.720955 2.421153 0.553889
v -1.618765 2.393723 0.559947
v -1.507664 2.412954 0.566515
v -1.546328 2.658107 1.014595
v -1.631264 2.775918 0.959513
v -1.720709 2.803331 0.909716
v -1.817957 2.784081 0.855594
v -1.899609 2.598560 0.810215
v -1.875642 2.496195 0.823593
v -1.810167 2.421267 0.860067
v -1.720718 2.393854 0.909866
v -1.619907 2.410159 0.964169
v -1.852737 2.538166 1.347303
v -1.896852 2.789672 1.276547
v -1.905403 2.776036 1.264422
v -1.964389 2.803436 1.180745
v -2.023377 2.775977 1.097088
v -2.066558 2.701015 1.035868
v -2.082368 2.598638 1.013487
v -2.066563 2.496277 1.035943
v -2.023385 2.421359 1.097219
v -1.964398 2.393959 1.180895
v -1.905410 2.421418 1.264552
v -2.265733 2.650934 1.520062
v -2.284692 2.776101 1.420189
v -2.301536 2.803494 1.319205
v -2.318379 2.776028 1.218240
v -2.330711 2.701062 1.144350
v -2.335225 2.598681 1.117332
v -2.330717 2.496322 1.144425
v -2.318386 2.421411 1.218371
v -2.301544 2.394017 1.319355
v -2.284702 2.421483 1.420319
v -2.272370 2.496449 1.494210
v -4.200500 2.776101 1.306801
v -4.143230 2.776028 1.110235
v -4.114591 2.598681 1.012020
v -4.171874 2.394017 1.208658
v -4.200508 2.421483 1.306931
v -4.631017 2.647359 1.178582
v -4.558765 2.776036 1.107381
v -4.490320 2.803436 1.031246
v -4.421876 2.775976 0.955131
v -4.345455 2.601888 0.870194
v -4.353440 2.598638 0.879072
v -4.371779 2.496277 0.899507
v -4.421885 2.421359 0.955262
v -4.490329 2.393959 1.031396
v -4.565710 2.410281 1.117589
v -4.883933 2.659214 0.813848
v -4.795028 2.775918 0.772264
v -4.700332 2.803331 0.733365
v -4.605639 2.775885 0.694485
v -4.593820 2.787025 0.691331
v -4.510944 2.598560 0.655661
v -4.536322 2.496195 0.666119
v -4.605647 2.421267 0.694616
v -4.700341 2.393854 0.733515
v -4.795035 2.421299 0.772394
v -4.864352 2.496252 0.800836
v -4.962544 2.543427 0.350477
v -4.874691 2.786912 0.368676
v -4.862490 2.775770 0.367824
v -4.760298 2.803201 0.373862
v -4.646093 2.786912 0.382208
v -4.555921 2.598462 0.386034
v -4.583305 2.496092 0.384451
v -4.658115 2.421153 0.380051
v -4.760307 2.393723 0.374013
v -4.862497 2.421153 0.367955
v -4.831178 2.537711 -0.077486
v -4.813270 2.700672 -0.062254
v -4.747791 2.775624 -0.025834
v -4.658345 2.803070 0.023945
v -4.559069 2.786801 0.081016
v -4.479459 2.598363 0.123596
v -4.503425 2.495990 0.110293
v -4.568908 2.421038 0.073872
v -4.658354 2.393592 0.024094
v -4.747799 2.421006 -0.025704
v -4.537005 2.549566 -0.409840
v -4.479349 2.786644 -0.341568
v -4.414661 2.802965 -0.247085
v -4.350531 2.783766 -0.156117
v -4.296695 2.598285 -0.079677
v -4.312500 2.495908 -0.102058
v -4.355682 2.420947 -0.163278
v -4.414670 2.393488 -0.246935
v -4.473656 2.420888 -0.330612
v -4.111208 2.598095 -0.587419
v -4.106694 2.700475 -0.560400
v -4.094360 2.775440 -0.486510
v -4.077519 2.802907 -0.385545
v -4.060676 2.775513 -0.284561
v -4.048350 2.700601 -0.210616
v -4.043833 2.598242 -0.183522
v -4.048354 2.495862 -0.210540
v -4.060685 2.420896 -0.284430
v -4.077528 2.393429 -0.385395
v -4.094369 2.420822 -0.486379
v -4.106700 2.495735 -0.560326
v -2.146204 2.657504 -0.467802
v -2.178555 2.775440 -0.373121
v -2.235827 2.775513 -0.176556
v -2.256794 2.700602 -0.104582
v -2.264466 2.598242 -0.078209
v -2.256798 2.495862 -0.104506
v -2.207199 2.393429 -0.274699
v -2.157601 2.495735 -0.444968
v -1.758222 2.537579 -0.249617
v -1.770188 2.700544 -0.229402
v -1.820286 2.775505 -0.173701
v -1.888730 2.802965 -0.097586
v -1.957175 2.775565 -0.021452
v -2.007280 2.700647 0.034303
v -2.025624 2.598285 0.054737
v -2.007285 2.495908 0.034378
v -1.957183 2.420947 -0.021322
v -1.888739 2.393487 -0.097436
v -1.820294 2.420888 -0.173571
v -1.493193 2.657777 0.116822
v -1.584028 2.775623 0.161415
v -1.678726 2.803070 0.200295
v -1.773420 2.775656 0.239194
v -1.785238 2.786798 0.242338
v -1.868118 2.598363 0.278149
v -1.842745 2.495990 0.267766
v -1.773428 2.421039 0.239324
v -1.678735 2.393592 0.200445
v -1.572217 2.409863 0.158399
v -4.048355 2.495862 -0.210540
v -4.043833 2.598242 -0.183522
v -4.143239 2.421411 1.110366
v -4.143238 2.421411 1.110366
v -4.229141 2.598829 1.405149
v -2.301544 2.394017 1.319355
v -4.171874 2.394017 1.208659
v -4.122270 2.701061 1.038316
v -4.221467 2.701188 1.378775
v -2.284693 2.776101 1.420189
v -4.200499 2.776101 1.306801
v -2.335225 2.598681 1.117332
v -4.114591 2.598681 1.012019
v -2.284702 2.421483 1.420319
v -4.200508 2.421483 1.306931
v -2.301535 2.803494 1.319205
v -4.171865 2.803494 1.208508
v -4.171865 2.803494 1.208508
v -2.330717 2.496322 1.144425
v -4.122274 2.496322 1.038390
v -4.221471 2.496449 1.378851
v -4.077519 2.802907 -0.385545
v -2.207190 2.802907 -0.274849
v -2.207190 2.802907 -0.274849
v -2.178563 2.420822 -0.372991
v -4.060676 2.775513 -0.284561
v -2.235827 2.775513 -0.176556
v -4.077528 2.393429 -0.385395
v -2.207199 2.393429 -0.274699
v -2.235835 2.420896 -0.176425
v -4.094360 2.775440 -0.486511
v -2.178555 2.775440 -0.373121
v -1.265064 2.647074 -1.970380
v -1.365738 2.775770 -1.982549
v -1.467928 2.803201 -1.988607
v -1.570119 2.775770 -1.994645
v -1.579029 2.783968 -1.995176
v -1.672313 2.598462 -2.000628
v -1.644934 2.496092 -1.998971
v -1.570127 2.421153 -1.994515
v -1.467937 2.393723 -1.988457
v -1.353544 2.410011 -1.983273
v -1.397863 2.543595 -1.529691
v -1.469070 2.787061 -1.584374
v -1.480436 2.775918 -1.588891
v -1.569881 2.803331 -1.638688
v -1.670694 2.787024 -1.692991
v -1.748780 2.598560 -1.738189
v -1.724814 2.496195 -1.724811
v -1.659338 2.421267 -1.688336
v -1.569890 2.393854 -1.638538
v -1.480443 2.421300 -1.588761
v -1.701908 2.538166 -1.201101
v -1.711399 2.701118 -1.222706
v -1.754574 2.776036 -1.283982
v -1.813560 2.803436 -1.367658
v -1.872548 2.775977 -1.451316
v -1.915730 2.701015 -1.512536
v -1.931539 2.598638 -1.534917
v -1.915734 2.496277 -1.512461
v -1.872556 2.421359 -1.451185
v -1.813569 2.393959 -1.367508
v -1.754581 2.421418 -1.283852
v -2.114904 2.650933 -1.028341
v -2.133864 2.776101 -1.128214
v -2.150705 2.803494 -1.229199
v -2.167550 2.776028 -1.330163
v -2.179883 2.701061 -1.404054
v -2.184396 2.598681 -1.431072
v -2.179887 2.496322 -1.403980
v -2.167557 2.421411 -1.330033
v -2.150715 2.394017 -1.229048
v -2.133871 2.421483 -1.128084
v -2.121542 2.496449 -1.054194
v -4.049672 2.776101 -1.241603
v -3.992400 2.776028 -1.438168
v -3.971442 2.701061 -1.510088
v -3.963762 2.598681 -1.536385
v -3.992408 2.421411 -1.438037
v -4.021044 2.394017 -1.339745
v -4.049679 2.421483 -1.241472
v -4.070641 2.496449 -1.169552
v -4.480189 2.647358 -1.369821
v -4.407936 2.776036 -1.441023
v -4.339491 2.803436 -1.517157
v -4.271048 2.775976 -1.593272
v -4.194625 2.601888 -1.678209
v -4.202611 2.598638 -1.669332
v -4.220950 2.496277 -1.648896
v -4.271055 2.421359 -1.593142
v -4.339500 2.393959 -1.517007
v -4.414881 2.410281 -1.430815
v -4.733105 2.538039 -1.734510
v -4.657927 2.789552 -1.770506
v -4.644199 2.775918 -1.776140
v -4.549503 2.803331 -1.815039
v -4.454811 2.775885 -1.853918
v -4.442991 2.787025 -1.857071
v -4.360116 2.598560 -1.892742
v -4.385494 2.496195 -1.882285
v -4.454818 2.421267 -1.853788
v -4.549512 2.393854 -1.814888
v -4.644207 2.421299 -1.776010
v -4.813071 2.653497 -2.175024
v -4.711661 2.775770 -2.180579
v -4.609469 2.803201 -2.174541
v -4.498369 2.783968 -2.167960
v -4.405092 2.598462 -2.162369
v -4.432476 2.496092 -2.163952
v -4.507287 2.421153 -2.168352
v -4.609478 2.393723 -2.174390
v -4.711668 2.421153 -2.180449
v -4.723684 2.410010 -2.182736
v -4.686317 2.543163 -2.621798
v -4.606792 2.786762 -2.581520
v -4.596962 2.775624 -2.574238
v -4.507516 2.803070 -2.524459
v -4.418071 2.775657 -2.474661
v -4.352592 2.700728 -2.438186
v -4.328630 2.598363 -2.424808
v -4.352596 2.495990 -2.438111
v -4.418079 2.421038 -2.474531
v -4.507525 2.393592 -2.524310
v -4.596970 2.421006 -2.574107
v -4.382306 2.553673 -2.963432
v -4.327964 2.783702 -2.886442
v -4.263833 2.802965 -2.795489
v -4.199702 2.783765 -2.704521
v -4.145866 2.598285 -2.628080
v -4.161671 2.495908 -2.650461
v -4.204853 2.420947 -2.711681
v -4.263841 2.393488 -2.795338
v -4.322828 2.420888 -2.879016
v -3.960380 2.598095 -3.135823
v -3.955867 2.700474 -3.108805
v -3.943534 2.775440 -3.034914
v -3.926690 2.802907 -2.933949
v -3.909849 2.775512 -2.832964
v -3.897520 2.700600 -2.759019
v -3.893004 2.598242 -2.731925
v -3.897527 2.495862 -2.758945
v -3.909856 2.420896 -2.832834
v -3.926701 2.393429 -2.933799
v -3.943542 2.420822 -3.034782
v -3.955872 2.495735 -3.108730
v -1.997717 2.651206 -3.018541
v -2.084997 2.775513 -2.724960
v -2.105963 2.700600 -2.652984
v -2.113638 2.598242 -2.626612
v -2.105969 2.495862 -2.652910
v -2.056372 2.393429 -2.823102
v -2.006771 2.495734 -2.993371
v -1.607393 2.537579 -2.798021
v -1.619360 2.700544 -2.777806
v -1.669458 2.775505 -2.722105
v -1.737901 2.802965 -2.645990
v -1.806347 2.775565 -2.569855
v -1.856452 2.700647 -2.514101
v -1.874795 2.598285 -2.493666
v -1.856456 2.495908 -2.514026
v -1.806354 2.420947 -2.569726
v -1.737910 2.393487 -2.645840
v -1.669466 2.420888 -2.721974
v -1.337522 2.653743 -2.426239
v -1.433200 2.775623 -2.386989
v -1.527897 2.803070 -2.348109
v -1.622591 2.775656 -2.309209
v -1.634409 2.786798 -2.306065
v -1.717289 2.598363 -2.270255
v -1.691917 2.495990 -2.280637
v -1.622599 2.421039 -2.309079
v -1.527906 2.393592 -2.347959
v -1.424951 2.412805 -2.390247
v -3.897527 2.495862 -2.758945
v -3.893004 2.598242 -2.731925
v -3.992408 2.421411 -1.438037
v -3.992400 2.776028 -1.438168
v -4.078313 2.598830 -1.143256
v -2.150715 2.394017 -1.229048
v -4.021043 2.394017 -1.339745
v -4.070638 2.701188 -1.169628
v -2.133864 2.776101 -1.128214
v -4.049672 2.776101 -1.241603
v -2.184396 2.598681 -1.431072
v -3.963763 2.598681 -1.536385
v -2.133871 2.421483 -1.128085
v -4.049679 2.421483 -1.241472
v -2.150705 2.803494 -1.229199
v -4.021034 2.803494 -1.339894
v -4.021034 2.803494 -1.339895
v -2.179887 2.496322 -1.403979
v -3.971444 2.496322 -1.510013
v -3.926689 2.802907 -2.933949
v -2.056362 2.802907 -2.823253
v -2.056361 2.802907 -2.823253
v -2.027733 2.420822 -2.921394
v -3.909849 2.775513 -2.832964
v -2.084997 2.775513 -2.724960
v -3.926701 2.393429 -2.933799
v -2.085007 2.420896 -2.724830
v -3.943533 2.775440 -3.034914
v -2.027728 2.775440 -2.921526
v -1.102732 2.653499 -4.718428
v -1.202779 2.775770 -4.735906
v -1.304969 2.803200 -4.741964
v -1.407160 2.775769 -4.748002
v -1.521273 2.601716 -4.754693
v -1.509354 2.598462 -4.753985
v -1.481975 2.496092 -4.752327
v -1.407168 2.421153 -4.747872
v -1.304978 2.393723 -4.741814
v -1.190585 2.410011 -4.736630
v -1.234902 2.653663 -4.283087
v -1.317477 2.775918 -4.342247
v -1.406922 2.803331 -4.392045
v -1.504169 2.784081 -4.446167
v -1.585821 2.598560 -4.491546
v -1.561855 2.496195 -4.478168
v -1.496379 2.421267 -4.441693
v -1.406931 2.393854 -4.391894
v -1.306119 2.410159 -4.337592
v -1.538950 2.538165 -3.954457
v -1.583065 2.789672 -4.025213
v -1.591615 2.776036 -4.037338
v -1.650601 2.803436 -4.121016
v -1.709589 2.775977 -4.204672
v -1.752771 2.701015 -4.265893
v -1.768580 2.598638 -4.288274
v -1.752775 2.496277 -4.265818
v -1.709597 2.421359 -4.204542
v -1.650610 2.393959 -4.120865
v -1.591623 2.421418 -4.037209
v -1.952772 2.642950 -3.780118
v -1.970907 2.776101 -3.881572
v -1.987747 2.803494 -3.982555
v -2.004590 2.776028 -4.083520
v -2.016924 2.701061 -4.157410
v -2.021436 2.598681 -4.184429
v -2.016930 2.496322 -4.157337
v -2.004598 2.421410 -4.083389
v -1.987757 2.394017 -3.982405
v -1.970912 2.421483 -3.881442
v -1.958583 2.496449 -3.807551
v -3.915354 2.598829 -3.896612
v -3.886711 2.776101 -3.994960
v -3.829441 2.776027 -4.191525
v -3.808481 2.701061 -4.263444
v -3.800805 2.598681 -4.289742
v -3.858085 2.394017 -4.093100
v -3.886722 2.421483 -3.994830
v -4.317232 2.550149 -4.123143
v -4.251914 2.787181 -4.184310
v -4.244977 2.776036 -4.194380
v -4.176532 2.803436 -4.270514
v -4.108089 2.775976 -4.346629
v -4.031667 2.601888 -4.431566
v -4.039652 2.598638 -4.422688
v -4.057993 2.496277 -4.402254
v -4.108097 2.421359 -4.346499
v -4.176540 2.393959 -4.270364
v -4.244985 2.421418 -4.194249
v -4.570144 2.659216 -4.487913
v -4.481241 2.775918 -4.529497
v -4.386545 2.803331 -4.568395
v -4.291852 2.775885 -4.607275
v -4.283595 2.784082 -4.610669
v -4.197156 2.598560 -4.646099
v -4.222535 2.496195 -4.635641
v -4.291859 2.421267 -4.607144
v -4.386555 2.393854 -4.568244
v -4.481249 2.421299 -4.529366
v -4.550566 2.496252 -4.500924
v -4.649116 2.538983 -4.946584
v -4.560903 2.786911 -4.933085
v -4.548702 2.775769 -4.933936
v -4.446510 2.803200 -4.927897
v -4.344320 2.775769 -4.921840
v -4.225641 2.602863 -4.920888
v -4.269518 2.496092 -4.917309
v -4.344327 2.421153 -4.921709
v -4.446518 2.393723 -4.927746
v -4.548709 2.421153 -4.933805
v -4.517389 2.537710 -5.379246
v -4.446971 2.789253 -5.334818
v -4.434004 2.775624 -5.327595
v -4.344557 2.803070 -5.277814
v -4.245281 2.786799 -5.220745
v -4.165671 2.598361 -5.178164
v -4.189638 2.495990 -5.191467
v -4.255120 2.421036 -5.227889
v -4.344566 2.393590 -5.277666
v -4.434011 2.421005 -5.327464
v -4.223218 2.549566 -5.711601
v -4.165564 2.786643 -5.643327
v -4.100874 2.802963 -5.548845
v -4.036744 2.783764 -5.457877
v -3.982908 2.598284 -5.381436
v -3.998713 2.495908 -5.403818
v -4.041895 2.420947 -5.465039
v -4.100883 2.393486 -5.548695
v -4.159870 2.420887 -5.632372
v -3.797422 2.598094 -5.889179
v -3.792909 2.700473 -5.862161
v -3.780575 2.775440 -5.788269
v -3.763732 2.802906 -5.687304
v -3.746890 2.775511 -5.586320
v -3.734562 2.700601 -5.512374
v -3.730045 2.598241 -5.485281
v -3.734567 2.495862 -5.512300
v -3.746898 2.420896 -5.586191
v -3.763740 2.393429 -5.687155
v -3.780585 2.420821 -5.788138
v -3.792913 2.495734 -5.862085
v -1.834165 2.650198 -5.771731
v -1.950679 2.598242 -5.379969
v -1.943011 2.495862 -5.406266
v -1.843812 2.495734 -5.746728
v -1.444435 2.537577 -5.551378
v -1.496577 2.789133 -5.486503
v -1.574943 2.802963 -5.399346
v -1.643388 2.775563 -5.323213
v -1.693493 2.700647 -5.267458
v -1.711836 2.598284 -5.247023
v -1.693497 2.495908 -5.267384
v -1.643396 2.420947 -5.323083
v -1.574952 2.393486 -5.399197
v -1.506507 2.420887 -5.475332
v -1.181272 2.543262 -5.189223
v -1.258422 2.786763 -5.143499
v -1.364938 2.803070 -5.101466
v -1.459633 2.775656 -5.062566
v -1.471450 2.786797 -5.059421
v -1.554331 2.598361 -5.023612
v -1.528958 2.495990 -5.033995
v -1.459640 2.421039 -5.062436
v -1.364947 2.393590 -5.101315
v -1.270249 2.421005 -5.140215
v -3.734567 2.495862 -5.512300
v -3.730045 2.598242 -5.485281
v -3.829448 2.421411 -4.191394
v -3.829448 2.421411 -4.191394
v -1.987757 2.394017 -3.982405
v -3.858085 2.394017 -4.093100
v -3.907679 2.701188 -3.922985
v -1.970907 2.776101 -3.881572
v -3.886711 2.776101 -3.994960
v -2.021436 2.598681 -4.184430
v -3.800805 2.598681 -4.289742
v -1.970913 2.421483 -3.881442
v -3.886721 2.421483 -3.994830
v -1.987747 2.803494 -3.982555
v -3.858078 2.803494 -4.093252
v -3.858078 2.803494 -4.093252
v -2.016929 2.496322 -4.157336
v -3.808485 2.496322 -4.263370
v -3.907682 2.496448 -3.922909
v -3.763732 2.802907 -5.687304
v -1.893404 2.802907 -5.576610
v -1.893404 2.802907 -5.576610
v -1.864778 2.420821 -5.674753
v -3.746890 2.775512 -5.586319
v -1.922041 2.775512 -5.478316
v -3.763740 2.393429 -5.687155
v -1.893412 2.393429 -5.576459
v -1.943007 2.700601 -5.406343
v -1.922047 2.420896 -5.478186
v -3.780575 2.775440 -5.788269
v -1.864770 2.775440 -5.674882
v -1.864770 2.775440 -5.674882
v -5.224959 2.663773 -4.787564
v -5.477232 2.619241 -4.828948
v -5.468630 2.605340 -4.826398
v -5.513371 2.509398 -4.831399
v -5.504444 2.403798 -4.830394
v -5.354168 2.260638 -4.813562
v -5.348896 2.271819 -4.812973
v -5.243950 2.280800 -4.801229
v -5.157530 2.341377 -4.791559
v -5.112788 2.437320 -4.786557
v -5.121716 2.542922 -4.787563
v -5.292752 2.559244 -4.349994
v -5.538352 2.528946 -4.428088
v -5.529057 2.515553 -4.430912
v -5.567083 2.429586 -4.479855
v -5.560440 2.327488 -4.527695
v -5.389181 2.211957 -4.549316
v -5.286035 2.218268 -4.525797
v -5.204528 2.271542 -4.483958
v -5.166502 2.357511 -4.435013
v -5.182142 2.453133 -4.392078
v -5.375500 2.278623 -4.011099
v -5.622443 2.275427 -4.107097
v -5.609435 2.263919 -4.117316
v -5.638533 2.205912 -4.201105
v -5.613962 2.138247 -4.278886
v -5.542307 2.079059 -4.329818
v -5.442766 2.044202 -4.340253
v -5.342015 2.043022 -4.307396
v -5.267047 2.075829 -4.240052
v -5.237949 2.133837 -4.156263
v -5.262521 2.201500 -4.078484
v -5.584778 1.904437 -3.837763
v -5.693850 1.900274 -3.947727
v -5.713567 1.882672 -4.050358
v -5.679615 1.855415 -4.146985
v -5.601095 1.825800 -4.211708
v -5.499042 1.801776 -4.227193
v -5.400804 1.789765 -4.189289
v -5.332702 1.792992 -4.108148
v -5.312985 1.810598 -4.005517
v -5.346935 1.837853 -3.908892
v -5.425457 1.867465 -3.844167
v -5.829029 -0.054209 -3.861991
v -5.967305 -0.018523 -3.904694
v -6.029572 0.011080 -3.985181
v -5.999399 0.055912 -4.182659
v -5.915044 0.059131 -4.246734
v -5.810854 0.047123 -4.261980
v -5.652486 -0.006508 -4.143825
v -5.640738 -0.033753 -4.042081
v -5.682657 -0.051341 -3.946347
v -5.964714 -0.439316 -4.075699
v -6.074406 -0.352586 -4.169191
v -6.081172 -0.284933 -4.250488
v -6.040541 -0.220017 -4.333503
v -5.840744 -0.195324 -4.384655
v -5.745977 -0.230174 -4.352465
v -5.687355 -0.289355 -4.286944
v -5.680589 -0.357008 -4.205647
v -5.721222 -0.421925 -4.122633
v -5.989577 -0.709752 -4.435234
v -6.083469 -0.604265 -4.492764
v -6.089227 -0.508648 -4.538109
v -6.041318 -0.422689 -4.577445
v -5.952579 -0.369415 -4.600235
v -5.846786 -0.363106 -4.600369
v -5.752288 -0.405453 -4.577814
v -5.694406 -0.485107 -4.538611
v -5.688646 -0.580724 -4.493267
v -5.736554 -0.666684 -4.453930
v -5.825294 -0.719953 -4.431141
v -5.954272 -0.814957 -4.868970
v -6.054963 -0.694106 -4.891812
v -6.063889 -0.588506 -4.892818
v -6.025606 -0.482335 -4.888538
v -5.827783 -0.423001 -4.866401
v -5.732435 -0.468021 -4.855726
v -5.672234 -0.554982 -4.848981
v -5.663307 -0.660581 -4.847975
v -5.708048 -0.756525 -4.852977
v -5.699095 -0.770427 -4.853561
v -5.771703 -0.731139 -5.309360
v -5.929420 -0.683971 -5.312721
v -5.994536 -0.604316 -5.287298
v -6.010178 -0.508694 -5.244359
v -5.972150 -0.422729 -5.195416
v -5.791119 -0.350655 -5.117851
v -5.690352 -0.405489 -5.131156
v -5.625234 -0.485148 -5.156581
v -5.609594 -0.580769 -5.199519
v -5.647622 -0.666735 -5.248463
v -5.699450 -0.455083 -5.658061
v -5.922374 -0.356717 -5.608830
v -5.938726 -0.285015 -5.523111
v -5.917454 -0.220087 -5.433176
v -5.733912 -0.195385 -5.339120
v -5.634372 -0.230238 -5.349556
v -5.562715 -0.289426 -5.400487
v -5.538145 -0.357091 -5.478268
v -5.567242 -0.415099 -5.562057
v -5.605120 -0.055503 -5.844946
v -5.751222 -0.018653 -5.835207
v -5.829742 0.010962 -5.770482
v -5.863695 0.038219 -5.673858
v -5.843976 0.055822 -5.571225
v -5.775876 0.059048 -5.490086
v -5.677636 0.047045 -5.452179
v -5.575583 0.023011 -5.467665
v -5.497062 -0.006595 -5.532391
v -5.463111 -0.033853 -5.629015
v -5.482830 -0.051457 -5.731647
v -5.340729 1.900292 -5.817270
v -5.524192 1.855322 -5.535548
v -5.461926 1.825719 -5.455062
v -5.365822 1.801698 -5.417393
v -5.261634 1.789683 -5.432640
v -5.197553 2.278519 -5.600887
v -5.361182 2.296622 -5.598125
v -5.449183 2.263824 -5.549016
v -5.496087 2.205827 -5.473727
v -5.489323 2.138175 -5.392431
v -5.430701 2.078994 -5.326910
v -5.335933 2.044140 -5.294720
v -5.230410 2.042957 -5.304489
v -5.142407 2.075756 -5.353596
v -5.095505 2.133754 -5.428885
v -5.102270 2.201406 -5.510182
v -5.299455 2.578557 -5.264176
v -5.440124 2.515500 -5.225444
v -5.488033 2.429536 -5.186107
v -5.482274 2.333920 -5.140763
v -5.492131 2.327448 -5.137969
v -5.329892 2.211921 -5.079006
v -5.224099 2.218230 -5.079141
v -5.135359 2.271502 -5.101930
v -5.087451 2.357460 -5.141265
v -5.079850 2.462552 -5.188982
v -5.575583 0.023013 -5.467665
v -5.677637 0.047043 -5.452179
v -5.652486 -0.006508 -4.143825
v -5.312984 1.810598 -4.005517
v -5.693850 1.900272 -3.947727
v -6.029572 0.011081 -3.985181
v -5.499043 1.801774 -4.227193
v -5.346936 1.837854 -3.908892
v -5.682657 -0.051341 -3.946347
v -5.713567 1.882672 -4.050358
v -6.041319 0.038325 -4.086923
v -6.041319 0.038324 -4.086923
v -5.400803 1.789765 -4.189289
v -5.714752 0.023094 -4.224314
v -5.863694 0.038219 -5.673858
v -5.535941 1.882568 -5.637291
v -5.535941 1.882568 -5.637291
v -5.147103 1.837740 -5.694192
v -5.843977 0.055821 -5.571225
v -5.524193 1.855322 -5.535548
v -5.463110 -0.033853 -5.629016
v -5.135358 1.810493 -5.592450
v -5.177279 1.792902 -5.496715
v -5.829741 0.010962 -5.770481
v -5.494020 1.900157 -5.733027
v -5.494020 1.900156 -5.733028
v -5.209373 1.867338 -5.774681
v -5.400850 2.666193 -2.736679
v -5.653100 2.615570 -2.764909
v -5.646641 2.605341 -2.764186
v -5.691383 2.509398 -2.769188
v -5.682457 2.403798 -2.768182
v -5.533360 2.256686 -2.757650
v -5.526907 2.271819 -2.750762
v -5.421964 2.280800 -2.739017
v -5.335544 2.341379 -2.729348
v -5.290800 2.437322 -2.724345
v -5.299727 2.542922 -2.725352
v -5.470763 2.559244 -2.287782
v -5.716363 2.528946 -2.365877
v -5.707068 2.515553 -2.368700
v -5.745095 2.429586 -2.417644
v -5.738451 2.327488 -2.465485
v -5.567193 2.211957 -2.487105
v -5.464047 2.218268 -2.463585
v -5.382541 2.271542 -2.421747
v -5.344514 2.357511 -2.372802
v -5.360154 2.453133 -2.329866
v -5.672059 2.299954 -1.962160
v -5.787448 2.263919 -2.055106
v -5.816545 2.205912 -2.138894
v -5.791974 2.138247 -2.216675
v -5.720318 2.079059 -2.267607
v -5.620778 2.044202 -2.278042
v -5.520027 2.043022 -2.245185
v -5.445059 2.075829 -2.177841
v -5.415962 2.133837 -2.094052
v -5.440534 2.201500 -2.016272
v -5.512190 2.260685 -1.965340
v -5.640498 1.889201 -1.765819
v -5.803759 1.903502 -1.804377
v -5.871862 1.900275 -1.885517
v -5.891579 1.882672 -1.988147
v -5.857628 1.855413 -2.084772
v -5.779108 1.825801 -2.149498
v -5.677054 1.801776 -2.164983
v -5.578815 1.789764 -2.127077
v -5.510714 1.792994 -2.045937
v -5.490998 1.810598 -1.943305
v -5.524947 1.837855 -1.846681
v -6.207585 0.011079 -1.922970
v -6.219332 0.038322 -2.024712
v -6.177412 0.055911 -2.120449
v -5.988866 0.047124 -2.199769
v -5.818751 -0.033753 -1.979871
v -5.860670 -0.051340 -1.884136
v -5.945026 -0.054562 -1.820061
v -6.142727 -0.439316 -2.013488
v -6.252419 -0.352586 -2.106981
v -6.259184 -0.284933 -2.188277
v -6.218553 -0.220016 -2.271291
v -6.018757 -0.195324 -2.322443
v -5.923989 -0.230174 -2.290253
v -5.865367 -0.289355 -2.224732
v -5.858602 -0.357008 -2.143436
v -5.899235 -0.421926 -2.060422
v -6.167590 -0.709752 -2.373024
v -6.261481 -0.604265 -2.430554
v -6.267240 -0.508648 -2.475898
v -6.219331 -0.422689 -2.515234
v -6.025630 -0.350618 -2.550864
v -5.930301 -0.405453 -2.515602
v -5.872417 -0.485107 -2.476399
v -5.866658 -0.580724 -2.431055
v -5.914566 -0.666684 -2.391719
v -6.003306 -0.719953 -2.368930
v -6.022053 -0.834331 -2.817546
v -6.246172 -0.704085 -2.829489
v -6.232975 -0.694106 -2.829600
v -6.241902 -0.588506 -2.830606
v -6.206114 -0.478663 -2.825020
v -6.005794 -0.423001 -2.804189
v -5.910448 -0.468021 -2.793514
v -5.850245 -0.554982 -2.786770
v -5.841320 -0.660581 -2.785764
v -5.886062 -0.756525 -2.790766
v -5.949715 -0.731138 -3.247150
v -6.107431 -0.683971 -3.250510
v -6.172548 -0.604316 -3.225086
v -6.188190 -0.508694 -3.182148
v -6.160014 -0.410683 -3.127582
v -5.965510 -0.363145 -3.067846
v -5.868364 -0.405489 -3.068945
v -5.803248 -0.485148 -3.094370
v -5.787608 -0.580769 -3.137307
v -5.825634 -0.666735 -3.186251
v -5.967230 -0.432728 -3.608179
v -6.092169 -0.352680 -3.538679
v -6.116740 -0.285015 -3.460899
v -6.095466 -0.220087 -3.370965
v -5.911923 -0.195385 -3.276909
v -5.812384 -0.230238 -3.287345
v -5.740729 -0.289426 -3.338276
v -5.716158 -0.357091 -3.416057
v -5.734949 -0.425720 -3.507243
v -5.889771 -0.031443 -3.790932
v -6.007756 0.010962 -3.708271
v -6.041707 0.038219 -3.611646
v -6.021989 0.055822 -3.509014
v -5.953887 0.059049 -3.427875
v -5.855647 0.047046 -3.389969
v -5.753596 0.023012 -3.405454
v -5.675075 -0.006598 -3.470179
v -5.641124 -0.033856 -3.566804
v -5.660840 -0.051457 -3.669435
v -5.728942 -0.054688 -3.750576
v -5.707603 1.853741 -3.469234
v -5.543834 1.801698 -3.355182
v -5.439648 1.789683 -3.370429
v -5.313370 1.810494 -3.530239
v -5.387385 1.867340 -3.712470
v -5.375566 2.278520 -3.538676
v -5.539196 2.296622 -3.535914
v -5.627197 2.263826 -3.486805
v -5.674100 2.205829 -3.411515
v -5.667335 2.138175 -3.330219
v -5.608713 2.078994 -3.264698
v -5.513945 2.044140 -3.232509
v -5.408422 2.042957 -3.242277
v -5.320421 2.075756 -3.291385
v -5.273517 2.133754 -3.366674
v -5.280283 2.201407 -3.447971
v -5.477466 2.578558 -3.201964
v -5.618135 2.515500 -3.163233
v -5.666045 2.429536 -3.123896
v -5.660286 2.333921 -3.078552
v -5.670143 2.327449 -3.075759
v -5.507904 2.211923 -3.016794
v -5.402112 2.218232 -3.016929
v -5.313373 2.271502 -3.039718
v -5.265464 2.357461 -3.079054
v -5.257864 2.462552 -3.126771
v -5.753596 0.023012 -3.405454
v -5.855648 0.047044 -3.389969
v -5.830498 -0.006507 -2.081613
v -5.830498 -0.006508 -2.081613
v -6.177412 0.055911 -2.120449
v -6.049215 -0.042549 -1.804814
v -5.490998 1.810598 -1.943305
v -6.093056 0.059132 -2.184522
v -6.145318 -0.018525 -1.842482
v -5.871861 1.900275 -1.885516
v -6.207584 0.011082 -1.922969
v -5.677055 1.801773 -2.164983
v -5.988867 0.047119 -2.199770
v -5.524947 1.837855 -1.846681
v -5.891579 1.882672 -1.988147
v -5.578815 1.789763 -2.127077
v -5.892765 0.023091 -2.162102
v -6.041707 0.038220 -3.611646
v -5.713953 1.882568 -3.575082
v -5.713953 1.882567 -3.575082
v -5.325119 1.837739 -3.631981
v -5.325118 1.837740 -3.631981
v -5.483488 1.891368 -3.750138
v -6.021989 0.055823 -3.509014
v -5.702205 1.855323 -3.473338
v -5.641124 -0.033856 -3.566804
v -5.313370 1.810494 -3.530239
v -5.587678 1.903376 -3.734891
v -5.355290 1.792905 -3.434503
v -6.007756 0.010962 -3.708271
v -5.672033 1.900160 -3.670816
v -5.032292 -0.745587 -7.961567
v -4.757740 2.427164 -7.737093
v -4.973054 2.427164 4.623808
v -4.880103 -0.821927 6.537451
v -1.182798 -1.138362 -8.802115
v -1.115241 -1.214703 -4.855383
v -0.000002 -1.214703 -6.000563
v -5.503901 -1.138363 -8.110457
v -5.665115 -1.206862 -5.071165
v -1.182796 -0.629237 -8.928358
v -5.503901 -0.629237 -8.236702
v -1.183126 0.173801 -8.927926
v -5.503901 0.168012 -8.236702
v -1.115241 -0.963129 -4.416590
v -5.665115 -0.955288 -4.632370
v -1.115241 -0.086960 -4.416590
v -5.665115 -0.079118 -4.632370
v -0.000002 -0.086960 -5.561769
v 2.583297 3.554687 -6.934887
v 2.501730 3.554687 -6.913033
v 2.423858 3.554687 -6.823217
v 2.442019 3.554687 -6.690187
v 2.501730 3.554687 -6.630476
v 2.618447 3.554687 -6.607943
v 2.740295 3.554687 -6.686265
v 2.731339 3.554687 -6.860322
v 2.501730 2.283230 -6.913032
v 2.585979 2.283230 -6.944243
v 2.419487 2.283230 -6.806902
v 2.442019 2.283230 -6.690185
v 2.501730 2.283230 -6.630474
v 2.634761 2.283230 -6.612313
v 2.734020 2.283230 -6.687829
v 2.724577 2.283230 -6.853320
v 3.549139 -0.810667 -5.306137
v 4.517199 -0.810667 -4.511671
v 2.444688 -0.810667 -5.896477
v 1.246288 -0.810667 -6.260007
v -0.000003 -0.810667 -6.382755
v 3.549139 -0.924724 -5.306137
v 4.517199 -0.924724 -4.511671
v 2.444688 -0.924724 -5.896477
v 1.246288 -0.924724 -6.260007
v -0.000003 -0.924724 -6.382755
v 6.622959 -0.995630 -0.079469
v 6.622959 -0.995630 -0.079469
v 5.999338 -0.995630 -0.079468
v 5.999338 -0.995630 -0.079468
v 5.999338 0.024327 -0.079468
v 6.622959 -0.822659 -0.079469
v 6.622959 -0.822659 -0.079469
v 6.622959 -0.822659 0.090528
v 6.622959 -0.822659 0.090528
v 5.999338 0.024327 0.090528
v 6.622959 -0.995630 0.090528
v 6.622959 -0.995630 0.090528
v 5.999338 -0.995630 0.090528
v 5.999338 -0.995630 0.090528
v 6.495903 -0.822659 -1.288320
v 6.495903 -0.822659 -1.288320
v 5.885911 0.024327 -1.158662
v 5.885911 -0.995630 -1.158662
v 5.885911 -0.995630 -1.158662
v 6.495903 -0.995630 -1.288320
v 6.495903 -0.995630 -1.288320
v 5.850566 -0.995630 -1.324944
v 5.850566 -0.995630 -1.324944
v 6.015801 -0.995630 -2.765920
v 6.015801 -0.995630 -2.765920
v 5.446096 -0.995630 -2.512271
v 5.446096 -0.995630 -2.512271
v 6.084945 -0.822659 -2.610621
v 6.084945 -0.822659 -2.610621
v 6.015801 -0.822659 -2.765920
v 6.015801 -0.822659 -2.765920
v 6.084945 -0.995630 -2.610621
v 6.084945 -0.995630 -2.610621
v 6.495904 -0.995630 1.299379
v 6.495904 -0.995630 1.299379
v 5.885911 -0.995630 1.169722
v 5.885911 -0.995630 1.169722
v 5.885911 0.024327 1.169722
v 6.495904 -0.822659 1.299379
v 6.495904 -0.822659 1.299379
v 6.460559 -0.822659 1.465661
v 6.460559 -0.822659 1.465661
v 5.850566 0.024327 1.336003
v 6.460559 -0.995630 1.465661
v 6.460559 -0.995630 1.465661
v 5.850566 -0.995630 1.336003
v 5.850566 -0.995630 1.336003
v 6.084947 -0.995630 2.621680
v 6.084947 -0.995630 2.621680
v 5.515241 -0.995630 2.368031
v 5.515241 -0.995630 2.368031
v 5.515241 0.024327 2.368031
v 6.084947 -0.822659 2.621680
v 6.084947 -0.822659 2.621680
v 2.491310 2.117661 5.378348
v 2.667977 2.239147 5.285969
v 2.642993 2.315610 5.227828
v 2.876014 2.385118 5.174974
v 2.453032 2.184983 5.327157
v 2.884691 2.268121 5.033174
v 3.115313 2.268121 5.033174
v 3.332027 2.203476 5.082327
v 2.491310 2.081990 5.174706
v 2.667977 2.203476 5.082328
v 3.508694 2.081990 5.174706
v 0.115313 2.303790 5.236817
v 0.332027 2.239147 5.285971
v 0.123990 2.385119 5.174976
v 0.115312 2.268121 5.033176
v 0.332027 2.203476 5.082329
v 0.508694 2.081990 5.174707
v 4.770832 2.427572 -7.739209
v 5.834047 2.427315 1.091358
v 5.032885 2.427058 4.604049
v 5.032252 -0.745587 -7.961366
v 5.357883 -0.813982 -6.065930
v 5.757727 -0.821927 -3.040448
v 6.176112 -0.821926 1.129136
v 4.940214 -0.821955 6.517460
v 4.917867 -0.081033 6.512391
v 5.432683 2.427164 -2.985995
v 0.641981 -0.745587 -8.662238
v 0.601664 2.427162 -8.346280
v -0.601664 2.427162 -8.346281
v 0.001952 2.427867 4.600042
v 4.861549 -0.079411 6.535202
v 4.561614 2.163738 -6.714111
v 4.561614 2.163738 -6.714111
v 4.561614 2.163738 -7.727437
v 6.346517 2.163738 -6.463851
v 6.346517 2.163738 -6.463851
v 7.551993 2.163737 -8.000298
v 7.551994 2.163738 -6.124191
v 6.976696 2.163738 -6.124191
v 7.995453 2.163738 -7.857210
v 7.995453 2.163738 -7.857210
v 7.995453 2.163738 -6.267279
v 7.995453 2.163738 -6.267279
v 4.561614 1.053982 -6.714111
v 4.561614 1.053982 -6.714111
v 4.561614 1.053981 -7.727437
v 4.561614 1.053981 -7.727437
v 6.346517 1.053982 -6.463851
v 6.346517 1.053982 -6.463851
v 7.551993 1.053981 -8.000298
v 7.551994 1.053982 -6.124191
v 6.976696 1.053982 -6.124191
v 7.995453 1.053981 -7.857210
v 7.995453 1.053981 -7.857210
v 7.995453 1.053982 -6.267279
v 7.995453 1.053982 -6.267279
v 7.995453 1.941787 -6.164672
v 7.741289 1.941787 -6.082662
v 7.741289 1.941787 -6.082662
v 7.741289 1.719836 -6.028658
v 7.741289 1.497885 -6.028658
v 7.741289 1.275934 -6.082662
v 7.741289 1.275934 -6.082662
v 7.995453 1.497885 -6.110668
v 7.995453 1.719836 -6.110668
v 4.561614 1.941787 -6.611503
v 4.561614 1.719836 -6.557500
v 4.561614 1.497885 -6.557500
v 6.740619 1.275934 -6.048255
v 6.740619 1.275934 -6.048255
v 6.740951 1.608860 -5.984155
v 6.740619 1.941787 -6.048255
v 6.740619 1.941787 -6.048255
v 4.561614 2.163738 -7.727437
v 7.741288 1.682981 -6.871700
v 7.741288 1.534739 -6.871700
v 7.741288 1.831223 -6.925704
v 7.741288 1.831223 -6.925704
v 6.563503 2.163738 -6.170872
v 6.563503 2.163738 -6.170872
v 6.563503 1.053982 -6.170872
v 6.563503 1.053982 -6.170872
v 6.563789 1.405337 -6.027158
v 6.563597 1.803084 -6.023217
v 6.346517 1.497885 -6.307240
v 6.346517 1.275934 -6.361244
v 6.346517 1.719836 -6.307240
v 6.346517 1.941787 -6.361244
v 7.741288 1.386499 -6.925704
v 7.741288 1.386499 -6.925704
v 6.740619 1.386499 -6.891297
v 6.740619 1.386499 -6.891297
v 6.740619 1.534739 -6.837295
v 6.740619 1.682981 -6.837295
v 6.740619 1.831223 -6.891297
v 6.740619 1.831223 -6.891297
v 4.973061 2.427164 4.623803
v 1.573996 2.031492 5.052687
v 1.573996 2.031492 5.052687
v 1.572254 1.902164 5.151117
v 1.572254 1.902164 5.151117
v 1.394138 1.902164 5.149256
v 1.394138 1.902164 5.149256
v 1.394344 2.031492 5.049692
v 1.394344 2.031492 5.049692
v 1.395254 1.800757 5.016794
v 1.395461 1.930083 4.917229
v 1.573371 1.800757 5.018654
v 1.575113 1.930083 4.920224
v 1.573997 0.362069 6.331447
v 1.573997 0.362069 6.331447
v 1.572255 0.232743 6.429877
v 1.572255 0.232743 6.429877
v 1.394138 0.232743 6.428016
v 1.394138 0.232743 6.428016
v 1.394345 0.362069 6.328452
v 1.394345 0.362069 6.328452
v 1.395255 0.131336 6.295554
v 1.395462 0.260662 6.195989
v 1.573371 0.131336 6.297414
v 1.575114 0.260662 6.198984
v 1.461905 1.860759 5.061465
v 1.461905 0.255894 6.254951
v 1.522930 1.870516 5.074586
v 1.522931 0.265651 6.268072
v 5.902009 -0.810667 -2.439158
v 5.311667 -0.810667 -3.543610
v 6.265539 -0.810667 -1.240758
v 6.388288 -0.810667 0.005535
v 6.265538 -0.810667 1.251829
v 5.902006 -0.810667 2.450227
v 5.311665 -0.810667 3.554678
v 4.517199 -0.810667 4.522738
v 3.549138 -0.810667 5.317202
v 2.444686 -0.810667 5.907543
v 1.246287 -0.810667 6.271072
v 0.000003 -0.810667 6.393820
v 5.902009 -0.924724 -2.439158
v 5.311667 -0.924724 -3.543610
v 6.265539 -0.924724 -1.240758
v 6.388288 -0.924724 0.005535
v 6.265538 -0.924724 1.251829
v 5.902006 -0.924724 2.450227
v 5.311665 -0.924724 3.554678
v 4.517199 -0.924724 4.522738
v 3.549138 -0.924724 5.317202
v 2.444686 -0.924724 5.907543
v 1.246287 -0.924724 6.271072
v 0.000003 -0.924724 6.393820
v 6.015802 -0.995630 2.776979
v 6.015802 -0.995630 2.776979
v 5.446097 -0.995630 2.523330
v 5.446097 -0.995630 2.523330
v 5.446097 0.024327 2.523330
v 6.015802 -0.822659 2.776979
v 6.015802 -0.822659 2.776979
v 6.460558 -0.995630 -1.454602
v 6.460558 -0.995630 -1.454602
v 6.460558 -0.822659 -1.454602
v 6.460558 -0.822659 -1.454602
v 5.515239 -0.995630 -2.356972
v 5.515239 -0.995630 -2.356972
v 5.386273 -0.948366 -3.600884
v 5.386273 -0.948366 -3.600884
v 5.386273 -0.948366 -3.600884
v 5.490526 -0.990502 -3.583673
v 5.490526 -0.990502 -3.583673
v 5.490526 -0.990502 -3.583673
v 6.034690 -0.990502 -2.565615
v 6.034690 -0.990502 -2.565615
v 6.034690 -0.990502 -2.565615
v 5.988464 -0.948457 -2.474969
v 5.988464 -0.948457 -2.474969
v 5.988464 -0.948457 -2.474969
v 5.988464 -0.948457 -2.474969
v 6.104785 -0.906581 -2.523149
v 6.104785 -0.906581 -2.523149
v 6.104785 -0.906581 -2.523149
v 6.104785 -0.906581 -2.523149
v 5.497362 -0.906672 -3.660261
v 5.497362 -0.906672 -3.660261
v 5.497362 -0.906672 -3.660261
v 6.027270 -0.864535 -2.491042
v 5.393110 -0.864536 -3.677472
v 5.393110 -0.864536 -3.677472
v 5.393110 -0.864536 -3.677472
v 6.436415 -2.297784 -2.732015
v 6.436415 -2.297784 -2.732015
v 6.436415 -2.297784 -2.732015
v 6.428899 -2.381705 -2.657403
v 6.428899 -2.381705 -2.657403
v 6.428899 -2.381705 -2.657403
v 6.428899 -2.381705 -2.657403
v 6.545219 -2.339830 -2.705583
v 6.545219 -2.339830 -2.705583
v 6.545219 -2.339830 -2.705583
v 6.545219 -2.339830 -2.705583
v 5.852070 -2.297784 -3.825248
v 5.852070 -2.297784 -3.825248
v 5.852070 -2.297784 -3.825248
v 5.782655 -2.381614 -3.865737
v 5.782655 -2.381614 -3.865737
v 5.782655 -2.381614 -3.865737
v 5.893744 -2.339921 -3.925114
v 5.893744 -2.339921 -3.925114
v 5.893744 -2.339921 -3.925114
v 5.824328 -2.423751 -3.965603
v 5.824328 -2.423751 -3.965603
v 5.824328 -2.423751 -3.965603
v 6.506414 -2.423751 -2.689510
v 6.085247 -0.990502 -2.443558
v 6.085247 -0.990502 -2.443558
v 6.085247 -0.990502 -2.443558
v 6.420341 -0.990502 -1.338901
v 6.420341 -0.990502 -1.338901
v 6.420341 -0.990502 -1.338901
v 6.357319 -0.948457 -1.259016
v 6.357319 -0.948457 -1.259016
v 6.357319 -0.948457 -1.259016
v 6.357319 -0.948457 -1.259016
v 6.480803 -0.906581 -1.283576
v 6.480803 -0.906581 -1.283576
v 6.480803 -0.906581 -1.283576
v 6.480803 -0.906581 -1.283576
v 6.398515 -0.864535 -1.267209
v 6.846810 -2.297784 -1.423731
v 6.846810 -2.297784 -1.423731
v 6.846810 -2.297784 -1.423731
v 6.824883 -2.381705 -1.352020
v 6.824883 -2.381705 -1.352020
v 6.824883 -2.381705 -1.352020
v 6.824883 -2.381705 -1.352020
v 6.948367 -2.339830 -1.376580
v 6.948367 -2.339830 -1.376580
v 6.948367 -2.339830 -1.376580
v 6.948367 -2.339830 -1.376580
v 6.486972 -2.297784 -2.609958
v 6.486972 -2.297784 -2.609958
v 6.486972 -2.297784 -2.609958
v 6.907172 -2.423751 -1.368387
v 6.446114 -0.990502 -1.209327
v 6.446114 -0.990502 -1.209327
v 6.446114 -0.990502 -1.209327
v 6.559261 -0.990502 -0.060521
v 6.559261 -0.990502 -0.060521
v 6.559261 -0.990502 -0.060521
v 6.481865 -0.948457 0.005535
v 6.481865 -0.948457 0.005535
v 6.481865 -0.948457 0.005535
v 6.481865 -0.948457 0.005535
v 6.607771 -0.906581 0.005535
v 6.607771 -0.906581 0.005535
v 6.607771 -0.906581 0.005535
v 6.607771 -0.906581 0.005535
v 6.523869 -0.864535 0.005535
v 6.994085 -2.297784 -0.060521
v 6.994085 -2.297784 -0.060521
v 6.994085 -2.297784 -0.060521
v 6.958588 -2.381705 0.005536
v 6.958588 -2.381705 0.005536
v 6.958588 -2.381705 0.005536
v 6.958588 -2.381705 0.005536
v 7.084494 -2.339830 0.005535
v 7.084494 -2.339830 0.005535
v 7.084494 -2.339830 0.005535
v 7.084494 -2.339830 0.005535
v 6.872584 -2.297784 -1.294156
v 6.872584 -2.297784 -1.294156
v 6.872584 -2.297784 -1.294156
v 7.042490 -2.423751 0.005535
v 6.559261 -0.990502 0.071592
v 6.559261 -0.990502 0.071592
v 6.559261 -0.990502 0.071592
v 6.446113 -0.990502 1.220397
v 6.446113 -0.990502 1.220397
v 6.446113 -0.990502 1.220397
v 6.357318 -0.948457 1.270087
v 6.357318 -0.948457 1.270087
v 6.357318 -0.948457 1.270087
v 6.357318 -0.948457 1.270087
v 6.480802 -0.906581 1.294647
v 6.480802 -0.906581 1.294647
v 6.480802 -0.906581 1.294647
v 6.480802 -0.906581 1.294647
v 6.398513 -0.864535 1.278279
v 6.872582 -2.297784 1.305228
v 6.872582 -2.297784 1.305228
v 6.872582 -2.297784 1.305228
v 6.824881 -2.381705 1.363091
v 6.824881 -2.381705 1.363091
v 6.824881 -2.381705 1.363091
v 6.824881 -2.381705 1.363091
v 6.948365 -2.339830 1.387650
v 6.948365 -2.339830 1.387650
v 6.948365 -2.339830 1.387650
v 6.948365 -2.339830 1.387650
v 6.994085 -2.297784 0.071592
v 6.994085 -2.297784 0.071592
v 6.994085 -2.297784 0.071592
v 6.907170 -2.423751 1.379458
v 6.420339 -0.990502 1.349971
v 6.420339 -0.990502 1.349971
v 6.420339 -0.990502 1.349971
v 6.085244 -0.990502 2.454628
v 6.085244 -0.990502 2.454628
v 6.085244 -0.990502 2.454628
v 5.988461 -0.948457 2.486039
v 5.988461 -0.948457 2.486039
v 5.988461 -0.948457 2.486039
v 5.988461 -0.948457 2.486039
v 6.104782 -0.906581 2.534220
v 6.104782 -0.906581 2.534220
v 6.104782 -0.906581 2.534220
v 6.104782 -0.906581 2.534220
v 6.027267 -0.864535 2.502112
v 6.486969 -2.297784 2.621028
v 6.486969 -2.297784 2.621028
v 6.486969 -2.297784 2.621028
v 6.428895 -2.381705 2.668473
v 6.428895 -2.381705 2.668473
v 6.428895 -2.381705 2.668473
v 6.428895 -2.381705 2.668473
v 6.545216 -2.339830 2.716653
v 6.545216 -2.339830 2.716653
v 6.545216 -2.339830 2.716653
v 6.545216 -2.339830 2.716653
v 6.846808 -2.297784 1.434802
v 6.846808 -2.297784 1.434802
v 6.846808 -2.297784 1.434802
v 6.506410 -2.423751 2.700580
v 6.034687 -0.990502 2.576685
v 6.034687 -0.990502 2.576685
v 6.034687 -0.990502 2.576685
v 5.490522 -0.990502 3.594742
v 5.490522 -0.990502 3.594742
v 5.490522 -0.990502 3.594742
v 5.386271 -0.948366 3.611953
v 5.386271 -0.948366 3.611953
v 5.386271 -0.948366 3.611953
v 5.497358 -0.906672 3.671330
v 5.497358 -0.906672 3.671330
v 5.497358 -0.906672 3.671330
v 5.393107 -0.864536 3.688541
v 5.393107 -0.864536 3.688541
v 5.393107 -0.864536 3.688541
v 5.852065 -2.297784 3.836318
v 5.852065 -2.297784 3.836318
v 5.852065 -2.297784 3.836318
v 5.782650 -2.381614 3.876807
v 5.782650 -2.381614 3.876807
v 5.782650 -2.381614 3.876807
v 5.893739 -2.339921 3.936184
v 5.893739 -2.339921 3.936184
v 5.893739 -2.339921 3.936184
v 5.824324 -2.423751 3.976672
v 5.824324 -2.423751 3.976672
v 5.824324 -2.423751 3.976672
v 6.436411 -2.297784 2.743085
v 6.436411 -2.297784 2.743085
v 6.436411 -2.297784 2.743085
v 2.375999 1.953982 5.502808
v 2.335952 1.767853 5.644340
v 3.115313 2.303789 5.236814
v 2.884691 2.303789 5.236815
v 3.508694 2.117661 5.378346
v 3.664051 1.767853 5.644339
v 3.624004 0.492005 6.614487
v 3.664051 0.678133 6.472956
v 3.508693 0.328326 6.738947
v 3.332027 0.206841 6.831325
v 3.115313 0.142199 6.880478
v 2.884691 0.142199 6.880479
v 2.667978 0.206841 6.831326
v 2.491310 0.328326 6.738947
v 2.376000 0.492005 6.614488
v 2.335952 0.678133 6.472955
v 3.357011 2.315610 5.227826
v 3.123990 2.385118 5.174974
v 3.546972 2.184983 5.327155
v 3.693930 1.975442 5.487270
v 3.670959 0.436999 6.656312
v 3.714020 0.637134 6.504131
v 3.546971 0.261006 6.790139
v 3.357011 0.130378 6.889467
v 3.123990 0.060872 6.942319
v 2.876014 0.060872 6.942320
v 2.642993 0.130377 6.889468
v 2.453033 0.261006 6.790138
v 2.329045 0.436999 6.656312
v 2.285983 0.637134 6.504131
v 2.376000 0.456334 6.410846
v 2.491311 0.292655 6.535306
v 3.508694 0.292655 6.535306
v 3.624004 0.456334 6.410845
v 2.361435 1.897151 5.315758
v 2.335951 0.642464 6.269315
v 2.884691 0.106528 6.676836
v 3.115312 0.106528 6.676837
v 3.332027 0.171171 6.627684
v 2.667977 0.171171 6.627685
v 3.638569 1.897153 5.315755
v 0.508695 2.117661 5.378349
v 0.664052 1.767853 5.644341
v 0.624004 0.492005 6.614489
v 0.664051 0.678133 6.472957
v 0.508694 0.328326 6.738950
v 0.332027 0.206841 6.831327
v 0.115313 0.142199 6.880480
v 0.546972 2.184983 5.327157
v 0.357012 2.315610 5.227829
v 0.693931 1.975433 5.487280
v 0.670959 0.436999 6.656314
v 0.714020 0.637134 6.504133
v 0.546971 0.261006 6.790140
v 0.357011 0.130378 6.889470
v 0.123990 0.060872 6.942321
v -0.123982 0.060872 6.942321
v 0.508694 0.292655 6.535309
v 0.645368 0.487545 6.386389
v -0.115306 0.106528 6.676839
v 0.115313 0.106528 6.676839
v 0.332027 0.171171 6.627686
v 0.638569 1.897151 5.315759
v 5.850566 0.024327 -1.324944
v 5.446095 0.024327 -2.512271
v 5.515239 0.024327 -2.356972
v 3.332027 2.239147 5.285968
v 2.329045 2.008987 5.460983
v 4.635690 2.315590 4.732721
v 4.635690 2.313926 4.762744
v 4.679155 2.315392 4.737361
v 4.679155 2.313926 4.762744
v 4.203338 2.315590 4.732726
v 4.203338 2.320900 4.767883
v 4.246801 2.315392 4.737364
v 4.246802 2.318238 4.765921
v 4.246804 0.120269 6.507075
v 4.246804 0.120269 6.507075
v 4.203339 0.120269 6.507075
v 4.203339 0.120269 6.507075
v 4.679156 0.120269 6.507075
v 4.679156 0.120269 6.507075
v 4.635691 0.120269 6.507075
v 4.635691 0.120269 6.507075
v 4.246804 0.110169 6.426127
v 4.203339 0.110169 6.426127
v 4.203339 0.111620 6.427104
v 4.679156 0.110169 6.426127
v 4.635691 0.114999 6.426719
v 4.635692 0.111619 6.427103
v 4.679156 0.114999 6.426719
v 4.203338 0.114999 6.426721
v 4.246804 0.114999 6.426720
v 4.655803 1.581539 5.282653
v 4.226689 1.581539 5.282652
v 4.226689 1.616115 5.326345
v 4.655803 1.616115 5.326343
v 4.226689 1.508770 5.340240
v 4.655803 1.508770 5.340240
v 4.655805 1.543345 5.383931
v 4.226689 1.543345 5.383932
v 4.655803 2.024313 4.932261
v 4.226689 2.024313 4.932261
v 4.226689 2.058889 4.975953
v 4.655803 2.058889 4.975952
v 4.226689 1.951544 4.989848
v 4.655803 1.951544 4.989846
v 4.655803 1.986119 5.033538
v 4.226689 1.986119 5.033539
v 4.655805 1.153890 5.621076
v 4.226689 1.153890 5.621076
v 4.226689 1.188466 5.664768
v 4.655805 1.188466 5.664767
v 4.226689 1.081120 5.678663
v 4.655805 1.081120 5.678662
v 4.655805 1.115696 5.722354
v 4.226689 1.115696 5.722354
v 4.655805 0.721071 5.963590
v 4.226689 0.721071 5.963590
v 4.226689 0.755647 6.007282
v 4.655805 0.755647 6.007281
v 4.226689 0.648301 6.021177
v 4.655805 0.648301 6.021176
v 4.655805 0.682877 6.064868
v 4.226688 0.682877 6.064868
v 4.655805 0.339240 6.265753
v 4.226688 0.339240 6.265754
v 4.226688 0.373816 6.309445
v 4.655805 0.373816 6.309445
v 4.226688 0.266471 6.323340
v 4.655805 0.266471 6.323340
v 4.655805 0.301046 6.367032
v 4.226688 0.301046 6.367032
v 4.655803 1.803084 5.107331
v 4.226689 1.803084 5.107331
v 4.226689 1.837659 5.151023
v 4.655803 1.837659 5.151022
v 4.226689 1.730314 5.164918
v 4.655803 1.730314 5.164917
v 4.655803 1.764890 5.208609
v 4.226689 1.764890 5.208610
v 4.655805 1.378054 5.443681
v 4.226689 1.378054 5.443682
v 4.226689 1.412630 5.487373
v 4.655805 1.412630 5.487373
v 4.226689 1.305284 5.501268
v 4.655805 1.305284 5.501268
v 4.655805 1.339860 5.544960
v 4.226689 1.339860 5.544960
v 4.655805 0.534672 6.111097
v 4.226688 0.534672 6.111098
v 4.226688 0.569248 6.154789
v 4.655805 0.569248 6.154789
v 4.226688 0.461902 6.168684
v 4.655805 0.461902 6.168684
v 4.655805 0.496478 6.212375
v 4.226688 0.496478 6.212376
v 4.655805 0.936459 5.793140
v 4.226689 0.936459 5.793140
v 4.226689 0.971035 5.836832
v 4.655805 0.971035 5.836832
v 4.226689 0.863689 5.850727
v 4.655805 0.863689 5.850727
v 4.655805 0.898265 5.894418
v 4.226689 0.898265 5.894419
v 5.494752 1.408056 3.551769
v 5.494752 1.408056 3.551769
v 5.494752 1.408056 4.021112
v 5.494752 1.408056 4.021112
v 5.494752 1.877398 4.021112
v 5.494752 1.877398 4.021112
v 5.494752 1.877398 3.551769
v 5.494752 1.877398 3.551769
v 6.109035 1.449792 3.593506
v 6.109035 1.449792 3.593506
v 6.109035 1.835662 3.593506
v 6.109035 1.835662 3.593506
v 6.109035 1.449792 3.979376
v 6.109035 1.449792 3.979376
v 6.109035 1.835662 3.979376
v 6.109035 1.835662 3.979376
v 5.494752 1.383914 3.527628
v 5.494752 1.383914 3.527628
v 5.494752 1.383914 4.045255
v 5.494752 1.383914 4.045255
v 5.494752 1.901540 4.045255
v 5.494752 1.901540 4.045255
v 5.494752 1.901540 3.527628
v 5.494752 1.901540 3.527628
v 5.156842 1.383914 4.045255
v 5.156842 1.901540 4.045255
v 5.156842 1.901540 3.527628
v 5.156842 1.383914 3.527628
v 5.767925 1.516570 4.002553
v 5.767925 1.516570 4.002553
v 5.767925 1.768884 4.002553
v 5.767925 1.768884 4.002553
v 5.998483 1.766217 3.986887
v 5.998483 1.766217 3.986887
v 5.998483 1.519237 3.986887
v 5.998483 1.519237 3.986887
v 5.754062 1.516570 3.798503
v 5.754062 1.516570 3.798503
v 5.754062 1.768884 3.798503
v 5.754062 1.768884 3.798503
v 5.984620 1.766217 3.782838
v 5.984620 1.766217 3.782838
v 5.984620 1.519237 3.782838
v 5.984620 1.519237 3.782838
v 5.986935 0.237133 2.130718
v 5.986935 0.237133 2.130718
v 5.986935 0.237133 2.600060
v 5.986935 0.237133 2.600060
v 5.986935 0.706475 2.600060
v 5.986935 0.706475 2.600060
v 5.986935 0.706475 2.130718
v 5.986935 0.706475 2.130718
v 6.601218 0.278869 2.172454
v 6.601218 0.278869 2.172454
v 6.601218 0.664739 2.172454
v 6.601218 0.664739 2.172454
v 6.601218 0.278869 2.558324
v 6.601218 0.278869 2.558324
v 6.601218 0.664739 2.558324
v 6.601218 0.664739 2.558324
v 5.986935 0.212991 2.106576
v 5.986935 0.212991 2.106576
v 5.986935 0.212991 2.624202
v 5.986935 0.212991 2.624202
v 5.986935 0.730617 2.624202
v 5.986935 0.730617 2.624202
v 5.986935 0.730617 2.106576
v 5.986935 0.730617 2.106576
v 5.649024 0.212991 2.624202
v 5.649024 0.730617 2.624202
v 5.649024 0.730617 2.106576
v 5.649024 0.212991 2.106576
v 6.260108 0.345647 2.581500
v 6.260108 0.345647 2.581500
v 6.260108 0.597961 2.581500
v 6.260108 0.597961 2.581500
v 6.490665 0.595294 2.565835
v 6.490665 0.595294 2.565835
v 6.490665 0.348315 2.565835
v 6.490665 0.348315 2.565835
v 6.246244 0.345647 2.377452
v 6.246244 0.345647 2.377452
v 6.246244 0.597961 2.377452
v 6.246244 0.597961 2.377452
v 6.476801 0.595294 2.361787
v 6.476801 0.595294 2.361787
v 6.476801 0.348315 2.361787
v 6.476801 0.348315 2.361787
v 4.762998 2.378347 4.401330
v 4.762998 2.666393 4.401330
v 4.762998 2.666393 4.401330
v 4.762997 2.666393 4.113284
v 4.762997 2.666393 4.113284
v 4.762997 2.378347 4.113284
v 5.051043 2.666393 4.113284
v 5.051043 2.666393 4.113284
v 5.051043 2.378347 4.113284
v 5.051044 2.666393 4.401330
v 5.051044 2.666393 4.401330
v 5.051044 2.378347 4.401330
v 5.487967 2.378347 1.184551
v 5.487967 2.666393 1.184551
v 5.487967 2.666393 1.184551
v 5.487967 2.666393 0.896505
v 5.487967 2.666393 0.896505
v 5.487967 2.378347 0.896505
v 5.776012 2.666393 0.896505
v 5.776012 2.666393 0.896505
v 5.776012 2.378347 0.896505
v 5.776012 2.666393 1.184551
v 5.776012 2.666393 1.184551
v 5.776012 2.378347 1.184551
v 5.194246 2.378347 -1.373260
v 5.194246 2.666393 -1.373260
v 5.194246 2.666393 -1.373260
v 5.194246 2.666393 -1.661306
v 5.194246 2.666393 -1.661306
v 5.194246 2.378347 -1.661306
v 5.482292 2.666393 -1.661306
v 5.482292 2.666393 -1.661306
v 5.482292 2.378347 -1.661306
v 5.482292 2.666393 -1.373260
v 5.482292 2.666393 -1.373260
v 5.482292 2.378347 -1.373260
v 4.765902 2.378347 -4.371650
v 4.765902 2.666393 -4.371650
v 4.765902 2.666393 -4.371650
v 4.765902 2.666393 -4.659696
v 4.765902 2.666393 -4.659696
v 4.765902 2.378347 -4.659696
v 5.053947 2.666393 -4.659696
v 5.053947 2.666393 -4.659696
v 5.053947 2.378347 -4.659696
v 5.053947 2.666393 -4.371650
v 5.053947 2.666393 -4.371650
v 5.053947 2.378347 -4.371650
v 4.374274 2.378345 -7.296611
v 4.374274 2.666393 -7.296611
v 4.374274 2.666393 -7.296611
v 4.374274 2.666393 -7.584657
v 4.374274 2.666393 -7.584657
v 4.374274 2.378345 -7.584657
v 4.662320 2.666393 -7.584657
v 4.662320 2.666393 -7.584657
v 4.662320 2.378345 -7.584657
v 4.662320 2.666393 -7.296611
v 4.662320 2.666393 -7.296611
v 4.662320 2.378345 -7.296611
v 1.105661 2.378345 -7.813556
v 1.105661 2.666393 -7.813556
v 1.105661 2.666393 -7.813556
v 1.105661 2.666391 -8.101601
v 1.105661 2.666391 -8.101601
v 1.105661 2.378345 -8.101601
v 1.393707 2.666391 -8.101602
v 1.393707 2.666391 -8.101602
v 1.393707 2.378345 -8.101602
v 1.393707 2.666393 -7.813556
v 1.393707 2.666393 -7.813556
v 1.393707 2.378345 -7.813556
v 1.470886 2.378347 4.401332
v 1.470886 2.666393 4.401332
v 1.470886 2.666393 4.401332
v 1.470886 2.666393 4.113286
v 1.470886 2.666393 4.113286
v 1.470886 2.378347 4.113286
v 1.758932 2.666393 4.113286
v 1.758932 2.666393 4.113286
v 1.758932 2.378347 4.113286
v 1.758932 2.666393 4.401332
v 1.758932 2.666393 4.401332
v 1.758932 2.378347 4.401332
v 5.683075 2.618087 1.078786
v 4.992914 2.618087 4.248499
v 5.622414 2.532638 1.065578
v 4.932253 2.532638 4.235291
v 1.567119 2.585448 4.201781
v 4.811098 2.585448 4.201779
v 4.811098 2.532637 4.240149
v 1.567119 2.532638 4.240150
v 4.894762 2.585448 4.227129
v 5.584924 2.585448 1.057415
v 4.811099 2.552809 4.302231
v 1.567119 2.552809 4.302232
v 5.683075 2.552809 1.078786
v 4.992914 2.552810 4.248499
v 4.811099 2.618087 4.302231
v 1.567119 2.618087 4.302232
v 4.811098 2.638258 4.240149
v 1.567119 2.638258 4.240150
v 5.622414 2.638259 1.065578
v 4.932253 2.638259 4.235291
v 4.578650 2.618087 -7.322248
v 5.670540 2.618087 1.055633
v 4.516921 2.532638 -7.315639
v 5.608810 2.532638 1.062242
v 5.570659 2.585448 1.066327
v 4.478770 2.585448 -7.311554
v 4.578650 2.552809 -7.322248
v 5.670540 2.552810 1.055633
v 4.516921 2.638258 -7.315639
v 5.608810 2.638259 1.062242
v 4.477612 2.618087 -7.390965
v 1.268657 2.618087 -7.866370
v 4.486710 2.532638 -7.452376
v 1.277755 2.532636 -7.927782
v 1.283378 2.585446 -7.965737
v 4.492332 2.585448 -7.490331
v 4.477612 2.552809 -7.390965
v 1.268657 2.552809 -7.866370
v 4.486710 2.638258 -7.452376
v 1.277755 2.638257 -7.927782
v 2.264467 2.598242 -0.078211
v 2.025625 2.598285 0.054735
v 4.355675 2.775565 -0.163413
v 4.371781 2.496277 0.899503
v 4.536324 2.496195 0.666115
v 1.720720 2.393854 0.909864
v 1.964400 2.393959 1.180894
v 4.355683 2.420947 -0.163282
v 4.060685 2.420896 -0.284434
v 1.899610 2.598560 0.810213
v 2.082370 2.598638 1.013484
v 1.720711 2.803331 0.909714
v 1.964391 2.803436 1.180744
v 4.658355 2.393592 0.024090
v 4.414671 2.393488 -0.246939
v 4.760308 2.393723 0.374009
v 1.516575 2.421153 0.565984
v 1.584037 2.421006 0.161544
v 1.957184 2.420947 -0.021324
v 1.773429 2.421039 0.239323
v 4.353442 2.598638 0.879068
v 1.618758 2.803201 0.559795
v 1.795764 2.496092 0.549431
v 1.842746 2.495990 0.267764
v 1.678727 2.803070 0.200293
v 4.795030 2.775918 0.772259
v 4.490322 2.803436 1.031242
v 1.823143 2.598462 0.547774
v 4.510946 2.598560 0.655657
v 4.555922 2.598462 0.386030
v 4.700343 2.393854 0.733511
v 4.558774 2.421418 1.107507
v 4.795037 2.421299 0.772390
v 1.631274 2.421300 0.959641
v 4.658116 2.421153 0.380047
v 4.568909 2.421038 0.073868
v 1.631266 2.775918 0.959512
v 1.905405 2.776036 1.264421
v 2.023386 2.421359 1.097217
v 2.318387 2.421411 1.218369
v 4.747800 2.421006 -0.025708
v 4.473657 2.420888 -0.330617
v 1.888740 2.393487 -0.097438
v 1.516568 2.775770 0.565853
v 4.658109 2.775770 0.379916
v 4.568901 2.775657 0.073738
v 4.473650 2.775506 -0.330746
v 1.584029 2.775623 0.161414
v 1.868119 2.598363 0.278147
v 2.007286 2.495908 0.034376
v 2.318380 2.776028 1.218237
v 4.747792 2.775624 -0.025838
v 1.957176 2.775565 -0.021454
v 4.479460 2.598363 0.123591
v 4.296696 2.598285 -0.079681
v 4.421878 2.775976 0.955127
v 4.760299 2.803201 0.373858
v 4.658346 2.803070 0.023940
v 4.605649 2.421267 0.694611
v 4.490331 2.393959 1.031392
v 1.618767 2.393723 0.559945
v 4.503426 2.495990 0.110288
v 4.312501 2.495908 -0.102062
v 2.235837 2.420896 -0.176428
v 4.583306 2.496092 0.384447
v 4.700334 2.803331 0.733360
v 4.122274 2.496322 1.038387
v 1.810161 2.775885 0.859936
v 1.678736 2.393592 0.200443
v 3.905821 2.495862 -0.202108
v 2.256799 2.495862 -0.104508
v 1.810168 2.421267 0.860066
v 4.605641 2.775885 0.694481
v 1.820295 2.420888 -0.173573
v 1.888731 2.802965 -0.097588
v 2.066565 2.496277 1.035941
v 4.414662 2.802965 -0.247089
v 4.094372 2.420822 -0.486383
v 4.421886 2.421359 0.955258
v 1.720957 2.421153 0.553887
v 1.905412 2.421418 1.264550
v 1.875644 2.496195 0.823591
v 4.862498 2.421153 0.367950
v 3.907399 2.598242 -0.175450
v 4.200502 2.776101 1.306797
v 1.820287 2.775505 -0.173703
v 2.207190 2.802907 -0.274851
v 2.178562 2.420822 -0.372993
v 2.235828 2.775513 -0.176558
v 2.113636 2.598242 -2.626615
v 1.874794 2.598285 -2.493668
v 4.204844 2.775565 -2.711816
v 4.220950 2.496277 -1.648901
v 4.385493 2.496195 -1.882289
v 1.569889 2.393854 -1.638539
v 1.813569 2.393959 -1.367510
v 4.204852 2.420947 -2.711686
v 3.909854 2.420896 -2.832837
v 1.931539 2.598638 -1.534919
v 1.569880 2.803331 -1.638690
v 1.813560 2.803436 -1.367660
v 4.507524 2.393592 -2.524314
v 4.263840 2.393488 -2.795342
v 4.609477 2.393723 -2.174395
v 1.365745 2.421153 -1.982419
v 1.433206 2.421006 -2.386860
v 1.806353 2.420947 -2.569727
v 1.622598 2.421039 -2.309081
v 4.202611 2.598638 -1.669336
v 1.467927 2.803201 -1.988608
v 1.644934 2.496092 -1.998972
v 1.691916 2.495990 -2.280640
v 1.527896 2.803070 -2.348110
v 4.711660 2.775770 -2.180584
v 4.339491 2.803436 -1.517161
v 1.672312 2.598462 -2.000630
v 4.360115 2.598560 -1.892747
v 4.405091 2.598462 -2.162374
v 4.549512 2.393854 -1.814893
v 4.407944 2.421418 -1.440897
v 4.644207 2.421299 -1.776014
v 4.407936 2.776036 -1.441027
v 1.480443 2.421300 -1.588762
v 4.507286 2.421153 -2.168357
v 4.418078 2.421038 -2.474535
v 1.872555 2.421359 -1.451186
v 2.167558 2.421411 -1.330035
v 4.596969 2.421006 -2.574112
v 4.322827 2.420888 -2.879020
v 1.737909 2.393487 -2.645841
v 1.365737 2.775770 -1.982550
v 4.507278 2.775770 -2.168487
v 4.418070 2.775657 -2.474665
v 4.322819 2.775506 -2.879150
v 1.433198 2.775623 -2.386990
v 1.717288 2.598363 -2.270256
v 1.856455 2.495908 -2.514028
v 2.167550 2.776028 -1.330166
v 4.596961 2.775624 -2.574242
v 1.806345 2.775565 -2.569858
v 4.328629 2.598363 -2.424812
v 4.145865 2.598285 -2.628084
v 4.271048 2.775976 -1.593277
v 4.609468 2.803201 -2.174546
v 4.507515 2.803070 -2.524463
v 4.454817 2.421267 -1.853792
v 4.339500 2.393959 -1.517012
v 1.467936 2.393723 -1.988458
v 4.352595 2.495990 -2.438115
v 4.161670 2.495908 -2.650466
v 2.085004 2.420896 -2.724831
v 4.432475 2.496092 -2.163957
v 4.549503 2.803331 -1.815044
v 3.971445 2.496322 -1.510017
v 1.659330 2.775885 -1.688468
v 1.527905 2.393592 -2.347961
v 3.754991 2.495862 -2.750511
v 2.105968 2.495862 -2.652911
v 1.659338 2.421267 -1.688338
v 1.669464 2.420888 -2.721977
v 1.737900 2.802965 -2.645991
v 1.915734 2.496277 -1.512462
v 4.263830 2.802965 -2.795493
v 3.943539 2.420822 -3.034786
v 4.271055 2.421359 -1.593146
v 1.570126 2.421153 -1.994516
v 1.754581 2.421418 -1.283853
v 1.724813 2.496195 -1.724813
v 3.756568 2.598242 -2.723854
v 1.669456 2.775505 -2.722107
v 2.084996 2.775512 -2.724961
v 2.056369 2.393429 -2.823105
v 2.027725 2.775440 -2.921527
v 1.950674 2.598242 -5.379971
v 1.711832 2.598284 -5.247024
v 4.041883 2.775563 -5.465173
v 4.057988 2.496277 -4.402256
v 4.222530 2.496195 -4.635646
v 1.406928 2.393854 -4.391895
v 1.650607 2.393959 -4.120866
v 4.041890 2.420947 -5.465042
v 3.746892 2.420896 -5.586195
v 1.585818 2.598560 -4.491547
v 1.768577 2.598638 -4.288275
v 1.406919 2.803331 -4.392045
v 1.650599 2.803436 -4.121017
v 4.344563 2.393590 -5.277670
v 4.100877 2.393486 -5.548699
v 4.446516 2.393723 -4.927752
v 1.202783 2.421153 -4.735777
v 1.270245 2.421005 -5.140216
v 1.643391 2.420947 -5.323084
v 1.459636 2.421039 -5.062437
v 4.039649 2.598638 -4.422693
v 1.304966 2.803200 -4.741965
v 1.481972 2.496092 -4.752328
v 1.528954 2.495990 -5.033996
v 1.364934 2.803070 -5.101467
v 4.481236 2.775918 -4.529501
v 4.548699 2.775769 -4.933941
v 4.176530 2.803436 -4.270518
v 1.509351 2.598462 -4.753986
v 4.197154 2.598560 -4.646104
v 4.242129 2.598462 -4.915730
v 4.386550 2.393854 -4.568250
v 4.244983 2.421418 -4.194254
v 4.481244 2.421299 -4.529372
v 4.244975 2.776036 -4.194383
v 1.317481 2.421300 -4.342119
v 4.344325 2.421153 -4.921714
v 4.255117 2.421036 -5.227891
v 1.317473 2.775918 -4.342248
v 1.591612 2.776036 -4.037339
v 1.709594 2.421359 -4.204543
v 2.004596 2.421411 -4.083391
v 4.434008 2.421005 -5.327469
v 4.159864 2.420887 -5.632377
v 1.893407 2.393429 -5.576461
v 1.574947 2.393486 -5.399198
v 4.344317 2.775769 -4.921844
v 4.255109 2.775656 -5.228023
v 4.159856 2.775506 -5.632506
v 1.270237 2.775623 -5.140347
v 1.554327 2.598361 -5.023613
v 1.693493 2.495908 -5.267385
v 1.709586 2.775977 -4.204673
v 2.004589 2.776028 -4.083521
v 4.433999 2.775624 -5.327599
v 1.643384 2.775563 -5.323214
v 4.165668 2.598361 -5.178169
v 3.982903 2.598284 -5.381441
v 3.829438 2.776028 -4.191529
v 4.108086 2.775976 -4.346634
v 4.446507 2.803200 -4.927903
v 4.344554 2.803070 -5.277820
v 4.291856 2.421267 -4.607150
v 4.176538 2.393959 -4.270369
v 1.304974 2.393723 -4.741815
v 4.189633 2.495990 -5.191472
v 3.998708 2.495908 -5.403823
v 1.922041 2.420896 -5.478187
v 4.269513 2.496092 -4.917314
v 4.386542 2.803331 -4.568401
v 3.808483 2.496322 -4.263374
v 1.496368 2.775885 -4.441824
v 1.364943 2.393590 -5.101316
v 3.592029 2.495862 -5.503868
v 1.943007 2.495862 -5.406268
v 1.496376 2.421267 -4.441694
v 4.291849 2.775885 -4.607280
v 1.506502 2.420887 -5.475333
v 1.574938 2.802963 -5.399347
v 1.752772 2.496277 -4.265819
v 4.100869 2.802963 -5.548850
v 3.780578 2.420820 -5.788144
v 4.108094 2.421359 -4.346502
v 1.407164 2.421153 -4.747873
v 1.591620 2.421418 -4.037210
v 1.561851 2.496195 -4.478168
v 3.593607 2.598242 -5.477211
v 1.506495 2.775505 -5.475463
v 1.893398 2.802907 -5.576611
v 1.922034 2.775512 -5.478318
v 1.864763 2.775440 -5.674883
v 5.365817 1.801698 -5.417399
v 5.335928 2.044140 -5.294726
v 5.909626 -0.227008 -5.439328
v 5.745973 -0.230174 -4.352470
v 5.752285 -0.405453 -4.577818
v 5.166499 2.357511 -4.435019
v 5.237947 2.133837 -4.156269
v 5.562712 -0.289426 -5.400492
v 5.497059 -0.006599 -5.532395
v 5.389176 2.211957 -4.549322
v 5.442763 2.044202 -4.340259
v 5.567079 2.429586 -4.479861
v 5.638529 2.205912 -4.201112
v 5.609591 -0.580769 -5.199523
v 5.538142 -0.357091 -5.478274
v 5.663304 -0.660581 -4.847980
v 5.121711 2.542922 -4.787569
v 5.093206 2.453082 -5.186615
v 5.142404 2.075756 -5.353602
v 5.135356 2.271502 -5.101933
v 5.840742 -0.195324 -4.384659
v 5.513367 2.509398 -4.831404
v 5.243948 2.280800 -4.801232
v 5.224096 2.218230 -5.079144
v 5.488029 2.429536 -5.186113
v 6.083465 -0.604265 -4.492771
v 6.081169 -0.284933 -4.250495
v 5.348891 2.271819 -4.812979
v 5.846782 -0.363106 -4.600374
v 5.827778 -0.423001 -4.866406
v 5.688642 -0.580724 -4.493271
v 5.727489 -0.415005 -4.130363
v 5.736551 -0.666684 -4.453935
v 5.182137 2.453133 -4.392082
v 5.672229 -0.554982 -4.848986
v 5.625231 -0.485148 -5.156586
v 5.529052 2.515553 -4.430916
v 5.609433 2.263919 -4.117323
v 5.267044 2.075829 -4.240057
v 5.332699 1.792995 -4.108152
v 5.647617 -0.666735 -5.248468
v 5.567236 -0.415099 -5.562063
v 5.095500 2.133754 -5.428891
v 6.019145 -0.492563 -4.887822
v 5.972145 -0.422729 -5.195421
v 5.914152 -0.352680 -5.600897
v 5.440119 2.515500 -5.225450
v 5.329887 2.211921 -5.079010
v 5.230405 2.042957 -5.304493
v 5.613958 2.138247 -4.278893
v 5.679614 1.855413 -4.146988
v 5.994532 -0.604316 -5.287302
v 5.489318 2.138175 -5.392435
v 5.787494 -0.363145 -5.130063
v 5.733907 -0.195385 -5.339125
v 6.034266 -0.226936 -4.325785
v 6.063886 -0.588506 -4.892823
v 6.010173 -0.508694 -5.244366
v 5.694401 -0.485107 -4.538616
v 5.680587 -0.357008 -4.205653
v 5.112785 2.437320 -4.786561
v 5.690348 -0.405489 -5.131163
v 5.634367 -0.230238 -5.349561
v 5.732432 -0.468021 -4.855731
v 6.089224 -0.508648 -4.538114
v 5.714749 0.023092 -4.224319
v 5.551439 2.333961 -4.522799
v 5.087448 2.357460 -5.141271
v 5.550602 0.163566 -5.464885
v 5.261631 1.789683 -5.432645
v 5.204525 2.271542 -4.483963
v 5.496084 2.205827 -5.473731
v 5.342010 2.043022 -4.307402
v 5.938723 -0.285015 -5.523116
v 5.482822 -0.051456 -5.731652
v 5.687352 -0.289355 -4.286949
v 5.157527 2.341377 -4.791564
v 5.262519 2.201500 -4.078487
v 5.286032 2.218268 -4.525801
v 5.708045 -0.756525 -4.852982
v 5.653722 0.181587 -5.449519
v 5.449180 2.263824 -5.549022
v 5.535936 1.882564 -5.637299
v 5.177274 1.792905 -5.496719
v 5.543832 1.801698 -3.355187
v 5.513943 2.044140 -3.232514
v 6.087641 -0.227008 -3.377116
v 5.923988 -0.230174 -2.290259
v 5.930300 -0.405453 -2.515608
v 5.344513 2.357511 -2.372808
v 5.415961 2.133837 -2.094057
v 5.740725 -0.289426 -3.338281
v 5.675070 -0.006595 -3.470185
v 5.567192 2.211957 -2.487110
v 5.620777 2.044202 -2.278048
v 5.745094 2.429586 -2.417649
v 5.816544 2.205912 -2.138900
v 5.787604 -0.580769 -3.137312
v 5.716155 -0.357091 -3.416062
v 5.841317 -0.660581 -2.785769
v 5.299726 2.542922 -2.725357
v 5.271219 2.453082 -3.124404
v 5.320417 2.075756 -3.291390
v 5.313370 2.271502 -3.039723
v 5.988866 0.047122 -2.199775
v 6.018756 -0.195324 -2.322448
v 5.691382 2.509398 -2.769193
v 5.421961 2.280800 -2.739022
v 5.402109 2.218232 -3.016934
v 5.666043 2.429536 -3.123901
v 6.261480 -0.604265 -2.430559
v 6.259183 -0.284933 -2.188283
v 6.024797 -0.363106 -2.538163
v 6.005793 -0.423001 -2.804195
v 5.866657 -0.580724 -2.431061
v 5.905504 -0.415005 -2.068152
v 5.914565 -0.666684 -2.391724
v 6.252418 -0.352586 -2.106986
v 5.360153 2.453133 -2.329872
v 5.850244 -0.554982 -2.786775
v 5.803244 -0.485148 -3.094375
v 5.787447 2.263919 -2.055111
v 5.445058 2.075829 -2.177846
v 5.510714 1.792994 -2.045942
v 5.825632 -0.666735 -3.186257
v 5.745252 -0.415099 -3.499851
v 5.273515 2.133754 -3.366679
v 5.646640 2.605341 -2.764191
v 6.197158 -0.492563 -2.825610
v 6.150160 -0.422729 -3.133210
v 6.092165 -0.352680 -3.538685
v 5.618134 2.515500 -3.163239
v 5.507903 2.211923 -3.016799
v 5.408420 2.042957 -3.242282
v 5.791973 2.138247 -2.216681
v 5.857627 1.855413 -2.084778
v 6.172546 -0.604316 -3.225092
v 5.667333 2.138175 -3.330225
v 5.965508 -0.363145 -3.067852
v 5.911922 -0.195385 -3.276914
v 6.212281 -0.226936 -2.263573
v 6.241899 -0.588506 -2.830612
v 6.188188 -0.508694 -3.182154
v 5.872416 -0.485107 -2.476405
v 5.858601 -0.357008 -2.143441
v 5.290799 2.437322 -2.724350
v 5.868362 -0.405489 -3.068951
v 5.812382 -0.230238 -3.287350
v 5.355289 1.792902 -3.434509
v 5.910445 -0.468021 -2.793520
v 6.267239 -0.508648 -2.475903
v 5.892764 0.023093 -2.162108
v 5.729455 2.333961 -2.460587
v 5.265460 2.357461 -3.079060
v 5.728615 0.163566 -3.402673
v 5.439644 1.789683 -3.370434
v 5.382540 2.271542 -2.421752
v 5.280280 2.201407 -3.447976
v 5.674097 2.205829 -3.411520
v 5.520026 2.043022 -2.245191
v 6.116736 -0.285015 -3.460905
v 5.660838 -0.051455 -3.669441
v 5.865366 -0.289355 -2.224738
v 5.335541 2.341379 -2.729353
v 5.440533 2.201500 -2.016277
v 5.464046 2.218268 -2.463590
v 5.886059 -0.756525 -2.790771
v 5.831737 0.181587 -3.387307
v 5.682454 2.403798 -2.768187
v 5.627193 2.263826 -3.486811
v 5.713949 1.882567 -3.575087
v 5.702202 1.855324 -3.473343
v 1.182510 -1.141018 -8.802184
v 5.503893 -1.138363 -8.110465
v 5.503893 -1.138363 -8.110465
v 5.665112 -1.206862 -5.071169
v 5.665112 -1.206862 -5.071169
v 1.115237 -1.214703 -4.855384
v 5.503893 -0.629237 -8.236706
v 1.182788 0.168012 -8.928358
v -1.182798 0.168012 -8.928358
v 5.503893 0.168012 -8.236706
v 5.503893 0.168012 -8.236706
v 4.635691 0.110169 6.426127
v 5.665112 -0.955288 -4.632377
v 5.665112 -0.955288 -4.632377
v 1.115237 -0.963129 -4.416591
v 5.665112 -0.079118 -4.632377
v 5.665112 -0.079118 -4.632377
v 1.115237 -0.086960 -4.416591
v -3.549144 -0.810667 -5.306134
v -4.517203 -0.810667 -4.511667
v -2.444693 -0.810667 -5.896475
v -1.246294 -0.810667 -6.260006
v -3.549144 -0.924724 -5.306134
v -4.517203 -0.924724 -4.511667
v -2.444693 -0.924724 -5.896475
v -1.246294 -0.924724 -6.260006
v -6.622958 -0.995630 -0.079462
v -6.622958 -0.995630 -0.079462
v -5.999337 -0.995630 -0.079463
v -5.999337 -0.995630 -0.079463
v -5.999337 0.024327 -0.079463
v -6.622958 -0.822659 -0.079462
v -6.622958 -0.822659 -0.079462
v -6.622958 -0.822659 0.090534
v -6.622958 -0.822659 0.090534
v -5.999337 0.024327 0.090534
v -6.622958 -0.995630 0.090534
v -6.622958 -0.995630 0.090534
v -5.999337 -0.995630 0.090534
v -5.999337 -0.995630 0.090534
v -6.495903 -0.822659 -1.288314
v -6.495903 -0.822659 -1.288314
v -5.885911 0.024327 -1.158657
v -5.885911 -0.995630 -1.158657
v -5.885911 -0.995630 -1.158657
v -6.495903 -0.995630 -1.288314
v -6.495903 -0.995630 -1.288314
v -5.850566 -0.995630 -1.324938
v -5.850566 -0.995630 -1.324938
v -6.015802 -0.995630 -2.765914
v -6.015802 -0.995630 -2.765914
v -5.446097 -0.995630 -2.512265
v -5.446097 -0.995630 -2.512265
v -6.084946 -0.822659 -2.610615
v -6.084946 -0.822659 -2.610615
v -6.015802 -0.822659 -2.765914
v -6.015802 -0.822659 -2.765914
v -6.084946 -0.995630 -2.610615
v -6.084946 -0.995630 -2.610615
v -6.495902 -0.995630 1.299385
v -6.495902 -0.995630 1.299385
v -5.885909 -0.995630 1.169727
v -5.885909 -0.995630 1.169727
v -5.885909 0.024327 1.169727
v -6.495902 -0.822659 1.299385
v -6.495902 -0.822659 1.299385
v -6.460557 -0.822659 1.465667
v -6.460557 -0.822659 1.465667
v -5.850564 0.024327 1.336009
v -6.460557 -0.995630 1.465667
v -6.460557 -0.995630 1.465667
v -5.850564 -0.995630 1.336009
v -5.850564 -0.995630 1.336009
v -6.084944 -0.995630 2.621686
v -6.084944 -0.995630 2.621686
v -5.515238 -0.995630 2.368036
v -5.515238 -0.995630 2.368036
v -5.515238 0.024327 2.368036
v -6.084944 -0.822659 2.621686
v -6.084944 -0.822659 2.621686
v -2.491304 2.117661 5.378350
v -2.667971 2.239147 5.285971
v -2.642987 2.315610 5.227829
v -2.876008 2.385118 5.174978
v -2.453026 2.184983 5.327158
v -2.884685 2.268121 5.033178
v -3.115307 2.268121 5.033177
v -3.332021 2.203476 5.082332
v -2.491304 2.081990 5.174708
v -2.667971 2.203476 5.082330
v -3.508688 2.081990 5.174709
v -0.115308 2.303789 5.236817
v -0.332021 2.239147 5.285971
v -0.123984 2.385118 5.174976
v -0.115307 2.268121 5.033176
v -0.332021 2.203476 5.082329
v -0.508688 2.081990 5.174707
v -4.770055 2.427460 -7.739099
v -5.833857 2.427280 1.089960
v -5.033397 2.427140 4.604183
v -5.032259 -0.745587 -7.961360
v -5.357889 -0.813982 -6.065927
v -5.757728 -0.821927 -3.040443
v -6.177384 -0.821913 1.156090
v -4.937343 -0.821927 6.516760
v -4.937343 -0.821927 6.516760
v -4.917860 -0.081033 6.512396
v -5.432683 2.427164 -2.985989
v -0.653554 -0.745587 -8.662238
v -4.860845 -0.081033 6.533087
v -4.561618 2.163738 -6.714105
v -4.561618 2.163738 -6.714105
v -4.561618 2.163738 -7.727432
v -4.561618 2.163738 -7.727432
v -6.346523 2.163738 -6.463844
v -6.346523 2.163738 -6.463844
v -7.552001 2.163737 -8.000288
v -7.552000 2.163738 -6.124183
v -6.976702 2.163738 -6.124183
v -7.995460 2.163738 -7.857202
v -7.995460 2.163738 -7.857203
v -7.995459 2.163738 -6.267270
v -7.995459 2.163738 -6.267270
v -4.561618 1.053982 -6.714105
v -4.561618 1.053982 -6.714105
v -4.561618 1.053981 -7.727432
v -4.561618 1.053981 -7.727432
v -6.346523 1.053982 -6.463844
v -6.346523 1.053982 -6.463844
v -7.552001 1.053981 -8.000288
v -7.552000 1.053982 -6.124183
v -6.976702 1.053982 -6.124183
v -7.995460 1.053981 -7.857202
v -7.995459 1.053982 -6.267270
v -7.995459 1.053982 -6.267270
v -7.995459 1.941787 -6.164663
v -7.741294 1.941787 -6.082654
v -7.741294 1.941787 -6.082654
v -7.741294 1.719836 -6.028651
v -7.741294 1.497885 -6.028651
v -7.741294 1.275934 -6.082654
v -7.741294 1.275934 -6.082654
v -7.995459 1.497885 -6.110660
v -7.995459 1.719836 -6.110660
v -4.561618 1.941787 -6.611499
v -4.561618 1.719836 -6.557495
v -4.561618 1.497885 -6.557495
v -6.740625 1.275934 -6.048248
v -6.740625 1.275934 -6.048248
v -6.740956 1.608860 -5.984150
v -6.740625 1.941787 -6.048248
v -6.740625 1.941787 -6.048248
v -7.741295 1.682981 -6.871695
v -7.741295 1.534739 -6.871695
v -7.741295 1.831223 -6.925698
v -7.741295 1.831223 -6.925698
v -6.563507 2.163738 -6.170867
v -6.563507 2.163738 -6.170867
v -6.563507 1.053982 -6.170867
v -6.563507 1.053982 -6.170867
v -6.563794 1.405327 -6.027154
v -6.563601 1.803093 -6.023213
v -6.346523 1.497885 -6.307234
v -6.346523 1.275934 -6.361238
v -6.346523 1.719836 -6.307234
v -6.346523 1.941787 -6.361238
v -7.741295 1.386499 -6.925698
v -7.741295 1.386499 -6.925698
v -6.740625 1.386499 -6.891292
v -6.740625 1.386499 -6.891292
v -6.740625 1.534739 -6.837287
v -6.740625 1.682981 -6.837287
v -6.740625 1.831223 -6.891292
v -6.740625 1.831223 -6.891292
v -4.973054 2.427164 4.623808
v -1.573990 2.031492 5.052688
v -1.573990 2.031492 5.052688
v -1.572248 1.902164 5.151118
v -1.572248 1.902164 5.151118
v -1.394132 1.902164 5.149257
v -1.394132 1.902164 5.149257
v -1.394339 2.031492 5.049693
v -1.394339 2.031492 5.049693
v -1.395249 1.800757 5.016795
v -1.395455 1.930083 4.917230
v -1.573365 1.800757 5.018655
v -1.575107 1.930083 4.920225
v -1.573990 0.362069 6.331448
v -1.573990 0.362069 6.331448
v -1.572247 0.232743 6.429878
v -1.572247 0.232743 6.429878
v -1.394131 0.232743 6.428017
v -1.394131 0.232743 6.428017
v -1.394338 0.362069 6.328453
v -1.394338 0.362069 6.328453
v -1.395248 0.131336 6.295555
v -1.395455 0.260662 6.195990
v -1.573364 0.131336 6.297415
v -1.575107 0.260662 6.198985
v -1.484235 0.305639 6.321844
v -1.484236 1.910504 5.128358
v -1.461899 1.906933 5.123556
v -1.461898 0.302068 6.317041
v -1.461899 1.860759 5.061466
v -1.506572 1.860759 5.061466
v -1.528909 0.278981 6.285996
v -1.506572 0.302068 6.317041
v -5.902010 -0.810667 -2.439152
v -5.311671 -0.810667 -3.543604
v -6.265539 -0.810667 -1.240753
v -6.388287 -0.810667 0.005541
v -6.265536 -0.810667 1.251835
v -5.902003 -0.810667 2.450233
v -5.311659 -0.810667 3.554684
v -4.517192 -0.810667 4.522741
v -3.549132 -0.810667 5.317206
v -2.444679 -0.810667 5.907545
v -1.246279 -0.810667 6.271073
v -5.902010 -0.924724 -2.439152
v -5.311671 -0.924724 -3.543604
v -6.265539 -0.924724 -1.240753
v -6.388287 -0.924724 0.005541
v -6.265536 -0.924724 1.251835
v -5.902003 -0.924724 2.450233
v -5.311659 -0.924724 3.554684
v -4.517192 -0.924724 4.522741
v -3.549132 -0.924724 5.317206
v -2.444679 -0.924724 5.907545
v -1.246279 -0.924724 6.271073
v -6.015799 -0.995630 2.776985
v -6.015799 -0.995630 2.776985
v -5.446094 -0.995630 2.523335
v -5.446094 -0.995630 2.523335
v -5.446094 0.024327 2.523335
v -6.015799 -0.822659 2.776985
v -6.015799 -0.822659 2.776985
v -6.460558 -0.995630 -1.454596
v -6.460558 -0.995630 -1.454596
v -6.460558 -0.822659 -1.454596
v -6.460558 -0.822659 -1.454596
v -5.515240 -0.995630 -2.356966
v -5.515240 -0.995630 -2.356966
v -5.386277 -0.948366 -3.600879
v -5.386277 -0.948366 -3.600879
v -5.386277 -0.948366 -3.600879
v -5.490530 -0.990502 -3.583668
v -5.490530 -0.990502 -3.583668
v -5.490530 -0.990502 -3.583668
v -6.034691 -0.990502 -2.565609
v -6.034691 -0.990502 -2.565609
v -6.034691 -0.990502 -2.565609
v -5.988465 -0.948457 -2.474963
v -5.988465 -0.948457 -2.474963
v -5.988465 -0.948457 -2.474963
v -5.988465 -0.948457 -2.474963
v -6.104786 -0.906581 -2.523144
v -6.104786 -0.906581 -2.523144
v -6.104786 -0.906581 -2.523144
v -6.104786 -0.906581 -2.523144
v -5.497365 -0.906672 -3.660256
v -5.497365 -0.906672 -3.660256
v -5.497365 -0.906672 -3.660256
v -6.027271 -0.864535 -2.491036
v -5.393112 -0.864536 -3.677467
v -5.393112 -0.864536 -3.677467
v -5.393112 -0.864536 -3.677467
v -6.436416 -2.297784 -2.732008
v -6.436416 -2.297784 -2.732008
v -6.436416 -2.297784 -2.732008
v -6.428900 -2.381705 -2.657397
v -6.428900 -2.381705 -2.657397
v -6.428900 -2.381705 -2.657397
v -6.428900 -2.381705 -2.657397
v -6.545220 -2.339830 -2.705577
v -6.545220 -2.339830 -2.705577
v -6.545220 -2.339830 -2.705577
v -6.545220 -2.339830 -2.705577
v -5.852072 -2.297784 -3.825243
v -5.852072 -2.297784 -3.825243
v -5.852072 -2.297784 -3.825243
v -5.782657 -2.381614 -3.865731
v -5.782657 -2.381614 -3.865731
v -5.782657 -2.381614 -3.865731
v -5.893745 -2.339921 -3.925108
v -5.893745 -2.339921 -3.925108
v -5.893745 -2.339921 -3.925108
v -5.824332 -2.423751 -3.965597
v -5.824332 -2.423751 -3.965597
v -5.824332 -2.423751 -3.965597
v -6.506415 -2.423751 -2.689504
v -6.085248 -0.990502 -2.443552
v -6.085248 -0.990502 -2.443552
v -6.085248 -0.990502 -2.443552
v -6.420341 -0.990502 -1.338895
v -6.420341 -0.990502 -1.338895
v -6.420341 -0.990502 -1.338895
v -6.357319 -0.948457 -1.259010
v -6.357319 -0.948457 -1.259010
v -6.357319 -0.948457 -1.259010
v -6.357319 -0.948457 -1.259010
v -6.480803 -0.906581 -1.283570
v -6.480803 -0.906581 -1.283570
v -6.480803 -0.906581 -1.283570
v -6.480803 -0.906581 -1.283570
v -6.398515 -0.864535 -1.267203
v -6.846810 -2.297784 -1.423724
v -6.846810 -2.297784 -1.423724
v -6.846810 -2.297784 -1.423724
v -6.824883 -2.381705 -1.352013
v -6.824883 -2.381705 -1.352013
v -6.824883 -2.381705 -1.352013
v -6.824883 -2.381705 -1.352013
v -6.948367 -2.339830 -1.376573
v -6.948367 -2.339830 -1.376573
v -6.948367 -2.339830 -1.376573
v -6.948367 -2.339830 -1.376573
v -6.486973 -2.297784 -2.609952
v -6.486973 -2.297784 -2.609952
v -6.486973 -2.297784 -2.609952
v -6.907172 -2.423751 -1.368381
v -6.446114 -0.990502 -1.209321
v -6.446114 -0.990502 -1.209321
v -6.446114 -0.990502 -1.209321
v -6.559260 -0.990502 -0.060515
v -6.559260 -0.990502 -0.060515
v -6.559260 -0.990502 -0.060515
v -6.481864 -0.948457 0.005541
v -6.481864 -0.948457 0.005541
v -6.481864 -0.948457 0.005541
v -6.481864 -0.948457 0.005541
v -6.607770 -0.906581 0.005542
v -6.607770 -0.906581 0.005542
v -6.607770 -0.906581 0.005542
v -6.607770 -0.906581 0.005542
v -6.523868 -0.864535 0.005541
v -6.994084 -2.297784 -0.060514
v -6.994084 -2.297784 -0.060514
v -6.994084 -2.297784 -0.060514
v -6.958587 -2.381705 0.005542
v -6.958587 -2.381705 0.005542
v -6.958587 -2.381705 0.005542
v -6.958587 -2.381705 0.005542
v -7.084493 -2.339830 0.005542
v -7.084493 -2.339830 0.005542
v -7.084493 -2.339830 0.005542
v -7.084493 -2.339830 0.005542
v -6.872584 -2.297784 -1.294150
v -6.872584 -2.297784 -1.294150
v -6.872584 -2.297784 -1.294150
v -7.042490 -2.423751 0.005542
v -6.559260 -0.990502 0.071598
v -6.559260 -0.990502 0.071598
v -6.559260 -0.990502 0.071598
v -6.446111 -0.990502 1.220403
v -6.446111 -0.990502 1.220403
v -6.446111 -0.990502 1.220403
v -6.357316 -0.948457 1.270092
v -6.357316 -0.948457 1.270092
v -6.357316 -0.948457 1.270092
v -6.357316 -0.948457 1.270092
v -6.480800 -0.906581 1.294652
v -6.480800 -0.906581 1.294652
v -6.480800 -0.906581 1.294652
v -6.480800 -0.906581 1.294652
v -6.398511 -0.864535 1.278285
v -6.872581 -2.297784 1.305234
v -6.872581 -2.297784 1.305234
v -6.872581 -2.297784 1.305234
v -6.824879 -2.381705 1.363097
v -6.824879 -2.381705 1.363097
v -6.824879 -2.381705 1.363097
v -6.824879 -2.381705 1.363097
v -6.948363 -2.339830 1.387657
v -6.948363 -2.339830 1.387657
v -6.948363 -2.339830 1.387657
v -6.948363 -2.339830 1.387657
v -6.994084 -2.297784 0.071599
v -6.994084 -2.297784 0.071599
v -6.994084 -2.297784 0.071599
v -6.907168 -2.423751 1.379464
v -6.420337 -0.990502 1.349977
v -6.420337 -0.990502 1.349977
v -6.420337 -0.990502 1.349977
v -6.085241 -0.990502 2.454634
v -6.085241 -0.990502 2.454634
v -6.085241 -0.990502 2.454634
v -5.988458 -0.948457 2.486045
v -5.988458 -0.948457 2.486045
v -5.988458 -0.948457 2.486045
v -5.988458 -0.948457 2.486045
v -6.104779 -0.906581 2.534225
v -6.104779 -0.906581 2.534225
v -6.104779 -0.906581 2.534225
v -6.104779 -0.906581 2.534225
v -6.027264 -0.864535 2.502118
v -6.486966 -2.297784 2.621035
v -6.486966 -2.297784 2.621035
v -6.486966 -2.297784 2.621035
v -6.428893 -2.381705 2.668479
v -6.428893 -2.381705 2.668479
v -6.428893 -2.381705 2.668479
v -6.428893 -2.381705 2.668479
v -6.545213 -2.339830 2.716660
v -6.545213 -2.339830 2.716660
v -6.545213 -2.339830 2.716660
v -6.545213 -2.339830 2.716660
v -6.846807 -2.297784 1.434808
v -6.846807 -2.297784 1.434808
v -6.846807 -2.297784 1.434808
v -6.506407 -2.423751 2.700586
v -6.034684 -0.990502 2.576690
v -6.034684 -0.990502 2.576690
v -6.034684 -0.990502 2.576690
v -5.490519 -0.990502 3.594748
v -5.490519 -0.990502 3.594748
v -5.490519 -0.990502 3.594748
v -5.386265 -0.948366 3.611959
v -5.386265 -0.948366 3.611959
v -5.386265 -0.948366 3.611959
v -5.497355 -0.906672 3.671336
v -5.497355 -0.906672 3.671336
v -5.497355 -0.906672 3.671336
v -5.393101 -0.864536 3.688547
v -5.393101 -0.864536 3.688547
v -5.393101 -0.864536 3.688547
v -5.852061 -2.297784 3.836323
v -5.852061 -2.297784 3.836323
v -5.852061 -2.297784 3.836323
v -5.782646 -2.381614 3.876812
v -5.782646 -2.381614 3.876812
v -5.782646 -2.381614 3.876812
v -5.893734 -2.339921 3.936189
v -5.893734 -2.339921 3.936189
v -5.893734 -2.339921 3.936189
v -5.824318 -2.423751 3.976678
v -5.824318 -2.423751 3.976678
v -5.824318 -2.423751 3.976678
v -6.436409 -2.297784 2.743091
v -6.436409 -2.297784 2.743091
v -6.436409 -2.297784 2.743091
v -2.375993 1.953982 5.502810
v -2.335945 1.767853 5.644341
v -3.115307 2.303789 5.236819
v -2.884685 2.303789 5.236819
v -3.508688 2.117661 5.378351
v -3.664045 1.767853 5.644342
v -3.623996 0.492005 6.614491
v -3.664044 0.678133 6.472959
v -3.508686 0.328326 6.738952
v -3.332019 0.206841 6.831329
v -3.115305 0.142199 6.880483
v -2.884683 0.142199 6.880481
v -2.667969 0.206841 6.831328
v -2.491303 0.328326 6.738949
v -2.375993 0.492005 6.614490
v -2.335944 0.678133 6.472957
v -3.357005 2.315610 5.227831
v -3.123984 2.385118 5.174977
v -3.546966 2.184983 5.327160
v -3.693924 1.975433 5.487281
v -3.670952 0.436999 6.656317
v -3.714012 0.637134 6.504136
v -3.546963 0.261006 6.790142
v -3.357003 0.130378 6.889472
v -3.123982 0.060872 6.942322
v -2.876006 0.060872 6.942322
v -2.642985 0.130377 6.889470
v -2.453026 0.261006 6.790140
v -2.329037 0.436999 6.656314
v -2.285976 0.637134 6.504133
v -2.375993 0.456334 6.410848
v -2.491304 0.292655 6.535308
v -3.508687 0.292655 6.535311
v -3.623997 0.456334 6.410850
v -2.361430 1.897152 5.315760
v -2.335945 0.642464 6.269317
v -2.884683 0.106528 6.676840
v -3.115305 0.106528 6.676840
v -3.332020 0.171171 6.627688
v -2.667970 0.171171 6.627687
v -3.638562 1.897147 5.315765
v -0.508689 2.117661 5.378349
v -0.664046 1.767853 5.644341
v -0.623997 0.492005 6.614490
v -0.664044 0.678133 6.472958
v -0.508687 0.328326 6.738950
v -0.332020 0.206841 6.831327
v -0.115305 0.142199 6.880480
v -0.546966 2.184983 5.327157
v -0.357006 2.315610 5.227829
v -0.693925 1.975433 5.487281
v -0.670952 0.436999 6.656315
v -0.714013 0.637134 6.504134
v -0.546964 0.261006 6.790140
v -0.357004 0.130378 6.889470
v -0.508687 0.292655 6.535309
v -0.645361 0.487539 6.386394
v -0.332020 0.171171 6.627686
v -0.638563 1.897150 5.315761
v -5.850566 0.024327 -1.324938
v -5.446096 0.024327 -2.512266
v -5.515240 0.024327 -2.356966
v -3.332021 2.239147 5.285973
v -2.329038 2.008987 5.460985
v -4.635685 2.315392 4.737370
v -4.635685 2.313926 4.762750
v -4.679150 2.315590 4.732729
v -4.679150 2.313926 4.762750
v -4.203331 2.315590 4.732726
v -4.203331 2.320900 4.767887
v -4.246796 2.315392 4.737367
v -4.246796 2.318237 4.765926
v -4.246796 0.120269 6.507080
v -4.246796 0.120269 6.507080
v -4.203331 0.120269 6.507080
v -4.203331 0.120269 6.507080
v -4.679151 0.120269 6.507081
v -4.679151 0.120269 6.507081
v -4.635685 0.120269 6.507081
v -4.635685 0.120269 6.507081
v -4.246796 0.110169 6.426132
v -4.203331 0.110169 6.426132
v -4.203327 0.111619 6.427107
v -4.679151 0.110169 6.426131
v -4.635685 0.114999 6.426725
v -4.635685 0.111620 6.427107
v -4.679151 0.114999 6.426725
v -4.203332 0.114999 6.426724
v -4.246796 0.114999 6.426724
v -4.655798 1.581539 5.282657
v -4.226683 1.581539 5.282657
v -4.226683 1.616115 5.326348
v -4.655798 1.616115 5.326349
v -4.226683 1.508770 5.340243
v -4.655798 1.508770 5.340243
v -4.655798 1.543345 5.383935
v -4.226684 1.543345 5.383934
v -4.655798 2.024313 4.932264
v -4.226683 2.024313 4.932264
v -4.226683 2.058889 4.975955
v -4.655798 2.058889 4.975956
v -4.226683 1.951544 4.989851
v -4.655798 1.951544 4.989851
v -4.655798 1.986119 5.033544
v -4.226683 1.986119 5.033542
v -4.655797 1.153890 5.621079
v -4.226684 1.153890 5.621079
v -4.226684 1.188466 5.664771
v -4.655797 1.188466 5.664773
v -4.226684 1.081120 5.678666
v -4.655797 1.081120 5.678666
v -4.655797 1.115696 5.722358
v -4.226684 1.115696 5.722357
v -4.655797 0.721071 5.963593
v -4.226684 0.721071 5.963593
v -4.226684 0.755647 6.007285
v -4.655797 0.755647 6.007285
v -4.226684 0.648301 6.021180
v -4.655797 0.648301 6.021180
v -4.655797 0.682877 6.064872
v -4.226683 0.682877 6.064871
v -4.655797 0.339240 6.265759
v -4.226683 0.339240 6.265759
v -4.226683 0.373816 6.309450
v -4.655797 0.373816 6.309451
v -4.226683 0.266471 6.323345
v -4.655797 0.266471 6.323346
v -4.655797 0.301046 6.367037
v -4.226683 0.301046 6.367037
v -4.655798 1.803084 5.107337
v -4.226683 1.803084 5.107336
v -4.226683 1.837659 5.151028
v -4.655798 1.837659 5.151028
v -4.226683 1.730314 5.164923
v -4.655798 1.730314 5.164923
v -4.655798 1.764890 5.208615
v -4.226683 1.764890 5.208614
v -4.655798 1.378054 5.443687
v -4.226684 1.378054 5.443686
v -4.226684 1.412630 5.487378
v -4.655798 1.412630 5.487379
v -4.226684 1.305284 5.501273
v -4.655798 1.305284 5.501274
v -4.655797 1.339860 5.544965
v -4.226684 1.339860 5.544965
v -4.655797 0.534672 6.111101
v -4.226683 0.534672 6.111101
v -4.226683 0.569248 6.154792
v -4.655797 0.569248 6.154793
v -4.226683 0.461902 6.168687
v -4.655797 0.461902 6.168688
v -4.655797 0.496478 6.212381
v -4.226683 0.496478 6.212380
v -4.655797 0.936459 5.793146
v -4.226684 0.936459 5.793145
v -4.226684 0.971035 5.836837
v -4.655797 0.971035 5.836837
v -4.226684 0.863689 5.850732
v -4.655797 0.863689 5.850732
v -4.655797 0.898265 5.894424
v -4.226684 0.898265 5.894423
v -5.494748 1.408056 3.551775
v -5.494748 1.408056 3.551775
v -5.494748 1.408056 4.021118
v -5.494748 1.408056 4.021118
v -5.494748 1.877398 4.021118
v -5.494748 1.877398 4.021118
v -5.494748 1.877398 3.551775
v -5.494748 1.877398 3.551775
v -6.109032 1.449792 3.593511
v -6.109032 1.449792 3.593511
v -6.109032 1.835662 3.593511
v -6.109032 1.835662 3.593511
v -6.109032 1.449792 3.979381
v -6.109032 1.449792 3.979381
v -6.109032 1.835662 3.979381
v -6.109032 1.835662 3.979381
v -5.494748 1.383914 3.527633
v -5.494748 1.383914 3.527633
v -5.494748 1.383914 4.045259
v -5.494748 1.383914 4.045259
v -5.494748 1.901540 4.045259
v -5.494748 1.901540 4.045259
v -5.494748 1.901540 3.527633
v -5.494748 1.901540 3.527633
v -5.156836 1.383914 4.045259
v -5.156836 1.901540 4.045259
v -5.156836 1.901540 3.527633
v -5.156836 1.383914 3.527633
v -5.767921 1.516570 4.002557
v -5.767921 1.516570 4.002557
v -5.767921 1.768884 4.002557
v -5.767921 1.768884 4.002557
v -5.998477 1.766217 3.986893
v -5.998477 1.766217 3.986893
v -5.998477 1.519237 3.986893
v -5.998477 1.519237 3.986893
v -5.754058 1.516570 3.798509
v -5.754058 1.516570 3.798509
v -5.754058 1.768884 3.798509
v -5.754058 1.768884 3.798509
v -5.984614 1.766217 3.782844
v -5.984614 1.766217 3.782844
v -5.984614 1.519237 3.782844
v -5.984614 1.519237 3.782844
v -5.986932 0.237133 2.130723
v -5.986932 0.237133 2.130723
v -5.986932 0.237133 2.600066
v -5.986932 0.237133 2.600066
v -5.986932 0.706475 2.600066
v -5.986932 0.706475 2.600066
v -5.986932 0.706475 2.130723
v -5.986932 0.706475 2.130723
v -6.601215 0.278869 2.172460
v -6.601215 0.278869 2.172460
v -6.601215 0.664739 2.172460
v -6.601215 0.664739 2.172460
v -6.601215 0.278869 2.558330
v -6.601215 0.278869 2.558330
v -6.601215 0.664739 2.558330
v -6.601215 0.664739 2.558330
v -5.986932 0.212991 2.106582
v -5.986932 0.212991 2.106582
v -5.986932 0.212991 2.624208
v -5.986932 0.212991 2.624208
v -5.986932 0.730617 2.624208
v -5.986932 0.730617 2.624208
v -5.986932 0.730617 2.106582
v -5.986932 0.730617 2.106582
v -5.649021 0.212991 2.624207
v -5.649021 0.730617 2.624207
v -5.649021 0.730617 2.106582
v -5.649021 0.212991 2.106582
v -6.260105 0.345647 2.581506
v -6.260105 0.345647 2.581506
v -6.260105 0.597961 2.581506
v -6.260105 0.597961 2.581506
v -6.490662 0.595294 2.565841
v -6.490662 0.595294 2.565841
v -6.490662 0.348315 2.565841
v -6.490662 0.348315 2.565841
v -6.246242 0.345647 2.377457
v -6.246242 0.345647 2.377457
v -6.246242 0.597961 2.377457
v -6.246242 0.597961 2.377457
v -6.476799 0.595294 2.361793
v -6.476799 0.595294 2.361793
v -6.476799 0.348315 2.361793
v -6.476799 0.348315 2.361793
v -4.762991 2.378347 4.401335
v -4.762991 2.666393 4.401335
v -4.762991 2.666393 4.401335
v -4.762991 2.666393 4.113289
v -4.762991 2.666393 4.113289
v -4.762991 2.378347 4.113289
v -5.051037 2.666393 4.113289
v -5.051037 2.666393 4.113289
v -5.051037 2.378347 4.113289
v -5.051037 2.666393 4.401335
v -5.051037 2.666393 4.401335
v -5.051037 2.378347 4.401335
v -5.487965 2.378347 1.184556
v -5.487965 2.666393 1.184556
v -5.487965 2.666393 1.184556
v -5.487965 2.666393 0.896510
v -5.487965 2.666393 0.896510
v -5.487965 2.378347 0.896510
v -5.776011 2.666393 0.896510
v -5.776011 2.666393 0.896510
v -5.776011 2.378347 0.896510
v -5.776011 2.666393 1.184556
v -5.776011 2.666393 1.184556
v -5.776011 2.378347 1.184556
v -5.194246 2.378347 -1.373255
v -5.194246 2.666393 -1.373255
v -5.194246 2.666393 -1.373255
v -5.194246 2.666393 -1.661301
v -5.194246 2.666393 -1.661301
v -5.194246 2.378347 -1.661301
v -5.482292 2.666393 -1.661301
v -5.482292 2.666393 -1.661301
v -5.482292 2.378347 -1.661301
v -5.482292 2.666393 -1.373255
v -5.482292 2.666393 -1.373255
v -5.482292 2.378347 -1.373255
v -4.765906 2.378347 -4.371646
v -4.765906 2.666393 -4.371646
v -4.765906 2.666393 -4.371646
v -4.765906 2.666393 -4.659692
v -4.765906 2.666393 -4.659692
v -4.765906 2.378347 -4.659692
v -5.053952 2.666393 -4.659692
v -5.053952 2.666393 -4.659692
v -5.053952 2.378347 -4.659692
v -5.053952 2.666393 -4.371646
v -5.053952 2.666393 -4.371646
v -5.053952 2.378347 -4.371646
v -4.374281 2.378345 -7.296606
v -4.374281 2.666393 -7.296606
v -4.374281 2.666393 -7.296606
v -4.374281 2.666393 -7.584651
v -4.374281 2.666393 -7.584651
v -4.374281 2.378345 -7.584651
v -4.662327 2.666393 -7.584651
v -4.662327 2.666393 -7.584651
v -4.662327 2.378345 -7.584651
v -4.662327 2.666393 -7.296606
v -4.662327 2.666393 -7.296606
v -4.662327 2.378345 -7.296606
v -1.105668 2.378345 -7.813555
v -1.105668 2.666393 -7.813555
v -1.105668 2.666393 -7.813555
v -1.105668 2.666391 -8.101601
v -1.105668 2.666391 -8.101601
v -1.105668 2.378345 -8.101601
v -1.393714 2.666391 -8.101600
v -1.393714 2.666391 -8.101600
v -1.393714 2.378345 -8.101600
v -1.393714 2.666393 -7.813555
v -1.393714 2.666393 -7.813555
v -1.393714 2.378345 -7.813555
v -1.470881 2.378347 4.401333
v -1.470881 2.666393 4.401333
v -1.470881 2.666393 4.401333
v -1.470881 2.666393 4.113287
v -1.470881 2.666393 4.113287
v -1.470881 2.378347 4.113287
v -1.758927 2.666393 4.113287
v -1.758927 2.666393 4.113287
v -1.758927 2.378347 4.113287
v -1.758927 2.666393 4.401333
v -1.758927 2.666393 4.401333
v -1.758927 2.378347 4.401333
v -5.683074 2.618087 1.078792
v -4.992910 2.618087 4.248505
v -5.622412 2.532638 1.065583
v -4.932249 2.532638 4.235297
v -1.567113 2.585448 4.201782
v -4.811094 2.585448 4.201783
v -4.811094 2.532637 4.240152
v -1.567113 2.532638 4.240151
v -4.894758 2.585448 4.227133
v -5.584922 2.585448 1.057420
v -4.811094 2.552809 4.302235
v -1.567113 2.552809 4.302233
v -5.683074 2.552809 1.078792
v -4.992910 2.552810 4.248505
v -4.811094 2.618087 4.302235
v -1.567113 2.618087 4.302233
v -4.811094 2.638258 4.240152
v -1.567113 2.638258 4.240151
v -5.622412 2.638259 1.065583
v -4.932249 2.638259 4.235297
v -4.578656 2.618087 -7.322244
v -5.670538 2.618087 1.055638
v -4.516925 2.532638 -7.315633
v -5.608808 2.532638 1.062248
v -5.570657 2.585448 1.066332
v -4.478775 2.585448 -7.311549
v -4.578656 2.552809 -7.322244
v -5.670538 2.552810 1.055638
v -4.516925 2.638258 -7.315633
v -5.608808 2.638259 1.062248
v -4.477618 2.618087 -7.390959
v -1.268664 2.618087 -7.866369
v -4.486716 2.532638 -7.452373
v -1.277762 2.532636 -7.927781
v -1.283385 2.585446 -7.965736
v -4.492339 2.585448 -7.490327
v -4.477618 2.552809 -7.390959
v -1.268664 2.552809 -7.866369
v -4.486716 2.638258 -7.452373
v -1.277762 2.638257 -7.927781
v -2.264466 2.598242 -0.078209
v -2.025624 2.598285 0.054737
v -4.355674 2.775565 -0.163408
v -4.371779 2.496277 0.899507
v -4.536322 2.496195 0.666119
v -1.720718 2.393854 0.909866
v -1.964398 2.393959 1.180895
v -4.355682 2.420947 -0.163278
v -4.060685 2.420896 -0.284430
v -1.899609 2.598560 0.810215
v -2.082368 2.598638 1.013487
v -1.720709 2.803331 0.909716
v -1.964389 2.803436 1.180745
v -4.658354 2.393592 0.024094
v -4.414670 2.393488 -0.246935
v -4.760307 2.393723 0.374013
v -1.516574 2.421153 0.565985
v -1.584036 2.421006 0.161545
v -1.957183 2.420947 -0.021322
v -1.773428 2.421039 0.239324
v -1.618757 2.803201 0.559797
v -1.795763 2.496092 0.549433
v -1.842745 2.495990 0.267766
v -1.678726 2.803070 0.200295
v -4.795028 2.775918 0.772264
v -4.490320 2.803436 1.031246
v -4.510944 2.598560 0.655661
v -4.555921 2.598462 0.386034
v -4.700341 2.393854 0.733515
v -4.558773 2.421418 1.107511
v -4.795035 2.421299 0.772394
v -4.558765 2.776036 1.107381
v -1.631272 2.421300 0.959643
v -4.658115 2.421153 0.380051
v -4.568908 2.421038 0.073872
v -1.631264 2.775918 0.959513
v -2.023385 2.421359 1.097219
v -2.318387 2.421411 1.218371
v -4.747799 2.421006 -0.025704
v -4.473656 2.420888 -0.330612
v -1.888739 2.393487 -0.097436
v -1.516566 2.775770 0.565855
v -4.658108 2.775770 0.379921
v -4.568900 2.775657 0.073742
v -4.473649 2.775506 -0.330742
v -1.584028 2.775623 0.161415
v -1.868118 2.598363 0.278149
v -2.007285 2.495908 0.034378
v -2.023377 2.775977 1.097088
v -2.318379 2.776028 1.218240
v -4.747791 2.775624 -0.025834
v -1.957175 2.775565 -0.021452
v -4.479459 2.598363 0.123596
v -4.296695 2.598285 -0.079677
v -4.143230 2.776028 1.110235
v -4.421876 2.775976 0.955131
v -4.760298 2.803201 0.373862
v -4.658345 2.803070 0.023945
v -4.605647 2.421267 0.694616
v -4.490329 2.393959 1.031396
v -1.618765 2.393723 0.559947
v -4.503425 2.495990 0.110293
v -4.312500 2.495908 -0.102058
v -2.235835 2.420896 -0.176425
v -4.583305 2.496092 0.384451
v -4.700332 2.803331 0.733365
v -4.122274 2.496322 1.038390
v -1.810159 2.775885 0.859938
v -1.678735 2.393592 0.200445
v -3.905820 2.495862 -0.202104
v -2.256798 2.495862 -0.104506
v -1.810167 2.421267 0.860067
v -1.820294 2.420888 -0.173571
v -1.888730 2.802965 -0.097586
v -2.066563 2.496277 1.035943
v -4.414661 2.802965 -0.247085
v -4.094370 2.420822 -0.486379
v -4.421885 2.421359 0.955262
v -1.720955 2.421153 0.553889
v -1.905410 2.421418 1.264552
v -1.875642 2.496195 0.823593
v -4.862497 2.421153 0.367955
v -3.907398 2.598242 -0.175447
v -1.720948 2.775770 0.553758
v -1.820286 2.775505 -0.173701
v -2.178563 2.420822 -0.372991
v -2.113638 2.598242 -2.626612
v -1.874795 2.598285 -2.493666
v -4.204845 2.775565 -2.711812
v -4.220950 2.496277 -1.648896
v -4.385494 2.496195 -1.882285
v -1.569890 2.393854 -1.638538
v -1.813569 2.393959 -1.367508
v -4.204853 2.420947 -2.711681
v -3.909856 2.420896 -2.832834
v -1.748780 2.598560 -1.738189
v -1.931539 2.598638 -1.534917
v -1.569881 2.803331 -1.638688
v -1.813560 2.803436 -1.367658
v -4.507525 2.393592 -2.524310
v -4.263841 2.393488 -2.795338
v -4.609478 2.393723 -2.174390
v -1.365745 2.421153 -1.982419
v -1.433208 2.421006 -2.386858
v -1.806354 2.420947 -2.569726
v -1.622599 2.421039 -2.309079
v -1.467928 2.803201 -1.988607
v -1.644934 2.496092 -1.998971
v -1.691917 2.495990 -2.280637
v -1.527897 2.803070 -2.348109
v -4.711661 2.775770 -2.180579
v -4.339491 2.803436 -1.517157
v -1.672313 2.598462 -2.000628
v -4.360116 2.598560 -1.892742
v -4.405092 2.598462 -2.162369
v -4.549512 2.393854 -1.814888
v -4.407944 2.421418 -1.440892
v -4.644207 2.421299 -1.776010
v -4.407936 2.776036 -1.441023
v -1.480443 2.421300 -1.588761
v -4.507287 2.421153 -2.168352
v -4.418079 2.421038 -2.474531
v -1.754574 2.776036 -1.283982
v -1.872556 2.421359 -1.451185
v -2.167558 2.421411 -1.330033
v -4.596970 2.421006 -2.574107
v -4.322828 2.420888 -2.879016
v -2.056371 2.393429 -2.823102
v -1.737910 2.393487 -2.645840
v -1.365738 2.775770 -1.982549
v -4.507279 2.775770 -2.168483
v -4.418071 2.775657 -2.474661
v -4.322820 2.775506 -2.879145
v -1.433200 2.775623 -2.386989
v -1.717289 2.598363 -2.270255
v -1.856456 2.495908 -2.514026
v -1.872548 2.775977 -1.451316
v -2.167550 2.776028 -1.330163
v -1.806347 2.775565 -2.569855
v -4.328630 2.598363 -2.424808
v -4.145866 2.598285 -2.628080
v -4.271048 2.775976 -1.593272
v -4.609469 2.803201 -2.174541
v -4.507516 2.803070 -2.524459
v -4.454818 2.421267 -1.853788
v -4.339500 2.393959 -1.517007
v -1.467937 2.393723 -1.988457
v -4.352596 2.495990 -2.438111
v -4.161671 2.495908 -2.650461
v -2.085007 2.420896 -2.724830
v -4.432476 2.496092 -2.163952
v -4.549503 2.803331 -1.815039
v -3.971445 2.496322 -1.510013
v -1.659330 2.775885 -1.688466
v -1.527906 2.393592 -2.347959
v -3.754992 2.495862 -2.750508
v -2.105969 2.495862 -2.652910
v -1.659338 2.421267 -1.688336
v -1.669466 2.420888 -2.721974
v -1.737901 2.802965 -2.645990
v -1.915734 2.496277 -1.512461
v -4.263833 2.802965 -2.795489
v -3.943543 2.420822 -3.034783
v -4.271055 2.421359 -1.593142
v -1.570127 2.421153 -1.994515
v -1.754581 2.421418 -1.283852
v -1.724814 2.496195 -1.724811
v -3.756569 2.598242 -2.723850
v -1.669458 2.775505 -2.722105
v -2.027732 2.420822 -2.921395
v -2.027727 2.775440 -2.921525
v -1.950679 2.598242 -5.379969
v -1.711836 2.598284 -5.247023
v -4.041887 2.775563 -5.465168
v -4.057993 2.496277 -4.402254
v -4.222535 2.496195 -4.635641
v -1.406931 2.393854 -4.391894
v -1.650610 2.393959 -4.120865
v -4.041895 2.420947 -5.465039
v -3.746898 2.420896 -5.586191
v -1.585821 2.598560 -4.491546
v -1.768580 2.598638 -4.288274
v -1.406922 2.803331 -4.392045
v -1.650601 2.803436 -4.121016
v -4.344566 2.393590 -5.277666
v -4.100883 2.393486 -5.548695
v -4.446518 2.393723 -4.927746
v -1.202786 2.421153 -4.735776
v -1.270249 2.421005 -5.140215
v -1.643396 2.420947 -5.323083
v -1.459640 2.421039 -5.062436
v -1.304969 2.803200 -4.741964
v -1.481975 2.496092 -4.752327
v -1.528958 2.495990 -5.033995
v -1.364938 2.803070 -5.101466
v -4.481241 2.775918 -4.529497
v -4.176532 2.803436 -4.270514
v -4.197156 2.598560 -4.646099
v -4.242134 2.598462 -4.915726
v -4.386555 2.393854 -4.568244
v -4.244985 2.421418 -4.194249
v -4.481249 2.421299 -4.529366
v -1.317484 2.421300 -4.342118
v -4.344327 2.421153 -4.921709
v -4.255120 2.421036 -5.227889
v -1.317477 2.775918 -4.342247
v -1.709597 2.421359 -4.204542
v -2.004599 2.421410 -4.083389
v -4.434011 2.421005 -5.327464
v -4.159870 2.420887 -5.632372
v -1.574952 2.393486 -5.399197
v -1.202779 2.775770 -4.735906
v -4.344320 2.775769 -4.921840
v -4.255112 2.775656 -5.228018
v -4.159862 2.775506 -5.632502
v -1.270241 2.775623 -5.140346
v -1.554331 2.598361 -5.023612
v -1.693497 2.495908 -5.267384
v -1.709589 2.775977 -4.204672
v -2.004590 2.776028 -4.083520
v -1.643388 2.775563 -5.323213
v -4.165671 2.598361 -5.178164
v -3.982908 2.598284 -5.381436
v -3.829441 2.776028 -4.191525
v -4.108089 2.775976 -4.346629
v -4.446510 2.803200 -4.927897
v -4.344557 2.803070 -5.277814
v -4.291859 2.421267 -4.607144
v -4.176540 2.393959 -4.270364
v -1.304978 2.393723 -4.741814
v -4.189638 2.495990 -5.191467
v -3.998713 2.495908 -5.403818
v -1.922047 2.420896 -5.478186
v -4.269518 2.496092 -4.917309
v -4.386545 2.803331 -4.568395
v -3.808483 2.496322 -4.263369
v -1.496372 2.775885 -4.441823
v -1.364947 2.393590 -5.101315
v -3.592033 2.495862 -5.503865
v -1.943011 2.495862 -5.406266
v -1.496379 2.421267 -4.441693
v -1.506507 2.420887 -5.475332
v -1.574943 2.802963 -5.399346
v -1.752775 2.496277 -4.265818
v -4.100874 2.802963 -5.548845
v -3.780585 2.420820 -5.788138
v -4.108097 2.421359 -4.346499
v -1.407168 2.421153 -4.747872
v -1.591623 2.421418 -4.037209
v -1.561855 2.496195 -4.478168
v -4.548709 2.421153 -4.933805
v -3.593611 2.598242 -5.477206
v -1.407160 2.775769 -4.748002
v -1.506499 2.775505 -5.475462
v -1.864778 2.420821 -5.674752
v -1.922041 2.775511 -5.478316
v -1.893412 2.393428 -5.576459
v -5.365822 1.801698 -5.417393
v -5.335933 2.044140 -5.294720
v -5.909631 -0.227008 -5.439322
v -5.745977 -0.230174 -4.352465
v -5.752288 -0.405453 -4.577814
v -5.166502 2.357511 -4.435013
v -5.237949 2.133837 -4.156263
v -5.562715 -0.289426 -5.400487
v -5.497062 -0.006595 -5.532391
v -5.389181 2.211957 -4.549316
v -5.442766 2.044202 -4.340253
v -5.567083 2.429586 -4.479855
v -5.638533 2.205912 -4.201105
v -5.609594 -0.580769 -5.199519
v -5.538145 -0.357091 -5.478268
v -5.663307 -0.660581 -4.847975
v -5.121716 2.542922 -4.787563
v -5.093209 2.453082 -5.186611
v -5.142407 2.075756 -5.353596
v -5.135359 2.271502 -5.101930
v -5.810855 0.047116 -4.261981
v -5.840744 -0.195324 -4.384655
v -5.513371 2.509398 -4.831399
v -5.243950 2.280800 -4.801229
v -5.224099 2.218230 -5.079141
v -5.488033 2.429536 -5.186107
v -6.083469 -0.604265 -4.492764
v -6.054963 -0.694106 -4.891812
v -6.081172 -0.284933 -4.250488
v -5.846786 -0.363106 -4.600369
v -5.827783 -0.423001 -4.866401
v -5.688646 -0.580724 -4.493267
v -5.727493 -0.415005 -4.130357
v -5.736554 -0.666684 -4.453930
v -6.074406 -0.352586 -4.169191
v -5.182142 2.453133 -4.392078
v -5.672234 -0.554982 -4.848981
v -5.625234 -0.485148 -5.156581
v -5.267047 2.075829 -4.240052
v -5.332702 1.792994 -4.108149
v -5.647622 -0.666735 -5.248463
v -5.567242 -0.415099 -5.562057
v -5.095505 2.133754 -5.428885
v -6.019147 -0.492563 -4.887815
v -5.972150 -0.422729 -5.195416
v -5.914156 -0.352680 -5.600890
v -5.440124 2.515500 -5.225444
v -5.329892 2.211921 -5.079006
v -5.230410 2.042957 -5.304489
v -5.613962 2.138247 -4.278886
v -5.679615 1.855416 -4.146984
v -5.994536 -0.604316 -5.287298
v -5.489323 2.138175 -5.392431
v -5.787498 -0.363145 -5.130058
v -5.733912 -0.195385 -5.339120
v -5.999399 0.055912 -4.182660
v -6.034270 -0.226936 -4.325778
v -6.063889 -0.588506 -4.892818
v -6.010178 -0.508694 -5.244359
v -5.694406 -0.485107 -4.538611
v -5.680589 -0.357008 -4.205647
v -5.112788 2.437320 -4.786557
v -5.690352 -0.405489 -5.131156
v -5.634372 -0.230238 -5.349556
v -5.177279 1.792900 -5.496716
v -5.732435 -0.468021 -4.855726
v -6.089227 -0.508648 -4.538109
v -5.714752 0.023094 -4.224313
v -5.551444 2.333961 -4.522792
v -5.087451 2.357460 -5.141265
v -5.550605 0.163566 -5.464878
v -5.261634 1.789683 -5.432640
v -5.204528 2.271542 -4.483958
v -6.041318 -0.422689 -4.577445
v -5.102270 2.201406 -5.510182
v -5.496087 2.205827 -5.473727
v -5.342015 2.043022 -4.307396
v -5.938726 -0.285015 -5.523111
v -5.482830 -0.051459 -5.731647
v -5.687355 -0.289355 -4.286944
v -5.157530 2.341377 -4.791559
v -5.262521 2.201500 -4.078484
v -5.286035 2.218268 -4.525797
v -5.653727 0.181587 -5.449512
v -5.504444 2.403798 -4.830394
v -5.449183 2.263824 -5.549016
v -5.640738 -0.033751 -4.042080
v -5.147103 1.837742 -5.694191
v -5.135358 1.810493 -5.592451
v -5.543834 1.801698 -3.355182
v -5.513945 2.044140 -3.232509
v -6.087643 -0.227008 -3.377111
v -5.923989 -0.230174 -2.290253
v -5.930301 -0.405453 -2.515602
v -5.344514 2.357511 -2.372802
v -5.415962 2.133837 -2.094052
v -5.740729 -0.289426 -3.338276
v -5.675076 -0.006599 -3.470179
v -5.567193 2.211957 -2.487105
v -5.620778 2.044202 -2.278042
v -5.745095 2.429586 -2.417644
v -5.816545 2.205912 -2.138894
v -5.787608 -0.580769 -3.137307
v -5.716158 -0.357091 -3.416057
v -5.841320 -0.660581 -2.785764
v -5.299727 2.542922 -2.725352
v -5.271223 2.453082 -3.124399
v -5.320421 2.075756 -3.291385
v -5.313373 2.271502 -3.039718
v -6.018757 -0.195324 -2.322443
v -5.691383 2.509398 -2.769188
v -5.421964 2.280800 -2.739017
v -5.402112 2.218232 -3.016929
v -5.666045 2.429536 -3.123896
v -6.261481 -0.604265 -2.430554
v -6.259184 -0.284933 -2.188277
v -6.024798 -0.363106 -2.538157
v -6.005794 -0.423001 -2.804189
v -5.866658 -0.580724 -2.431055
v -5.860671 -0.051341 -1.884136
v -5.905505 -0.415005 -2.068146
v -5.914566 -0.666684 -2.391719
v -6.252419 -0.352586 -2.106981
v -5.360154 2.453133 -2.329866
v -5.850245 -0.554982 -2.786770
v -5.803248 -0.485148 -3.094370
v -5.787448 2.263919 -2.055106
v -5.445059 2.075829 -2.177841
v -5.510715 1.792994 -2.045937
v -5.825634 -0.666735 -3.186251
v -5.745254 -0.415099 -3.499846
v -5.273517 2.133754 -3.366674
v -6.197161 -0.492563 -2.825605
v -6.150162 -0.422729 -3.133204
v -6.092169 -0.352680 -3.538679
v -5.618135 2.515500 -3.163233
v -5.507904 2.211923 -3.016794
v -5.408422 2.042957 -3.242277
v -5.791974 2.138247 -2.216675
v -5.857629 1.855413 -2.084772
v -6.172548 -0.604316 -3.225086
v -5.667335 2.138175 -3.330219
v -5.965510 -0.363145 -3.067846
v -5.911923 -0.195385 -3.276909
v -6.212282 -0.226936 -2.263567
v -6.241902 -0.588506 -2.830606
v -6.188190 -0.508694 -3.182148
v -5.872417 -0.485107 -2.476399
v -5.858602 -0.357008 -2.143436
v -5.290800 2.437322 -2.724345
v -5.868364 -0.405489 -3.068945
v -5.812384 -0.230238 -3.287345
v -5.355290 1.792907 -3.434503
v -5.910448 -0.468021 -2.793514
v -6.267240 -0.508648 -2.475898
v -5.892765 0.023092 -2.162102
v -5.729455 2.333961 -2.460581
v -5.265464 2.357461 -3.079054
v -5.728619 0.163566 -3.402668
v -5.439648 1.789683 -3.370429
v -5.382541 2.271542 -2.421747
v -6.219331 -0.422689 -2.515234
v -5.280283 2.201407 -3.447971
v -5.674100 2.205829 -3.411515
v -5.520027 2.043022 -2.245185
v -6.116740 -0.285015 -3.460899
v -5.660840 -0.051457 -3.669436
v -5.865367 -0.289355 -2.224732
v -5.335544 2.341379 -2.729348
v -5.440534 2.201500 -2.016272
v -5.464047 2.218268 -2.463585
v -5.886062 -0.756525 -2.790766
v -5.831738 0.181587 -3.387302
v -5.682457 2.403798 -2.768182
v -5.627197 2.263826 -3.486805
v -5.818751 -0.033754 -1.979871
v -6.219332 0.038323 -2.024712
v -5.672033 1.900158 -3.670816
v -1.182796 -1.138362 -8.802115
v -5.503901 -1.138363 -8.110457
v -5.503901 -1.138363 -8.110457
v -5.665115 -1.206862 -5.071165
v -5.665115 -1.206862 -5.071165
v -1.115241 -1.214703 -4.855383
v -5.503901 -0.629237 -8.236702
v -5.503901 0.168012 -8.236702
v -5.503901 0.168012 -8.236702
v -4.635685 0.110169 6.426131
v -5.665115 -0.955288 -4.632370
v -5.665115 -0.955288 -4.632370
v -1.115241 -0.963129 -4.416590
v -5.665115 -0.079118 -4.632370
v -5.665115 -0.079118 -4.632370
v -1.115241 -0.086960 -4.416590
v 2.501730 3.554687 -6.913033
v 2.501730 3.554687 -6.913033
v 2.583297 3.554687 -6.934887
v 2.583297 3.554687 -6.934887
v 2.442019 3.554687 -6.853322
v 2.420163 3.554687 -6.771752
v 2.442019 3.554687 -6.690187
v 2.442019 3.554687 -6.690187
v 2.501730 3.554687 -6.630476
v 2.501730 3.554687 -6.630476
v 2.583298 3.554687 -6.608618
v 2.664865 3.554687 -6.630476
v 2.724577 3.554687 -6.690187
v 2.724577 3.554687 -6.690187
v 2.746433 3.554687 -6.771752
v 2.724577 3.554687 -6.853322
v 2.724577 3.554687 -6.853322
v 2.664865 3.554687 -6.913033
v 2.501730 2.283230 -6.913032
v 2.583297 2.283230 -6.934887
v 2.724577 2.283230 -6.690185
v 2.501730 2.283230 -6.630474
v 2.442019 2.283230 -6.690185
v 2.724577 2.283230 -6.853320
vn -0.0000 -0.0000 1.0000
vn -0.0000 -0.0000 -1.0000
vn 0.2079 -0.0000 0.9781
vn -0.2079 -0.0000 -0.9781
vn 0.4067 -0.0000 0.9135
vn -0.4067 -0.0000 -0.9135
vn -0.2079 -0.0000 0.9781
vn 0.2079 -0.0000 -0.9781
vn 0.4067 -0.0000 -0.9135
vn 0.9879 0.0366 -0.1510
vn 0.9902 -0.0078 -0.1394
vn 0.9823 -0.0757 -0.1715
vn -0.0000 -1.0000 -0.0000
vn -1.0000 -0.0000 -0.0000
vn 0.3071 -0.0000 -0.9517
vn 0.1554 -0.0000 -0.9878
vn -0.1010 -0.2141 0.9716
vn -0.0819 -0.3358 0.9384
vn -0.1297 -0.0038 0.9916
vn -0.0805 0.3373 0.9380
vn -0.0959 0.2059 0.9739
vn -0.0562 -0.0000 -0.9984
vn -0.1123 -0.0000 -0.9937
vn -0.0015 -0.9999 -0.0163
vn 0.0010 -0.9999 -0.0147
vn 0.0001 -1.0000 -0.0011
vn 0.8812 0.2832 0.3785
vn 0.8490 0.3141 0.4249
vn 0.8500 0.3133 0.4236
vn 0.1678 -0.9710 0.1701
vn -0.1513 -0.9737 0.1705
vn -0.1678 -0.9710 0.1701
vn 1.0000 -0.0000 -0.0000
vn 0.2545 0.4880 0.8349
vn 0.6046 0.4005 0.6885
vn 0.1782 0.7072 0.6842
vn -0.5810 0.4825 -0.6555
vn -0.2322 0.5240 -0.8195
vn -0.2161 0.7067 -0.6737
vn 0.2453 -0.4765 0.8442
vn 0.6626 -0.1674 0.7301
vn 0.2878 0.0253 0.9574
vn 0.9126 0.1721 0.3708
vn -0.7920 0.5201 -0.3197
vn -0.6104 0.4195 -0.6719
vn 0.5073 -0.6361 0.5814
vn 0.8448 -0.4078 0.3464
vn 0.9250 0.3731 -0.0713
vn 0.7115 0.6382 0.2941
vn -0.7615 0.5654 -0.3169
vn -0.8748 0.4809 0.0599
vn 0.9798 -0.1851 -0.0760
vn 0.7762 0.4614 -0.4296
vn 0.5425 0.3632 -0.7575
vn 0.6178 0.7070 -0.3442
vn -0.5097 0.4667 0.7228
vn -0.7399 0.5320 0.4117
vn -0.6179 0.7072 0.3436
vn -0.6586 -0.2292 -0.7167
vn -0.2786 -0.0084 -0.9604
vn -0.2420 -0.4824 -0.8418
vn -0.8543 0.3702 -0.3648
vn -0.4582 0.7068 -0.5391
vn -0.6016 0.4563 -0.6556
vn 0.8211 0.4486 0.3529
vn 0.5693 0.5215 0.6356
vn 0.4917 0.7071 0.5082
vn -0.9827 0.1640 0.0855
vn -0.9030 -0.1839 -0.3883
vn -0.7091 -0.6357 -0.3052
vn -0.9247 -0.3718 0.0821
vn -0.1163 -0.7069 0.6977
vn -0.1489 -0.4462 0.8824
vn 0.1387 0.5209 -0.8423
vn -0.2367 0.3204 -0.9172
vn 0.1297 0.3152 -0.9401
vn 0.1417 0.7066 -0.6933
vn -0.1262 0.6215 0.7732
vn -0.1627 0.2254 0.9606
vn -0.0724 -0.9660 -0.2481
vn 0.0426 -0.9660 -0.2549
vn 0.1978 0.7074 0.6786
vn -0.1339 0.5246 0.8408
vn -0.1351 0.7072 0.6939
vn 0.2395 0.5169 0.8219
vn 0.1528 0.4865 -0.8602
vn 0.1728 0.0263 -0.9846
vn -0.2523 0.4685 -0.8467
vn 0.1454 -0.4779 -0.8663
vn -0.7989 0.3643 0.4785
vn -0.7834 0.6207 0.0310
vn -0.9894 0.1389 0.0423
vn 0.7544 0.5038 -0.4208
vn 0.8963 0.4364 -0.0789
vn 0.8864 0.4594 -0.0568
vn 0.7300 0.5488 -0.4072
vn 0.4998 0.4670 -0.7294
vn -0.1564 0.2299 0.9606
vn -0.5645 0.3587 0.7434
vn -0.5789 -0.1925 0.7924
vn 0.6618 0.1671 0.7309
vn 0.2480 0.4787 0.8422
vn 0.2878 -0.0140 0.9576
vn -0.5895 0.4533 -0.6686
vn -0.2321 0.5240 -0.8195
vn 0.6037 -0.4005 0.6893
vn 0.2537 -0.4735 0.8435
vn 0.1782 -0.7067 0.6847
vn 0.8516 0.3891 0.3512
vn 0.5044 0.6364 0.5836
vn 0.9066 -0.1937 0.3750
vn 0.9852 0.1631 -0.0529
vn 0.7115 -0.6428 0.2839
vn 0.9019 -0.4285 -0.0542
vn -0.7880 0.4486 0.4217
vn -0.8491 0.5258 0.0501
vn -0.7059 0.7071 0.0415
vn 0.8404 -0.2670 -0.4716
vn 0.5596 0.1657 -0.8120
vn 0.7923 0.4220 -0.4408
vn 0.5125 -0.3990 -0.7604
vn 0.6707 -0.6431 -0.3695
vn -0.6408 -0.2614 -0.7218
vn -0.2800 -0.0094 -0.9600
vn -0.9155 0.1793 -0.3600
vn -0.5987 0.4405 -0.6690
vn 0.8211 0.4537 0.3463
vn 0.5646 0.5245 0.6372
vn 0.4868 0.7072 0.5127
vn -0.4993 -0.6554 -0.5667
vn -0.8671 -0.3803 -0.3218
vn -0.1284 -0.6903 0.7121
vn -0.1417 -0.4504 0.8815
vn -0.0426 -0.9658 0.2556
vn 0.0724 -0.9658 0.2488
vn -0.0724 0.9658 -0.2488
vn 0.0426 0.9658 -0.2556
vn -0.1054 0.6312 0.7684
vn 0.0426 0.9658 -0.2557
vn -0.2538 0.4693 -0.8458
vn 0.1336 0.6347 -0.7611
vn 0.1736 0.2178 -0.9604
vn -0.1978 0.7069 -0.6791
vn 0.1518 -0.4558 -0.8771
vn -0.8473 0.1680 0.5038
vn -0.9112 0.4079 0.0580
vn -0.9834 -0.1717 0.0578
vn -0.7970 -0.3683 0.4787
vn -0.7685 -0.6381 0.0468
vn -0.5614 -0.3592 0.7455
vn -0.1572 -0.2193 0.9629
vn -0.5788 0.1915 0.7927
vn -0.5914 0.4662 -0.6579
vn 0.6390 -0.3456 0.6872
vn 0.2540 -0.4575 0.8522
vn -0.7964 0.5096 -0.3256
vn -0.8517 0.5220 0.0466
vn -0.8944 0.3207 -0.3116
vn -0.8132 0.5794 0.0548
vn -0.7781 0.4595 0.4282
vn 0.5207 0.4294 -0.7380
vn 0.6802 0.6375 -0.3619
vn 0.8605 0.2320 -0.4535
vn 0.7867 -0.4439 -0.4291
vn 0.5714 -0.1747 -0.8019
vn 0.1565 0.2616 -0.9524
vn -0.6104 0.3673 -0.7018
vn -0.1742 0.6872 -0.7053
vn -0.2542 0.4492 -0.8565
vn -0.9074 0.1824 -0.3786
vn -0.6454 -0.1960 -0.7383
vn -0.5004 -0.6329 -0.5908
vn -0.8460 -0.4048 -0.3471
vn -0.7060 0.6503 -0.2806
vn -0.1091 -0.6128 0.7826
vn 0.1589 0.2585 -0.9529
vn 0.1409 0.5163 -0.8448
vn 0.1163 0.7069 -0.6977
vn -0.2169 -0.6139 -0.7590
vn 0.1455 -0.4363 -0.8879
vn 0.1320 -0.6857 -0.7159
vn -0.2887 -0.1902 -0.9383
vn 0.0612 0.8918 0.4483
vn 0.1947 0.9796 -0.0504
vn -0.3451 0.9385 0.0142
vn -0.4565 0.7461 0.4847
vn -0.7664 0.6390 0.0656
vn 0.4181 -0.1540 0.8953
vn 0.5700 -0.5093 0.6447
vn 0.7568 -0.0328 0.6529
vn 0.2696 0.6202 -0.7367
vn 0.3883 0.2727 -0.8803
vn 0.5846 0.2975 -0.7548
vn -0.2765 -0.2691 0.9226
vn 0.0307 -0.6422 0.7659
vn 0.5272 -0.8486 -0.0447
vn 0.8374 -0.5006 0.2194
vn 0.6373 -0.7035 0.3145
vn 0.3231 -0.8151 -0.4808
vn -0.0154 -0.9996 0.0216
vn 0.3384 0.8778 0.3390
vn 0.3656 0.9299 -0.0410
vn 0.5680 0.8205 -0.0636
vn -0.5856 -0.7780 -0.2276
vn -0.3469 -0.6425 -0.6833
vn -0.3379 -0.8705 -0.3578
vn -0.7922 0.0070 -0.6103
vn -0.5340 0.4951 -0.6854
vn -0.5664 0.1207 -0.8152
vn 0.1768 0.9026 -0.3924
vn 0.4814 0.5709 -0.6651
vn 0.0061 0.6273 -0.7788
vn 0.6196 -0.7115 0.3314
vn 0.6771 -0.4307 0.5967
vn 0.8318 -0.3292 0.4469
vn -0.3648 0.8484 -0.3836
vn -0.6376 0.0071 0.7703
vn -0.3882 0.1185 0.9139
vn -0.9629 -0.2267 -0.1461
vn -0.9831 -0.1133 -0.1439
vn 0.9831 0.1133 0.1439
vn 0.9629 0.2267 0.1461
vn 0.6558 0.2761 0.7026
vn 0.2506 0.2602 0.9325
vn -0.7437 -0.2653 -0.6136
vn -0.5410 -0.2872 -0.7904
vn -0.1004 -0.2322 -0.9675
vn 0.0801 0.2704 -0.9594
vn 0.4079 -0.1093 -0.9065
vn 0.2987 0.8827 0.3627
vn 0.4667 0.8826 -0.0561
vn -0.0204 0.9998 0.0080
vn 0.6832 -0.7262 -0.0764
vn 0.5616 -0.6901 -0.4564
vn 0.6499 -0.7565 -0.0727
vn -0.2837 0.8370 0.4679
vn 0.2471 0.6364 0.7307
vn -0.4419 0.4796 0.7581
vn -0.2082 0.1591 0.9651
vn -0.2199 -0.6200 0.7531
vn -0.3279 -0.2811 0.9019
vn -0.5888 -0.2626 0.7644
vn -0.0307 -0.9081 0.4177
vn 0.3509 -0.5691 0.7436
vn 0.5260 -0.8495 -0.0409
vn 0.8172 -0.5147 0.2594
vn 0.6155 -0.7226 0.3148
vn 0.3522 0.9349 -0.0450
vn 0.2426 0.8879 -0.3908
vn 0.2699 0.8707 -0.4111
vn 0.3741 -0.8044 -0.4614
vn -0.0254 -0.9995 0.0201
vn 0.3557 0.8712 0.3384
vn 0.4094 0.9114 -0.0420
vn 0.4027 -0.4777 -0.7808
vn 0.7232 -0.5516 -0.4156
vn -0.3132 -0.8779 -0.3623
vn -0.1444 -0.6267 -0.7657
vn -0.5875 -0.2793 0.7595
vn -0.6426 0.0305 0.7656
vn 0.2046 0.8848 -0.4186
vn 0.4667 0.5683 -0.6776
vn 0.0609 0.6274 -0.7763
vn 0.6487 -0.6901 0.3210
vn 0.6794 -0.4254 0.5978
vn 0.8315 -0.3241 0.4512
vn -0.6037 0.4721 -0.6424
vn -0.3889 0.8356 -0.3879
vn 0.5976 -0.7289 0.3341
vn -0.5645 0.8230 0.0637
vn -0.8013 0.5455 -0.2457
vn 0.3314 -0.1983 0.9224
vn 0.4458 -0.0967 -0.8899
vn 0.6426 -0.0305 -0.7656
vn 0.4845 0.2678 0.8328
vn -0.6812 -0.2885 -0.6729
vn -0.5748 0.1194 -0.8096
vn -0.2917 -0.2679 -0.9182
vn -0.7960 0.0304 -0.6046
vn -0.9270 -0.1133 0.3577
vn -0.9068 -0.2267 0.3554
vn 0.7960 -0.0304 0.6046
vn 0.5733 0.2728 0.7726
vn 0.7371 0.2976 0.6068
vn 0.6316 -0.0966 0.7693
vn 0.9068 0.2267 -0.3554
vn 0.9269 0.1133 -0.3577
vn 0.3788 -0.1216 -0.9175
vn 0.4779 0.2756 -0.8341
vn 0.6396 -0.0164 -0.7685
vn 0.0614 0.2560 -0.9647
vn -0.0779 -0.2399 -0.9677
vn 0.0782 -0.1201 -0.9897
vn 0.0779 -0.2399 -0.9677
vn -0.9964 0.0544 0.0651
vn -0.9974 -0.0343 0.0633
vn -0.9734 0.0398 0.2255
vn -0.0746 0.1212 -0.9898
vn 0.0772 0.0610 -0.9951
vn -0.0774 0.0616 -0.9951
vn -0.1554 -0.0000 -0.9878
vn -0.3071 -0.0000 -0.9517
vn -0.3160 -0.1976 0.9279
vn -0.2424 -0.3230 0.9148
vn -0.3199 -0.0857 0.9436
vn 0.0819 -0.3358 0.9384
vn 0.1010 -0.2141 0.9716
vn 0.1297 -0.0038 0.9916
vn 0.1123 -0.0000 -0.9937
vn 0.0562 -0.0000 -0.9984
vn -0.0000 1.0000 -0.0000
vn 0.8924 -0.2703 -0.3614
vn 0.8361 -0.3263 -0.4409
vn 0.8370 -0.3255 -0.4398
vn 0.0553 -0.5968 -0.8004
vn -0.0570 -0.5947 -0.8019
vn -0.0553 -0.5948 -0.8020
vn -0.8931 -0.2695 -0.3602
vn -0.8370 -0.3255 -0.4398
vn -0.8924 -0.2704 -0.3614
vn -0.8361 0.3263 0.4409
vn -0.8924 0.2703 0.3614
vn -0.8370 0.3255 0.4398
vn -0.0000 0.6053 0.7960
vn -0.8607 0.5071 -0.0462
vn -0.7905 0.4196 -0.4461
vn -0.7620 0.4778 -0.4371
vn 0.8677 0.1697 0.4672
vn 0.5286 0.3902 0.7539
vn 0.5632 -0.2017 0.8013
vn -0.4855 0.5240 -0.6998
vn -0.4229 0.7068 -0.5671
vn 0.8231 -0.3800 0.4221
vn 0.1564 0.2299 0.9606
vn 0.1054 0.6312 0.7684
vn 0.1417 -0.4504 0.8815
vn -0.2480 0.4787 0.8422
vn -0.6660 0.1824 0.7233
vn -0.2878 -0.0139 0.9576
vn 0.5676 0.5217 -0.6369
vn 0.8254 0.4325 -0.3630
vn 0.8234 0.4554 -0.3385
vn -0.6280 -0.3632 0.6882
vn -0.8289 -0.4408 0.3444
vn -0.6856 -0.6847 0.2471
vn -0.8923 0.2290 0.3890
vn -0.9260 0.3712 -0.0691
vn -0.9780 -0.1934 -0.0776
vn -0.7045 0.6378 0.3114
vn 0.5065 0.4538 0.7331
vn 0.1339 0.5246 0.8408
vn 0.1351 0.7072 0.6939
vn 0.2667 0.2742 -0.9239
vn 0.6038 0.4298 -0.6713
vn 0.6417 -0.2739 -0.7164
vn 0.2460 -0.4351 -0.8661
vn 0.9155 0.1793 -0.3600
vn -0.5693 0.5215 0.6356
vn -0.8133 0.4674 0.3465
vn -0.4917 0.7071 0.5082
vn 0.8671 -0.3803 -0.3218
vn 0.1284 -0.6903 0.7121
vn -0.2537 -0.4735 0.8435
vn -0.1782 -0.7067 0.6847
vn 0.0724 -0.9660 -0.2481
vn -0.0426 -0.9660 -0.2549
vn -0.1589 0.2585 -0.9529
vn 0.2373 0.5016 -0.8319
vn -0.1409 0.5163 -0.8448
vn -0.1163 0.7068 -0.6977
vn 0.1986 0.6543 -0.7297
vn -0.0426 0.9658 -0.2556
vn 0.0724 0.9658 -0.2488
vn -0.0724 -0.9658 0.2488
vn 0.0426 -0.9658 0.2556
vn -0.2395 0.5169 0.8219
vn -0.1978 0.7074 0.6786
vn -0.1454 -0.4779 -0.8663
vn -0.1741 0.0254 -0.9844
vn 0.9876 0.1493 0.0486
vn 0.8036 0.3725 0.4641
vn 0.8497 -0.1847 0.4939
vn 0.7796 0.6257 0.0272
vn 0.9224 -0.3857 0.0215
vn 0.3932 0.6860 0.6122
vn 0.5243 0.4440 0.7266
vn -0.7737 0.4483 -0.4476
vn -0.4903 0.5210 -0.6987
vn -0.4283 0.7067 -0.5632
vn 0.1538 0.2496 0.9561
vn 0.5712 -0.2417 0.7844
vn 0.1425 -0.4421 0.8856
vn -0.6618 0.1671 0.7309
vn -0.2891 -0.0273 0.9569
vn -0.2532 -0.4865 0.8362
vn -0.6037 -0.4005 0.6893
vn -0.8509 0.3898 0.3521
vn -0.9060 -0.1927 0.3768
vn -0.5044 0.6364 0.5836
vn 0.8222 0.4363 -0.3656
vn 0.8201 0.4593 -0.3414
vn -0.7096 -0.6429 0.2884
vn -0.9840 0.1711 -0.0495
vn -0.9111 -0.4086 -0.0549
vn -0.7697 0.6358 -0.0575
vn -0.7923 0.3834 -0.4747
vn 0.8891 0.4536 0.0610
vn 0.7399 0.5320 0.4117
vn 0.6179 0.7072 0.3436
vn 0.5097 0.4667 0.7228
vn 0.2654 0.2419 -0.9333
vn 0.6043 0.4269 -0.6728
vn 0.6426 -0.2751 -0.7151
vn 0.2450 -0.4506 -0.8585
vn 0.9195 0.1681 -0.3553
vn -0.8211 0.4486 0.3529
vn 0.8631 -0.3899 -0.3209
vn -0.1164 -0.7074 -0.6972
vn 0.1978 -0.7074 -0.6786
vn 0.2915 0.2584 -0.9210
vn 0.0426 0.9660 0.2549
vn -0.0724 0.9660 0.2481
vn 0.1168 0.6462 0.7542
vn -0.1353 -0.6810 -0.7197
vn -0.1438 -0.4654 -0.8733
vn 0.2115 -0.6908 -0.6915
vn -0.1548 0.4938 -0.8557
vn 0.2050 0.6482 -0.7334
vn 0.8651 0.1646 0.4737
vn 0.5277 0.3891 0.7551
vn 0.5626 -0.2013 0.8018
vn 0.8251 -0.3769 0.4209
vn 0.1552 0.2188 0.9634
vn 0.1092 0.6134 0.7822
vn 0.1414 -0.4497 0.8819
vn -0.2878 0.0253 0.9574
vn -0.6586 -0.1781 0.7311
vn -0.2453 -0.4765 0.8442
vn 0.5632 0.5248 -0.6383
vn 0.8298 0.4497 -0.3303
vn 0.8062 0.4939 -0.3258
vn -0.8914 0.2637 0.3685
vn -0.9275 0.3638 -0.0855
vn -0.9790 -0.1859 -0.0842
vn -0.7092 0.6432 0.2887
vn 0.8539 0.5169 0.0601
vn 0.8233 0.5653 0.0514
vn 0.8012 0.4365 0.4092
vn 0.7782 0.4624 0.4250
vn -0.5556 0.3594 -0.7497
vn -0.0962 0.7067 -0.7009
vn -0.1543 0.4874 -0.8595
vn 0.2681 0.2383 -0.9334
vn 0.6466 0.3603 -0.6724
vn 0.6684 -0.1920 -0.7186
vn 0.1953 0.6307 -0.7511
vn 0.2460 -0.4427 -0.8623
vn 0.8497 0.3663 -0.3793
vn 0.9827 0.1640 0.0855
vn 0.9016 -0.1671 -0.3989
vn 0.7719 0.6328 0.0605
vn -0.2191 -0.6807 0.6990
vn -0.2545 0.4880 0.8349
vn -0.1351 -0.6812 -0.7195
vn 0.2114 -0.6908 -0.6915
vn -0.1742 0.0254 -0.9844
vn -0.6499 -0.7565 -0.0727
vn -0.5090 -0.7289 -0.4579
vn -0.5616 -0.6901 -0.4564
vn -0.5304 -0.4255 -0.7332
vn -0.7112 -0.3242 -0.6238
vn -0.3261 0.6611 0.6757
vn -0.3261 0.2563 0.9099
vn 0.2131 0.5815 0.7852
vn -0.7024 0.2592 0.6629
vn 0.3634 0.1159 0.9244
vn -0.7765 -0.3650 0.5136
vn -0.3567 -0.5842 0.7290
vn -0.5616 -0.1151 0.8194
vn -0.7598 -0.0568 0.6476
vn 0.0726 -0.2529 0.9648
vn -0.3883 0.2727 -0.8803
vn -0.2829 0.6250 -0.7276
vn -0.5847 0.2975 -0.7547
vn 0.2062 -0.6465 0.7345
vn 0.4867 -0.2680 0.8314
vn -0.3460 0.8446 -0.4085
vn -0.5462 0.7516 -0.3699
vn 0.2729 -0.8673 0.4164
vn 0.5460 -0.7495 0.3743
vn -0.3161 0.9477 -0.0437
vn 0.1992 -0.9793 0.0366
vn -0.3630 -0.9316 -0.0207
vn -0.5320 -0.7140 -0.4552
vn 0.1177 -0.8944 -0.4315
vn -0.2520 0.9674 -0.0271
vn -0.4146 0.8513 0.3216
vn -0.4541 0.6179 0.6419
vn -0.4637 0.8295 0.3115
vn -0.3896 0.6346 0.6674
vn -0.3769 -0.5108 -0.7727
vn -0.6396 -0.0163 -0.7685
vn -0.3946 -0.1174 -0.9113
vn -0.5733 0.2728 0.7726
vn -0.7370 0.2976 0.6068
vn -0.0655 0.2460 -0.9670
vn -0.2360 0.6277 -0.7418
vn 0.4563 0.5408 -0.7067
vn 0.5785 0.1105 -0.8081
vn 0.0262 0.9017 -0.4315
vn -0.6794 -0.4254 0.5978
vn -0.6487 -0.6901 0.3210
vn -0.8315 -0.3241 0.4512
vn 0.5852 0.7411 -0.3293
vn -0.2045 0.9789 0.0044
vn 0.3299 0.9418 0.0644
vn -0.4776 0.7876 -0.3894
vn -0.5976 -0.7289 0.3341
vn 0.6271 0.0461 0.7776
vn 0.9269 -0.1133 0.3577
vn 0.9068 -0.2267 0.3554
vn 0.9629 -0.2267 -0.1461
vn 0.9831 -0.1133 -0.1439
vn 0.7409 -0.2794 -0.6107
vn 0.7960 0.0304 -0.6046
vn -0.1860 -0.1661 -0.9684
vn -0.4458 -0.0967 -0.8899
vn -0.6426 -0.0305 -0.7656
vn 0.6572 -0.2819 -0.6990
vn 0.7835 0.0460 -0.6197
vn 0.9831 -0.1133 -0.1438
vn -0.4890 0.2693 -0.8297
vn 0.2536 -0.2663 -0.9299
vn -0.6589 -0.7491 -0.0683
vn -0.5669 -0.6892 -0.4512
vn -0.6971 -0.7123 -0.0817
vn -0.5107 -0.7331 -0.4491
vn -0.2648 0.9017 0.3417
vn -0.6259 0.5730 0.5291
vn -0.2472 0.6365 0.7306
vn -0.5972 -0.1078 0.7948
vn -0.3594 -0.5801 0.7310
vn -0.1176 -0.2316 0.9657
vn -0.3010 0.6178 -0.7265
vn -0.5846 0.2975 -0.7548
vn 0.3534 -0.2884 0.8899
vn 0.1873 -0.6424 0.7432
vn 0.5896 -0.2652 0.7629
vn -0.3297 0.8543 -0.4019
vn -0.3833 0.8323 -0.4005
vn -0.2324 0.6346 -0.7371
vn 0.2504 -0.8704 0.4238
vn 0.5208 -0.7779 0.3515
vn -0.4215 -0.8150 0.3976
vn -0.5240 -0.8486 -0.0728
vn 0.0198 -0.9996 -0.0176
vn -0.7810 -0.5633 0.2697
vn -0.2624 0.9632 -0.0579
vn -0.2927 0.9555 -0.0359
vn -0.7399 -0.5145 -0.4334
vn -0.5306 -0.7213 -0.4451
vn -0.1967 -0.5596 -0.8051
vn 0.1184 -0.9083 -0.4012
vn 0.3537 -0.6213 -0.6992
vn 0.5427 -0.8010 -0.2528
vn -0.4258 0.6203 0.6588
vn -0.5975 0.2773 0.7524
vn -0.7374 0.2959 0.6072
vn 0.4975 -0.2774 -0.8219
vn 0.7446 -0.2606 -0.6146
vn -0.5703 -0.1268 0.8116
vn -0.6899 -0.4283 0.5836
vn -0.8309 -0.3157 0.4582
vn 0.1562 0.2176 -0.9635
vn 0.4444 0.5411 -0.7139
vn 0.6003 0.1040 -0.7930
vn -0.2543 0.6275 -0.7360
vn 0.0231 0.9014 -0.4324
vn -0.6511 -0.6894 0.3174
vn 0.5885 0.7368 -0.3328
vn -0.4774 0.7903 -0.3842
vn -0.2197 0.9755 0.0074
vn -0.5975 -0.7316 0.3284
vn 0.3279 0.9431 0.0546
vn 0.7597 0.6412 0.1086
vn 0.2062 0.1633 0.9648
vn 0.5947 0.0357 0.8032
vn 0.9270 -0.1133 0.3577
vn -0.9269 0.1133 -0.3577
vn -0.9068 0.2267 -0.3554
vn -0.4824 0.2652 0.8348
vn -0.9629 0.2267 0.1461
vn -0.9831 0.1133 0.1439
vn -0.0793 -0.0000 -0.9969
vn -0.0782 -0.1201 -0.9897
vn 0.0131 0.9979 0.0634
vn -0.0006 0.9979 0.0643
vn 0.0224 0.9979 0.0605
vn 0.5406 -0.0063 -0.8412
vn 0.4498 0.0075 -0.8931
vn 0.4582 0.0063 -0.8888
vn 0.5556 -0.0000 -0.8315
vn 0.7071 -0.0000 -0.7071
vn 0.3827 -0.0000 -0.9239
vn 0.1951 -0.0000 -0.9808
vn 0.8053 0.5929 -0.0000
vn 0.9781 -0.0000 -0.2079
vn 0.7877 0.5929 -0.1674
vn -0.9781 -0.0000 0.2079
vn 0.9135 -0.0000 -0.4067
vn 0.7357 0.5929 -0.3275
vn -0.9135 -0.0000 0.4067
vn 0.9781 -0.0000 0.2079
vn 0.7877 0.5929 0.1674
vn -0.9781 -0.0000 -0.2079
vn 0.9135 -0.0000 0.4067
vn 0.7357 0.5929 0.3275
vn -0.9135 -0.0000 -0.4067
vn -0.7101 -0.6936 0.1213
vn -0.7654 -0.6340 0.1107
vn -0.4898 -0.8587 0.1504
vn -0.4456 -0.8818 0.1545
vn 0.1513 -0.9737 0.1705
vn -0.9308 -0.3601 0.0627
vn -0.9820 -0.1863 0.0324
vn 0.7101 -0.6936 0.1213
vn 0.4456 -0.8818 0.1545
vn 0.4898 -0.8587 0.1504
vn 0.7654 -0.6340 0.1107
vn 0.9335 0.3532 -0.0618
vn 0.7101 0.6935 -0.1214
vn 0.7655 0.6339 -0.1109
vn 0.9805 0.1934 -0.0338
vn 0.4456 0.8818 -0.1545
vn 0.4898 0.8587 -0.1504
vn 0.1513 0.9737 -0.1706
vn 0.1678 0.9710 -0.1701
vn -0.1513 0.9737 -0.1706
vn -0.1678 0.9710 -0.1701
vn -0.9805 -0.1934 0.0338
vn -0.9335 -0.3532 0.0618
vn -0.9805 0.1934 -0.0338
vn -0.9335 0.3532 -0.0618
vn -0.4456 0.8818 -0.1545
vn -0.4898 0.8587 -0.1504
vn 0.9805 -0.1934 0.0338
vn 0.9335 -0.3532 0.0618
vn -0.7101 0.6935 -0.1214
vn -0.7655 0.6338 -0.1109
vn 0.9308 -0.3601 0.0627
vn 0.9820 -0.1863 0.0324
vn 0.7655 0.6338 -0.1109
vn 0.9928 -0.0133 -0.1187
vn 0.9910 0.0622 -0.1185
vn 0.9978 -0.0294 0.0588
vn 0.9961 0.0571 0.0666
vn 0.9877 0.1441 0.0611
vn 0.9638 0.1444 0.2240
vn 0.9735 0.0347 0.2262
vn 0.9813 0.1358 -0.1367
vn 0.9834 0.1379 -0.1181
vn 0.9736 -0.0305 0.2261
vn 0.1497 0.1166 -0.9818
vn 0.1536 0.0568 -0.9865
vn 0.0747 0.1209 -0.9898
vn 0.3017 -0.3814 0.8738
vn 0.3160 -0.1976 0.9279
vn 0.2424 -0.3230 0.9148
vn 0.1061 -0.2951 0.9496
vn -0.1274 -0.3806 0.9159
vn -0.1358 -0.1894 0.9725
vn -0.1355 -0.1984 0.9707
vn -0.0173 -0.2929 0.9560
vn 0.2454 0.3214 0.9146
vn 0.1067 0.2944 0.9497
vn -0.0174 0.2928 0.9560
vn 0.0045 -0.9915 0.1300
vn -0.1354 0.1973 0.9709
vn -0.1356 0.1904 0.9723
vn -0.1271 0.3805 0.9160
vn 0.3183 0.2007 0.9265
vn 0.3037 0.3792 0.8740
vn 0.3228 0.0901 0.9422
vn 0.3199 -0.0858 0.9436
vn -0.1273 0.3999 0.9077
vn -0.1271 -0.4000 0.9077
vn -0.7884 -0.1937 0.5839
vn -0.8018 -0.0672 0.5938
vn -0.8013 -0.0760 0.5934
vn -0.7849 -0.2146 0.5813
vn -0.8018 0.0672 0.5938
vn -0.8013 0.0760 0.5934
vn -0.7884 0.1937 0.5839
vn -0.7849 0.2146 0.5813
vn -0.7748 0.2653 0.5738
vn -0.7748 -0.2653 0.5738
vn 0.0045 0.9915 0.1300
vn 0.0321 -0.0000 0.9995
vn 0.0016 -0.9996 -0.0290
vn 0.0014 -0.9996 -0.0289
vn 0.1348 0.5974 0.7905
vn 0.1604 0.5938 0.7885
vn 0.0002 0.6086 0.7935
vn -0.0007 -0.9996 -0.0294
vn -0.0002 -1.0000 -0.0001
vn -0.0000 -1.0000 -0.0001
vn -0.0108 0.6079 0.7940
vn -1.0000 -0.0031 -0.0061
vn -0.0063 -0.7940 0.6078
vn 0.0101 0.7940 -0.6078
vn 0.9999 -0.0045 0.0118
vn -0.0064 -0.7940 0.6078
vn -0.8397 0.3242 0.4358
vn -0.7071 -0.4220 -0.5674
vn -0.0754 -0.5954 -0.7999
vn 0.7071 -0.4220 -0.5674
vn 0.1951 -0.0000 0.9808
vn 0.8821 0.2823 0.3771
vn 0.8315 -0.0000 -0.5556
vn 0.9239 -0.0000 -0.3827
vn 0.9808 -0.0000 -0.1951
vn 0.9808 -0.0000 0.1951
vn 0.9239 -0.0000 0.3827
vn 0.8315 -0.0000 0.5556
vn 0.7071 -0.0000 0.7071
vn 0.5556 -0.0000 0.8315
vn 0.3827 -0.0000 0.9239
vn -0.4067 -0.0000 0.9135
vn -0.3963 -0.8933 0.2119
vn 0.7888 -0.4475 -0.4215
vn -0.7886 0.4475 0.4217
vn -0.8258 0.4484 0.3421
vn 0.3964 0.8933 -0.2118
vn 0.4138 0.8941 -0.1714
vn -0.9058 -0.2333 -0.3537
vn 0.3075 0.2125 -0.9275
vn -0.4138 -0.8941 0.1714
vn 0.7887 -0.4475 -0.4215
vn 0.8258 -0.4484 -0.3420
vn -0.2528 -0.2430 0.9365
vn 0.9313 0.2014 0.3036
vn -0.9313 -0.2014 -0.3036
vn 0.2528 0.2430 -0.9365
vn -0.4304 -0.8932 0.1306
vn 0.8566 -0.4458 -0.2598
vn -0.8771 0.4476 0.1745
vn 0.4394 0.8940 -0.0874
vn -0.8194 -0.2333 -0.5236
vn 0.4825 0.2125 -0.8497
vn -0.8566 0.4458 0.2598
vn 0.4304 0.8932 -0.1306
vn -0.4394 -0.8940 0.0874
vn 0.8771 -0.4476 -0.1745
vn -0.3904 -0.2333 0.8906
vn 0.8733 0.2125 0.4385
vn -0.4476 -0.8932 0.0441
vn 0.8908 -0.4458 -0.0877
vn -0.8942 0.4476 -0.0000
vn 0.4480 0.8940 -0.0000
vn -0.7015 -0.2333 -0.6734
vn 0.6390 0.2125 -0.7393
vn -0.8908 0.4458 0.0877
vn 0.4476 0.8932 -0.0441
vn -0.4480 -0.8940 -0.0000
vn 0.8942 -0.4476 -0.0000
vn -0.5567 -0.2333 0.7973
vn 0.7709 0.2125 0.6004
vn -0.4476 -0.8932 -0.0441
vn 0.8908 -0.4459 0.0877
vn -0.8771 0.4476 -0.1745
vn 0.4394 0.8940 0.0874
vn -0.5567 -0.2333 -0.7973
vn 0.7709 0.2125 -0.6004
vn -0.8908 0.4458 -0.0877
vn 0.4476 0.8932 0.0441
vn -0.4394 -0.8940 -0.0874
vn 0.8771 -0.4476 0.1745
vn -0.7015 -0.2333 0.6734
vn 0.6390 0.2125 0.7393
vn -0.4304 -0.8932 -0.1306
vn 0.8566 -0.4459 0.2598
vn -0.8258 0.4484 -0.3421
vn 0.4138 0.8941 0.1714
vn -0.3904 -0.2333 -0.8906
vn 0.8733 0.2125 -0.4385
vn -0.8566 0.4458 -0.2598
vn 0.4304 0.8932 0.1306
vn -0.4138 -0.8941 -0.1714
vn 0.8258 -0.4484 0.3420
vn -0.8194 -0.2333 0.5236
vn 0.4825 0.2125 0.8497
vn -0.3963 -0.8933 -0.2119
vn 0.7888 -0.4475 0.4215
vn -0.7886 0.4475 -0.4217
vn 0.3964 0.8933 0.2118
vn -0.2528 -0.2430 -0.9365
vn 0.9313 0.2014 -0.3036
vn -0.9313 -0.2014 0.3036
vn 0.2528 0.2430 0.9365
vn 0.7887 -0.4475 0.4215
vn -0.9058 -0.2333 0.3537
vn 0.3074 0.2125 0.9275
vn -0.7654 0.6340 -0.1107
vn -0.7101 0.6936 -0.1213
vn -0.9308 0.3601 -0.0627
vn -0.9820 0.1863 -0.0324
vn 0.9308 0.3601 -0.0627
vn 0.7101 0.6936 -0.1213
vn 0.7654 0.6340 -0.1107
vn 0.9820 0.1863 -0.0324
vn 0.7101 -0.6935 0.1214
vn 0.7655 -0.6338 0.1109
vn 0.1513 -0.9737 0.1706
vn -0.1513 -0.9737 0.1706
vn -0.7101 -0.6935 0.1214
vn -0.7655 -0.6338 0.1109
vn -0.0000 -0.9923 0.1238
vn -0.0113 0.6217 0.7831
vn 0.0113 0.6218 0.7831
vn 0.0409 -0.6090 -0.7921
vn -0.0000 -0.7842 0.6205
vn -0.0000 0.7842 -0.6206
vn -0.0000 -0.6206 -0.7842
vn -0.0000 0.6206 0.7842
vn -0.0000 0.6205 0.7842
vn -0.0000 -0.7842 0.6206
vn -0.0000 -0.6205 -0.7842
vn -0.0000 0.7842 -0.6205
vn 0.0678 -0.0000 -0.9977
vn 0.0678 -0.0000 0.9977
vn 0.0678 -0.9977 -0.0000
vn 0.0678 0.9977 -0.0000
vn -0.0115 -0.9999 0.0008
vn -0.9977 -0.0000 0.0678
vn -0.0115 0.9999 0.0008
vn 0.9977 -0.0000 -0.0678
vn -0.8023 -0.5877 0.1046
vn -0.8023 0.5877 0.1046
vn -0.0000 -0.5878 -0.8090
vn 0.1186 0.5878 -0.8003
vn -0.7905 0.5878 -0.1721
vn -0.0000 -0.9511 0.3090
vn 0.3065 -0.9510 -0.0399
vn 0.3019 0.9511 0.0657
vn 0.3019 -0.9511 0.0657
vn 0.9771 -0.0000 0.2128
vn -0.0000 0.9511 0.3090
vn 0.9916 -0.0000 -0.1292
vn 0.3065 0.9510 -0.0399
vn -0.0000 0.5878 -0.8090
vn -0.7905 -0.5878 -0.1721
vn -0.0453 0.9511 0.3057
vn -0.0453 -0.9511 0.3057
vn -0.1466 -0.0000 0.9892
vn 0.1186 -0.5878 -0.8003
vn -0.6741 0.6396 0.3696
vn -0.7719 0.6328 0.0605
vn -0.8585 0.1789 0.4807
vn -0.2262 0.9660 0.1255
vn -0.2584 0.9659 0.0149
vn 0.2584 0.9659 -0.0156
vn 0.2261 0.9659 -0.1262
vn 0.8960 0.4409 -0.0532
vn 0.7835 0.4356 -0.4431
vn 0.7846 0.4356 -0.4412
vn 0.7059 -0.7071 -0.0415
vn 0.6179 -0.7072 -0.3436
vn 0.2262 -0.9660 -0.1255
vn 0.2584 -0.9659 -0.0149
vn -0.2583 -0.9659 0.0156
vn -0.2261 -0.9659 0.1262
vn -0.8292 -0.3409 0.4430
vn -0.4420 0.6368 0.6318
vn -0.5637 0.2256 0.7946
vn -0.1492 0.9660 0.2112
vn 0.1491 0.9659 -0.2119
vn 0.5074 0.4444 -0.7383
vn 0.5063 0.4049 -0.7613
vn 0.4075 -0.7073 -0.5777
vn 0.1492 -0.9660 -0.2112
vn -0.1491 -0.9659 0.2119
vn -0.5195 -0.4511 0.7257
vn -0.3914 -0.7068 0.5893
vn -0.0426 0.9660 0.2549
vn 0.1164 -0.7074 -0.6972
vn -0.0000 -1.0000 0.0004
vn 0.0724 0.9660 0.2481
vn 0.1730 0.9660 0.1921
vn -0.1731 0.9659 -0.1928
vn -0.4728 -0.7073 -0.5256
vn -0.1978 -0.7074 -0.6786
vn -0.0000 1.0000 -0.0004
vn -0.1730 -0.9660 -0.1921
vn 0.1731 -0.9659 0.1928
vn 0.2191 -0.6807 0.6991
vn 0.2394 0.9660 0.0980
vn -0.2394 0.9659 -0.0987
vn -0.6541 -0.7072 -0.2684
vn -0.2394 -0.9660 -0.0980
vn 0.2394 -0.9659 0.0987
vn 0.2583 0.9659 -0.0156
vn -0.7059 -0.7071 0.0420
vn -0.9061 0.4197 0.0523
vn 0.8534 -0.1973 -0.4825
vn 0.7700 -0.6355 -0.0576
vn -0.8079 0.3811 0.4495
vn -0.6178 -0.7070 0.3442
vn 0.6714 -0.6392 -0.3749
vn 0.5760 -0.1824 -0.7968
vn -0.5308 0.3892 0.7528
vn -0.4074 -0.7069 0.5782
vn 0.4453 -0.6425 -0.6237
vn 0.0962 0.7067 -0.7009
vn -0.1269 0.3211 0.9385
vn 0.1351 -0.6812 -0.7195
vn 0.2702 0.2592 0.9273
vn 0.1978 -0.7069 0.6791
vn 0.6143 0.3158 0.7231
vn 0.4728 -0.7069 0.5261
vn 0.1731 -0.9658 0.1928
vn -0.2115 -0.6908 -0.6915
vn -0.5122 -0.6568 -0.5534
vn 0.8329 0.4093 0.3726
vn 0.6541 -0.7070 0.2689
vn -0.8480 -0.1787 0.4989
vn -0.9179 -0.3963 0.0190
vn -0.6601 -0.6470 0.3817
vn 0.5259 0.4042 -0.7484
vn -0.4407 -0.6589 0.6096
vn 0.2190 0.6812 0.6986
vn -0.5905 0.4149 -0.6922
vn -0.8322 0.4484 -0.3261
vn -0.8544 0.4090 -0.3204
vn 0.7592 0.6480 -0.0616
vn -0.9271 0.3708 0.0547
vn 0.6565 0.6581 -0.3686
vn -0.8107 0.4093 0.4186
vn 0.4370 0.6376 -0.6344
vn -0.5048 0.4154 0.7567
vn -0.5065 0.4538 0.7331
vn 0.1018 -0.7073 -0.6996
vn -0.4882 0.6927 -0.5309
vn 0.6112 0.3211 0.7235
vn -0.7075 0.6524 -0.2718
vn 0.8323 0.4153 0.3672
vn -0.6681 0.6357 0.3867
vn 0.7737 0.4483 -0.4476
vn 0.7831 0.4090 -0.4685
vn -0.4434 0.6568 0.6100
vn 0.4903 0.5210 -0.6987
vn 0.5247 0.3153 -0.7908
vn 0.4283 0.7067 -0.5632
vn -0.1284 0.6908 0.7116
vn -0.1435 0.4514 0.8807
vn 0.5137 0.6334 0.5788
vn 0.2172 0.6273 0.7479
vn 0.2947 0.2041 0.9335
vn 0.6756 0.1737 0.7165
vn -0.6160 0.3887 -0.6852
vn -0.4727 -0.7073 -0.5256
vn 0.7154 0.6337 0.2942
vn 0.9186 0.1572 0.3625
vn -0.6868 0.6539 -0.3174
vn 0.8665 -0.3456 0.3603
vn 0.7741 0.6316 -0.0431
vn 0.9845 0.1665 -0.0549
vn -0.7058 -0.7071 0.0420
vn 0.9370 -0.3472 -0.0391
vn -0.7983 0.4366 0.4148
vn 0.6193 -0.6872 -0.3798
vn 0.4301 -0.6619 -0.6139
vn 0.1144 0.6529 -0.7487
vn -0.1163 -0.7068 0.6977
vn 0.2395 -0.9659 0.0987
vn 0.9166 0.3996 0.0104
vn 0.8997 0.4248 -0.1007
vn 0.5396 0.7909 0.2885
vn 0.9902 -0.0848 -0.1108
vn 0.9732 -0.0595 -0.2219
vn 0.5014 -0.7235 -0.4745
vn 0.5842 -0.8093 -0.0615
vn 0.5844 -0.8093 -0.0594
vn 0.5397 -0.7069 -0.4572
vn -0.6144 -0.7516 -0.2399
vn -0.5680 -0.8205 0.0636
vn -0.8997 -0.4248 0.1007
vn -0.9166 -0.3996 -0.0104
vn -0.9732 0.0595 0.2219
vn -0.9902 0.0847 0.1108
vn 0.6042 0.5827 0.5434
vn 0.1587 0.6389 0.7528
vn 0.9392 0.3289 0.0985
vn 0.9507 0.0112 -0.3100
vn 0.5304 -0.4255 -0.7332
vn 0.3287 -0.5021 -0.7999
vn 0.7112 -0.3242 -0.6238
vn -0.6761 -0.5585 -0.4806
vn -0.9392 -0.3289 -0.0985
vn -0.9507 -0.0112 0.3100
vn -0.3551 0.5325 0.7683
vn 0.1860 -0.1661 -0.9684
vn -0.7409 -0.2794 -0.6107
vn 0.9957 0.0112 0.0922
vn -0.9783 -0.1760 0.1095
vn 0.8942 0.3289 -0.3037
vn 0.2294 0.6131 -0.7560
vn 0.1786 0.2356 -0.9553
vn -0.8304 0.3095 -0.4634
vn 0.9783 0.1760 -0.1095
vn -0.9957 -0.0112 -0.0922
vn -0.8942 -0.3289 0.3037
vn -0.5558 -0.2945 0.7774
vn -0.4740 -0.5901 0.6535
vn 0.0129 -0.9011 0.4335
vn 0.9982 -0.0595 0.0013
vn 0.8917 0.3996 -0.2128
vn 0.2551 0.8778 -0.4055
vn 0.2132 0.8930 -0.3964
vn -0.8373 0.5027 -0.2150
vn -0.9982 0.0595 -0.0013
vn -0.8917 -0.3996 0.2128
vn -0.4641 -0.7947 0.3912
vn 0.2003 0.9795 -0.0225
vn -0.8154 0.5716 0.0912
vn -0.9902 0.0848 0.1108
vn -0.5041 -0.8616 0.0598
vn 0.7020 -0.5634 -0.4357
vn 0.2955 0.8930 0.3393
vn -0.7691 0.5027 0.3948
vn 0.6438 -0.3651 -0.6725
vn 0.1889 -0.5802 -0.7923
vn 0.3909 0.6132 0.6865
vn 0.4258 0.6203 0.6588
vn -0.7074 0.3096 0.6354
vn 0.6179 -0.0550 -0.7843
vn 0.3853 0.2358 0.8921
vn 0.7370 0.2976 0.6068
vn 0.6315 -0.0966 0.7693
vn 0.3955 -0.1660 0.9033
vn 0.5207 0.2803 -0.8064
vn 0.4928 -0.5060 0.7079
vn -0.5531 -0.5584 0.6182
vn 0.5852 -0.7286 0.3560
vn -0.5462 -0.7516 0.3699
vn -0.7851 0.5780 -0.2223
vn 0.5090 -0.7289 -0.4579
vn -0.7170 0.5598 0.4154
vn 0.6259 0.5730 0.5291
vn -0.6805 0.3342 0.6521
vn 0.7239 0.2892 0.6263
vn 0.9270 0.1133 -0.3577
vn -0.6011 0.0350 0.7984
vn 0.7695 -0.3548 0.5310
vn 0.7173 -0.0659 0.6937
vn -0.4763 -0.7965 0.3725
vn -0.5130 -0.8560 0.0636
vn 0.3223 0.8894 0.3242
vn -0.5677 -0.7784 -0.2679
vn 0.3909 0.6131 0.6865
vn -0.7074 0.3096 0.6355
vn -0.6108 -0.5792 -0.5398
vn 0.3854 0.2358 0.8921
vn 0.3956 -0.1660 0.9033
vn 0.4974 -0.5020 0.7075
vn -0.8197 0.3268 -0.4703
vn 0.2968 0.5702 0.7660
vn 0.1568 -0.0013 -0.9876
vn 0.0785 0.0016 -0.9969
vn 0.0023 -0.9998 -0.0204
vn 0.0080 -0.9998 -0.0197
vn 0.0002 -0.9998 -0.0214
vn 0.0028 -0.9998 -0.0214
vn 0.1569 -0.1212 -0.9802
vn 0.1535 -0.2378 -0.9591
vn 0.1581 -0.0000 -0.9874
vn 0.0793 -0.0000 -0.9969
vn -0.0042 0.9981 0.0618
vn -0.0128 0.9978 0.0652
vn -0.0099 0.9979 0.0640
vn 0.0251 -0.8673 0.4972
vn 0.0474 -0.0000 0.9989
vn 0.9989 0.0083 -0.0458
vn 0.9990 -0.0000 -0.0447
vn 0.9990 0.0057 -0.0455
vn 0.9987 0.0194 -0.0473
vn -0.8315 -0.0000 -0.5556
vn -0.7071 -0.0000 -0.7071
vn -0.5556 -0.0000 -0.8315
vn -0.3827 -0.0000 -0.9239
vn -0.1951 -0.0000 -0.9808
vn -0.8053 0.5929 -0.0000
vn -0.7877 0.5929 -0.1674
vn -0.7357 0.5929 -0.3275
vn -0.7877 0.5929 0.1674
vn -0.7357 0.5929 0.3275
vn -0.9878 0.0377 -0.1511
vn -0.9902 -0.0067 -0.1396
vn -0.9928 -0.0134 -0.1187
vn -0.9910 0.0622 -0.1186
vn -0.9639 0.1452 0.2233
vn -0.9876 0.1445 0.0607
vn -0.9813 0.1356 -0.1369
vn -0.9834 0.1378 -0.1183
vn -0.9741 -0.0212 0.2253
vn -0.0788 0.0018 -0.9969
vn -0.9825 -0.0730 -0.1714
vn -0.1539 0.0571 -0.9864
vn -0.1500 0.1171 -0.9817
vn -0.3017 -0.3814 0.8738
vn -0.1061 -0.2951 0.9496
vn 0.1355 -0.1984 0.9707
vn 0.1358 -0.1894 0.9725
vn 0.1274 -0.3805 0.9159
vn 0.0173 -0.2929 0.9560
vn 0.0174 0.2929 0.9560
vn -0.1067 0.2944 0.9497
vn -0.2454 0.3214 0.9146
vn 0.0805 0.3373 0.9380
vn -0.0045 -0.9915 0.1300
vn 0.1354 0.1973 0.9709
vn 0.1271 0.3805 0.9160
vn 0.1356 0.1904 0.9723
vn -0.3037 0.3792 0.8740
vn -0.3183 0.2007 0.9265
vn -0.3228 0.0901 0.9422
vn 0.1273 0.3999 0.9077
vn 0.0959 0.2059 0.9739
vn 0.1271 -0.4000 0.9077
vn 0.8013 -0.0760 0.5934
vn 0.8018 -0.0672 0.5938
vn 0.7884 -0.1937 0.5839
vn 0.7849 -0.2146 0.5813
vn 0.8013 0.0760 0.5934
vn 0.8018 0.0672 0.5938
vn 0.7849 0.2146 0.5813
vn 0.7884 0.1937 0.5839
vn 0.7748 0.2653 0.5738
vn 0.7748 -0.2653 0.5738
vn -0.0045 0.9915 0.1300
vn -0.0321 -0.0000 0.9995
vn -0.0010 0.0041 1.0000
vn -0.1493 0.5962 0.7889
vn -0.1250 0.5992 0.7908
vn 0.0002 -1.0000 -0.0003
vn 0.0003 -1.0000 -0.0004
vn -0.0061 -0.9992 -0.0390
vn 0.0108 0.6079 0.7940
vn 1.0000 -0.0031 -0.0061
vn 0.0064 -0.7940 0.6078
vn -0.0101 0.7940 -0.6078
vn -0.9999 -0.0045 0.0118
vn 0.2588 0.5764 0.7751
vn 0.8258 0.3362 0.4528
vn -0.2588 0.5764 0.7751
vn 0.8931 -0.2695 -0.3602
vn 0.0570 -0.5968 -0.8003
vn -0.8361 -0.3263 -0.4409
vn -0.8931 0.2695 0.3602
vn -0.1951 -0.0000 0.9808
vn -0.9239 -0.0000 -0.3827
vn -0.9808 -0.0000 -0.1951
vn -0.9808 -0.0000 0.1951
vn -0.9239 -0.0000 0.3827
vn -0.8315 -0.0000 0.5556
vn -0.7071 -0.0000 0.7071
vn -0.5556 -0.0000 0.8315
vn -0.3827 -0.0000 0.9239
vn 0.3963 -0.8933 0.2119
vn -0.7888 -0.4475 -0.4214
vn 0.7886 0.4475 0.4217
vn 0.8258 0.4484 0.3421
vn -0.4138 0.8941 -0.1714
vn -0.3964 0.8933 -0.2118
vn 0.9058 -0.2333 -0.3537
vn -0.3075 0.2125 -0.9275
vn 0.4138 -0.8941 0.1714
vn -0.7888 -0.4475 -0.4215
vn -0.8258 -0.4484 -0.3420
vn 0.2528 -0.2430 0.9365
vn -0.9313 0.2014 0.3036
vn 0.9313 -0.2014 -0.3036
vn -0.2528 0.2430 -0.9365
vn 0.4304 -0.8932 0.1306
vn -0.8566 -0.4458 -0.2598
vn 0.8771 0.4476 0.1745
vn -0.4394 0.8940 -0.0874
vn 0.8194 -0.2333 -0.5236
vn -0.4825 0.2125 -0.8497
vn 0.8566 0.4458 0.2598
vn -0.4304 0.8932 -0.1306
vn 0.4394 -0.8940 0.0874
vn -0.8771 -0.4476 -0.1745
vn 0.3904 -0.2333 0.8906
vn -0.8733 0.2125 0.4385
vn 0.4476 -0.8932 0.0441
vn -0.8908 -0.4459 -0.0877
vn 0.8942 0.4476 -0.0000
vn -0.4480 0.8940 -0.0000
vn 0.7015 -0.2333 -0.6734
vn -0.6390 0.2125 -0.7393
vn 0.8908 0.4458 0.0877
vn -0.4476 0.8932 -0.0441
vn 0.4480 -0.8940 -0.0000
vn -0.8942 -0.4476 -0.0000
vn 0.5567 -0.2333 0.7973
vn -0.7709 0.2125 0.6004
vn 0.4476 -0.8932 -0.0441
vn -0.8908 -0.4458 0.0877
vn 0.8771 0.4476 -0.1745
vn -0.4394 0.8940 0.0874
vn 0.5566 -0.2333 -0.7973
vn -0.7709 0.2125 -0.6004
vn 0.8908 0.4458 -0.0877
vn -0.4476 0.8932 0.0441
vn 0.4394 -0.8940 -0.0874
vn -0.8771 -0.4476 0.1745
vn 0.7015 -0.2333 0.6734
vn -0.6390 0.2125 0.7393
vn 0.4304 -0.8932 -0.1306
vn -0.8566 -0.4458 0.2598
vn 0.8258 0.4484 -0.3421
vn -0.4138 0.8941 0.1714
vn 0.3904 -0.2333 -0.8906
vn -0.8733 0.2125 -0.4385
vn 0.8566 0.4458 -0.2598
vn -0.4304 0.8932 0.1306
vn 0.4138 -0.8941 -0.1714
vn -0.8258 -0.4484 0.3420
vn 0.8194 -0.2333 0.5236
vn -0.4825 0.2125 0.8497
vn 0.3963 -0.8933 -0.2119
vn -0.7888 -0.4475 0.4215
vn 0.7886 0.4475 -0.4217
vn -0.3964 0.8933 0.2118
vn 0.2528 -0.2430 -0.9365
vn -0.9313 0.2014 -0.3036
vn 0.9313 -0.2014 0.3036
vn -0.2528 0.2430 0.9365
vn 0.3964 -0.8933 -0.2119
vn -0.7887 -0.4475 0.4215
vn 0.9058 -0.2333 0.3537
vn -0.3075 0.2125 0.9275
vn -0.0113 0.6218 0.7831
vn -0.0409 -0.6090 -0.7921
vn -0.0678 -0.0000 -0.9977
vn -0.0678 -0.0000 0.9977
vn -0.0678 -0.9977 -0.0000
vn -0.0678 0.9977 -0.0000
vn 0.0115 -0.9999 0.0008
vn 0.9977 -0.0000 0.0678
vn 0.0115 0.9999 0.0008
vn -0.9977 -0.0000 -0.0678
vn 0.8023 -0.5877 0.1046
vn 0.8023 0.5877 0.1046
vn -0.1186 0.5878 -0.8003
vn 0.7905 0.5878 -0.1721
vn -0.3065 -0.9510 -0.0399
vn -0.3019 0.9511 0.0657
vn -0.3019 -0.9511 0.0657
vn -0.9771 -0.0000 0.2128
vn -0.9916 -0.0000 -0.1292
vn -0.3065 0.9510 -0.0399
vn 0.7905 -0.5878 -0.1721
vn 0.0453 0.9511 0.3057
vn 0.0453 -0.9511 0.3057
vn 0.1466 -0.0000 0.9892
vn -0.1186 -0.5878 -0.8003
vn 0.9887 0.1384 0.0585
vn 0.7770 0.6278 0.0458
vn 0.6861 0.6417 0.3427
vn 0.2262 0.9660 0.1255
vn 0.2584 0.9659 0.0149
vn -0.2261 0.9659 -0.1262
vn -0.2584 0.9659 -0.0156
vn -0.6179 -0.7072 -0.3436
vn -0.7059 -0.7071 -0.0415
vn -0.8348 0.5489 -0.0424
vn -0.2262 -0.9660 -0.1255
vn -0.2584 -0.9659 -0.0149
vn 0.2261 -0.9659 0.1262
vn 0.2583 -0.9659 0.0156
vn 0.9332 -0.3550 0.0554
vn 0.1492 0.9660 0.2112
vn -0.1491 0.9659 -0.2119
vn -0.5215 0.3205 -0.7907
vn -0.4075 -0.7073 -0.5777
vn -0.1492 -0.9660 -0.2112
vn 0.1491 -0.9659 0.2119
vn 0.4289 -0.6550 0.6221
vn -0.5157 0.6425 0.5668
vn -0.2190 0.6812 0.6986
vn -0.1730 0.9660 0.1921
vn 0.1731 0.9659 -0.1928
vn 0.5500 0.5791 -0.6017
vn 0.4727 -0.7073 -0.5256
vn 0.1730 -0.9660 -0.1921
vn -0.1731 -0.9659 0.1928
vn -0.2394 0.9660 0.0980
vn 0.2394 0.9659 -0.0987
vn 0.6541 -0.7072 -0.2684
vn 0.2394 -0.9660 -0.0980
vn -0.2394 -0.9659 0.0987
vn -0.2583 0.9659 -0.0156
vn 0.9004 0.4319 0.0530
vn 0.9005 0.4319 0.0511
vn 0.7059 -0.7071 0.0420
vn -0.7573 -0.6513 -0.0479
vn -0.7762 0.4614 -0.4296
vn -0.8534 -0.1973 -0.4825
vn -0.6178 0.7070 -0.3442
vn 0.7883 0.4359 0.4343
vn 0.7893 0.4359 0.4324
vn 0.6178 -0.7070 0.3442
vn -0.6714 -0.6392 -0.3749
vn -0.5760 -0.1824 -0.7968
vn -0.5425 0.3632 -0.7575
vn 0.5048 0.4154 0.7567
vn 0.4074 -0.7069 0.5782
vn -0.4453 -0.6425 -0.6237
vn -0.1528 0.4776 -0.8652
vn -0.0939 0.6884 -0.7192
vn 0.1269 0.3211 0.9385
vn 0.1163 -0.7068 0.6977
vn -0.2702 0.2592 0.9273
vn -0.1978 -0.7069 0.6791
vn 0.2003 0.6708 -0.7140
vn 0.4915 0.6767 -0.5482
vn -0.6143 0.3158 0.7231
vn -0.4728 -0.7069 0.5261
vn -0.1731 -0.9658 0.1928
vn 0.4993 -0.6554 -0.5667
vn 0.7075 0.6524 -0.2718
vn -0.8455 0.4046 0.3485
vn -0.6541 -0.7070 0.2689
vn -0.8960 0.4409 -0.0532
vn -0.7831 0.4090 -0.4685
vn 0.6686 -0.6354 0.3864
vn -0.5247 0.3153 -0.7908
vn 0.4433 -0.6564 0.6104
vn 0.4728 -0.7073 -0.5256
vn 0.9065 0.4151 0.0771
vn -0.8547 -0.1606 -0.4936
vn 0.8079 0.3811 0.4495
vn -0.5831 -0.1516 -0.7982
vn -0.5527 0.3798 -0.7418
vn -0.6645 -0.6323 -0.3984
vn 0.5308 0.3892 0.7528
vn -0.4516 -0.6370 -0.6247
vn -0.1707 0.0441 -0.9843
vn -0.1018 0.7068 -0.7001
vn 0.1163 -0.7069 0.6977
vn 0.4952 0.6693 -0.5539
vn 0.5030 -0.6554 -0.5635
vn 0.7074 0.6508 -0.2758
vn -0.8329 0.4093 0.3726
vn 0.6852 0.6396 0.3484
vn 0.9247 -0.3718 0.0821
vn -0.6037 0.4010 0.6890
vn -0.1782 0.7072 0.6842
vn 0.5451 0.5791 -0.6062
vn -0.5044 -0.6523 0.5658
vn -0.8378 -0.4245 0.3433
vn -0.6888 -0.6657 0.2871
vn -0.7500 -0.6595 -0.0502
vn -0.8259 0.3318 -0.4557
vn -0.8581 -0.1714 -0.4840
vn -0.6688 -0.6418 -0.3753
vn -0.5859 -0.1662 -0.7932
vn 0.1491 -0.9658 0.2119
vn 0.0426 -0.9658 0.2557
vn 0.5122 -0.6568 -0.5534
vn 0.7091 -0.6357 -0.3052
vn -0.2269 0.8948 0.3846
vn 0.2638 0.8413 0.4719
vn -0.9166 0.3996 0.0104
vn -0.8997 0.4248 -0.1007
vn -0.9732 -0.0595 -0.2219
vn -0.9902 -0.0848 -0.1108
vn 0.6144 -0.7516 -0.2399
vn 0.5680 -0.8205 0.0636
vn -0.6832 -0.7262 -0.0764
vn 0.9166 -0.3996 -0.0104
vn 0.8997 -0.4248 0.1007
vn 0.9732 0.0595 0.2219
vn 0.9902 0.0848 0.1108
vn 0.7104 0.5713 0.4109
vn 0.7528 0.6507 0.0994
vn -0.9392 0.3289 0.0985
vn -0.9507 0.0112 -0.3100
vn -0.3287 -0.5021 -0.7999
vn 0.6761 -0.5585 -0.4806
vn 0.9392 -0.3289 -0.0985
vn 0.9507 -0.0112 0.3100
vn 0.6612 0.3556 0.6606
vn -0.9270 0.1133 -0.3577
vn 0.9783 -0.1760 0.1095
vn -0.9957 0.0112 0.0922
vn -0.8942 0.3289 -0.3037
vn -0.1999 0.6338 -0.7472
vn -0.1786 0.2357 -0.9553
vn -0.9783 0.1760 -0.1095
vn 0.8304 0.3095 -0.4634
vn 0.9957 -0.0112 -0.0922
vn 0.8942 -0.3289 0.3037
vn -0.3914 -0.8330 0.3911
vn -0.7818 -0.5705 0.2517
vn -0.9982 -0.0595 0.0013
vn -0.8917 0.3996 -0.2128
vn -0.1824 0.8870 -0.4241
vn 0.8373 0.5026 -0.2150
vn 0.9982 0.0595 -0.0013
vn 0.8917 -0.3996 0.2128
vn -0.7703 -0.6323 -0.0828
vn 0.8155 0.5716 0.0912
vn 0.8154 0.5716 0.0912
vn -0.7545 -0.5369 -0.3776
vn 0.7691 0.5027 0.3948
vn 0.1429 -0.6347 -0.7595
vn 0.5410 -0.7870 -0.2965
vn 0.7074 0.3096 0.6355
vn 0.5929 -0.5865 -0.5518
vn -0.3854 0.2358 0.8921
vn 0.6426 0.0305 0.7656
vn -0.6316 -0.0966 0.7693
vn -0.3956 -0.1660 0.9033
vn 0.5875 -0.2793 0.7595
vn -0.4958 0.5720 -0.6534
vn -0.7960 -0.0304 0.6046
vn -0.4974 -0.5020 0.7075
vn 0.5531 -0.5584 0.6182
vn 0.7885 0.3423 -0.5109
vn 0.5462 -0.7516 0.3699
vn 0.2792 0.8469 0.4525
vn 0.5681 -0.8205 0.0636
vn 0.7235 0.5631 0.3993
vn 0.6795 0.3345 0.6530
vn 0.4416 0.4797 0.7583
vn -0.7239 0.2892 0.6263
vn -0.7760 -0.0549 0.6283
vn 0.8373 0.5027 -0.2150
vn 0.5048 -0.8616 0.0532
vn -0.3272 0.8766 0.3528
vn -0.3268 0.8775 0.3510
vn -0.6457 -0.3539 -0.6766
vn -0.3909 0.6132 0.6865
vn 0.7074 0.3096 0.6354
vn -0.1722 -0.1834 -0.9678
vn -0.5916 -0.0569 -0.8042
vn -0.4504 0.2519 0.8566
vn -0.5323 -0.1524 0.8327
vn -0.3196 0.2802 -0.9052
vn -0.5705 0.2755 -0.7737
vn -0.5323 0.5733 -0.6229
vn -0.5599 -0.5001 0.6606
vn -0.2747 0.5745 0.7710
vn -0.1572 -0.0009 -0.9876
vn -0.0054 -0.9997 -0.0223
vn -0.0042 -0.9998 -0.0217
vn -0.0020 -0.9998 -0.0208
vn -0.1535 -0.2378 -0.9591
vn -0.1569 -0.1212 -0.9802
vn -0.1581 -0.0000 -0.9874
vn 0.0036 0.9980 0.0625
vn -0.0251 -0.8673 0.4972
vn -0.0474 -0.0000 0.9989
vn -0.9990 -0.0000 -0.0447
vn -0.9989 0.0083 -0.0458
vn -0.9990 0.0057 -0.0455
vn -0.9987 0.0194 -0.0473
vn -0.2588 -0.0000 -0.9659
vn 0.6328 0.0027 0.7743
vn 0.2555 -0.0000 0.9668
vn 0.2622 -0.0000 0.9650
vn -0.9650 -0.0000 -0.2622
vn -0.7743 -0.0027 -0.6328
vn -0.9668 -0.0000 -0.2555
vn -0.1608 -0.0027 0.9870
vn 0.9971 -0.0024 -0.0754
vn -0.9870 0.0027 0.1608
vn 0.5485 -0.0075 -0.8361
vt 0.863145 0.242963
vt 0.856375 0.258800
vt 0.856929 0.252324
vt 0.859469 0.242609
vt 0.862151 0.213966
vt 0.859580 0.251403
vt 0.867414 0.205832
vt 0.447737 0.787100
vt 0.445628 0.775101
vt 0.447851 0.778057
vt 0.451517 0.786736
vt 0.455908 0.824924
vt 0.445124 0.777110
vt 0.450495 0.816558
vt 0.954723 0.519311
vt 0.956727 0.521795
vt 0.957977 0.522068
vt 0.957958 0.513301
vt 0.959975 0.553097
vt 0.954718 0.521472
vt 0.952532 0.563038
vt 0.448582 0.726765
vt 0.450731 0.713929
vt 0.452663 0.717143
vt 0.452297 0.725721
vt 0.455908 0.755053
vt 0.450141 0.715791
vt 0.452722 0.764495
vt 0.450241 0.830879
vt 0.454494 0.881967
vt 0.445606 0.839475
vt 0.373372 0.015757
vt 0.336268 0.005314
vt 0.373024 0.002977
vt 0.913765 0.891294
vt 0.913896 0.933890
vt 0.904530 0.933058
vt 0.848521 0.905370
vt 0.846905 0.925258
vt 0.846228 0.902285
vt 0.843303 0.899233
vt 0.839619 0.896299
vt 0.315753 0.917756
vt 0.322499 0.946427
vt 0.319271 0.949965
vt 0.933435 0.895305
vt 0.926052 0.891768
vt 0.929936 0.883116
vt 0.900938 0.940365
vt 0.907506 0.940758
vt 0.902100 0.944397
vt 0.393449 0.731716
vt 0.386722 0.731831
vt 0.386286 0.726251
vt 0.887842 0.945707
vt 0.833495 0.929948
vt 0.105650 0.289055
vt 0.211778 0.072634
vt 0.276829 0.094522
vt 0.843017 0.174275
vt 0.843066 0.050037
vt 0.848822 0.050037
vt 0.435112 0.951624
vt 0.429925 0.956274
vt 0.429925 0.951624
vt 0.977289 0.279805
vt 0.977765 0.279821
vt 0.977499 0.280219
vt 0.977195 0.279801
vt 0.977649 0.279782
vt 0.977450 0.280075
vt 0.977197 0.138203
vt 0.977650 0.138184
vt 0.977451 0.138477
vt 0.977289 0.138207
vt 0.977765 0.138223
vt 0.977501 0.138621
vt 0.776385 0.809250
vt 0.783253 0.801769
vt 0.778690 0.810000
vt 0.786934 0.805035
vt 0.785559 0.812258
vt 0.783288 0.811500
vt 0.594775 0.940964
vt 0.598365 0.950840
vt 0.592411 0.941653
vt 0.779472 0.798469
vt 0.789342 0.792563
vt 0.794814 0.804837
vt 0.790355 0.808100
vt 0.601263 0.948434
vt 0.608514 0.954131
vt 0.800437 0.794016
vt 0.790921 0.796044
vt 0.792947 0.800588
vt 0.800327 0.799092
vt 0.617606 0.959902
vt 0.606390 0.958575
vt 0.810988 0.794218
vt 0.817256 0.802499
vt 0.809852 0.796464
vt 0.813455 0.805615
vt 0.806561 0.803097
vt 0.807636 0.800914
vt 0.636598 0.886206
vt 0.642671 0.895227
vt 0.640307 0.895907
vt 0.809521 0.869077
vt 0.817147 0.862993
vt 0.819079 0.864591
vt 0.807325 0.864473
vt 0.811480 0.858227
vt 0.813339 0.859806
vt 0.799829 0.875362
vt 0.811813 0.873793
vt 0.626724 0.882640
vt 0.617668 0.880469
vt 0.628335 0.879347
vt 0.597108 0.896329
vt 0.594830 0.895664
vt 0.785072 0.852357
vt 0.787654 0.812967
vt 0.787225 0.851675
vt 0.782739 0.853071
vt 0.778019 0.854480
vt 0.774173 0.855618
vt 0.635775 0.897180
vt 0.638033 0.896551
vt 0.635743 0.939531
vt 0.816845 0.853142
vt 0.814553 0.812893
vt 0.816856 0.812207
vt 0.814542 0.852445
vt 0.826298 0.855905
vt 0.823802 0.810196
vt 0.826203 0.809494
vt 0.823857 0.855197
vt 0.640273 0.940817
vt 0.642633 0.941509
vt 0.895485 0.271758
vt 0.905088 0.273731
vt 0.905197 0.277952
vt 0.899386 0.262889
vt 0.904832 0.263959
vt 0.904950 0.268638
vt 0.897518 0.267168
vt 0.891468 0.262697
vt 0.879612 0.258899
vt 0.887768 0.265993
vt 0.883978 0.269314
vt 0.883605 0.202235
vt 0.879930 0.212627
vt 0.877467 0.211920
vt 0.890515 0.207950
vt 0.889362 0.215364
vt 0.887030 0.214668
vt 0.543139 0.948446
vt 0.536664 0.940964
vt 0.538945 0.940306
vt 0.894328 0.198661
vt 0.886679 0.204754
vt 0.548892 0.957303
vt 0.539396 0.951548
vt 0.904019 0.192274
vt 0.892037 0.193944
vt 0.550407 0.954123
vt 0.559485 0.956195
vt 0.911501 0.203278
vt 0.904009 0.204047
vt 0.904016 0.201548
vt 0.570064 0.957199
vt 0.559498 0.961199
vt 0.924454 0.202134
vt 0.914803 0.196364
vt 0.915985 0.193960
vt 0.575746 0.948312
vt 0.568531 0.954033
vt 0.578490 0.886206
vt 0.584562 0.895229
vt 0.582199 0.895908
vt 0.916260 0.274540
vt 0.923856 0.266616
vt 0.925875 0.268197
vt 0.912283 0.266753
vt 0.916235 0.260489
vt 0.918106 0.262013
vt 0.575805 0.888401
vt 0.568624 0.882626
vt 0.538999 0.896330
vt 0.536722 0.895664
vt 0.541259 0.896980
vt 0.538945 0.940306
vt 0.538999 0.896330
vt 0.541209 0.939661
vt 0.887785 0.256213
vt 0.884661 0.213981
vt 0.887785 0.256213
vt 0.885476 0.256977
vt 0.887030 0.214668
vt 0.883179 0.257730
vt 0.575358 0.938896
vt 0.577666 0.897180
vt 0.577633 0.939529
vt 0.575393 0.897804
vt 0.921449 0.255373
vt 0.918773 0.215320
vt 0.921087 0.214586
vt 0.919155 0.254719
vt 0.926079 0.256661
vt 0.923432 0.213869
vt 0.925756 0.213166
vt 0.923773 0.256023
vt 0.928400 0.257301
vt 0.925756 0.213166
vt 0.929236 0.212119
vt 0.582161 0.940818
vt 0.584521 0.941510
vt 0.893919 0.181240
vt 0.905087 0.179739
vt 0.905236 0.185041
vt 0.724804 0.882522
vt 0.733919 0.876764
vt 0.733890 0.880485
vt 0.722701 0.878066
vt 0.717530 0.888199
vt 0.709634 0.895247
vt 0.713804 0.885086
vt 0.890511 0.113941
vt 0.889360 0.121356
vt 0.887028 0.120660
vt 0.713275 0.940304
vt 0.717463 0.948445
vt 0.710995 0.940964
vt 0.897571 0.111492
vt 0.904012 0.112306
vt 0.898525 0.113529
vt 0.904011 0.107541
vt 0.911498 0.109271
vt 0.921331 0.110708
vt 0.913679 0.104675
vt 0.915311 0.101308
vt 0.743913 0.956209
vt 0.752944 0.950666
vt 0.745018 0.958473
vt 0.925258 0.107454
vt 0.929255 0.118099
vt 0.921938 0.171083
vt 0.926079 0.162651
vt 0.928399 0.163291
vt 0.916268 0.180533
vt 0.925874 0.174185
vt 0.912286 0.172749
vt 0.916226 0.166480
vt 0.918101 0.168004
vt 0.750134 0.888401
vt 0.742953 0.882627
vt 0.752819 0.886207
vt 0.914554 0.177217
vt 0.745118 0.878205
vt 0.713328 0.896329
vt 0.892159 0.160710
vt 0.890061 0.161438
vt 0.887786 0.162204
vt 0.884658 0.119973
vt 0.887028 0.120660
vt 0.754252 0.896552
vt 0.756491 0.940816
vt 0.754220 0.940167
vt 0.758036 0.895474
vt 0.758851 0.941508
vt 0.905893 0.559229
vt 0.917055 0.557746
vt 0.917182 0.563038
vt 0.905523 0.667970
vt 0.914684 0.662150
vt 0.914695 0.665812
vt 0.903339 0.663490
vt 0.891120 0.496502
vt 0.898709 0.488827
vt 0.894388 0.497420
vt 0.902594 0.492025
vt 0.901462 0.499464
vt 0.899124 0.498769
vt 0.892549 0.726677
vt 0.896153 0.736530
vt 0.890208 0.727396
vt 0.916072 0.480261
vt 0.906353 0.482656
vt 0.905209 0.480333
vt 0.927441 0.479152
vt 0.916047 0.474846
vt 0.923632 0.487146
vt 0.916123 0.487959
vt 0.916105 0.485454
vt 0.924395 0.739277
vt 0.931473 0.733498
vt 0.925467 0.741424
vt 0.935386 0.681881
vt 0.931203 0.673676
vt 0.937669 0.681224
vt 0.926516 0.555267
vt 0.933882 0.549126
vt 0.936694 0.551355
vt 0.924251 0.550784
vt 0.928195 0.544531
vt 0.930067 0.546055
vt 0.925477 0.664574
vt 0.934975 0.670561
vt 0.894156 0.682079
vt 0.891851 0.681450
vt 0.898739 0.683307
vt 0.897050 0.725324
vt 0.896442 0.682695
vt 0.899303 0.724657
vt 0.896749 0.498088
vt 0.897520 0.540970
vt 0.895228 0.541716
vt 0.891391 0.542962
vt 0.935487 0.725367
vt 0.937750 0.725990
vt 0.942612 0.495695
vt 0.941469 0.541654
vt 0.940171 0.496412
vt 0.907477 0.461589
vt 0.917056 0.463580
vt 0.917158 0.467679
vt 0.916932 0.458514
vt 0.909522 0.457000
vt 0.916812 0.453825
vt 0.905346 0.466286
vt 0.897093 0.458175
vt 0.171972 0.882644
vt 0.166372 0.891357
vt 0.170061 0.881054
vt 0.902601 0.397871
vt 0.901466 0.405310
vt 0.899127 0.404615
vt 0.173729 0.944410
vt 0.167257 0.936928
vt 0.169536 0.936270
vt 0.179486 0.953269
vt 0.169985 0.947520
vt 0.916084 0.386107
vt 0.906368 0.388501
vt 0.905225 0.386176
vt 0.916150 0.396065
vt 0.910645 0.397365
vt 0.908606 0.393102
vt 0.927409 0.385097
vt 0.916066 0.380694
vt 0.923638 0.392993
vt 0.916118 0.391297
vt 0.933478 0.394456
vt 0.925816 0.388384
vt 0.200172 0.952175
vt 0.209314 0.946724
vt 0.201278 0.954439
vt 0.203745 0.894374
vt 0.205980 0.893769
vt 0.205947 0.934862
vt 0.203708 0.934240
vt 0.926519 0.461114
vt 0.933887 0.454975
vt 0.936699 0.457203
vt 0.924254 0.456633
vt 0.928204 0.450381
vt 0.930073 0.451905
vt 0.208232 0.882854
vt 0.200762 0.875402
vt 0.210157 0.881289
vt 0.928876 0.465694
vt 0.922179 0.452468
vt 0.190141 0.876433
vt 0.199197 0.878604
vt 0.164893 0.937621
vt 0.902098 0.445303
vt 0.899827 0.446061
vt 0.890529 0.402177
vt 0.892921 0.448315
vt 0.890528 0.449091
vt 0.210480 0.936132
vt 0.212785 0.891871
vt 0.213720 0.937067
vt 0.210511 0.892516
vt 0.205947 0.934862
vt 0.208253 0.893145
vt 0.208223 0.935494
vt 0.933418 0.445269
vt 0.930809 0.405044
vt 0.933137 0.404334
vt 0.931121 0.444618
vt 0.938055 0.446556
vt 0.935492 0.403634
vt 0.937826 0.402949
vt 0.935745 0.445919
vt 0.940173 0.402265
vt 0.938055 0.446556
vt 0.937826 0.402949
vt 0.941996 0.447646
vt 0.942614 0.401549
vt 0.817214 0.493497
vt 0.822462 0.560236
vt 0.823314 0.563951
vt 0.959365 0.829996
vt 0.957361 0.832481
vt 0.960614 0.829724
vt 0.960595 0.838491
vt 0.957355 0.830320
vt 0.962613 0.798694
vt 0.955170 0.788754
vt 0.155882 0.959631
vt 0.152642 0.951460
vt 0.157900 0.919834
vt 0.964291 0.782799
vt 0.961051 0.774629
vt 0.966309 0.743003
vt 0.044378 0.961725
vt 0.041138 0.953554
vt 0.046395 0.921928
vt 0.077545 0.350262
vt 0.060570 0.362275
vt 0.018666 0.238191
vt 0.445019 0.594217
vt 0.412935 0.681075
vt 0.392752 0.667495
vt 0.415638 0.966255
vt 0.416886 0.934712
vt 0.419716 0.932295
vt 0.065910 0.927408
vt 0.064708 0.948637
vt 0.063373 0.923868
vt 0.778287 0.941242
vt 0.772163 0.907593
vt 0.781970 0.938308
vt 0.060146 0.920329
vt 0.360029 0.719097
vt 0.358244 0.734812
vt 0.351516 0.731370
vt 0.423775 0.930946
vt 0.422194 0.931472
vt 0.416105 0.926969
vt 0.421460 0.926575
vt 0.390477 0.921501
vt 0.384119 0.921535
vt 0.385613 0.917853
vt 0.826548 0.903418
vt 0.785573 0.912283
vt 0.281741 0.465668
vt 0.445019 0.594217
vt 0.323719 0.509365
vt 0.786883 0.025168
vt 0.704689 0.276182
vt 0.704690 0.005944
vt 0.983138 0.924184
vt 0.983139 0.969169
vt 0.982100 0.969169
vt 0.984178 0.924184
vt 0.984180 0.969169
vt 0.983140 0.969169
vt 0.985220 0.924184
vt 0.985219 0.969169
vt 0.984180 0.924184
vt 0.986260 0.924184
vt 0.986258 0.969169
vt 0.985221 0.924184
vt 0.169961 0.784628
vt 0.172063 0.785036
vt 0.169961 0.789982
vt 0.970576 0.279801
vt 0.971030 0.279820
vt 0.970775 0.280094
vt 0.970664 0.003209
vt 0.971003 0.003221
vt 0.970434 0.003329
vt 0.970663 0.144820
vt 0.971002 0.144832
vt 0.970434 0.144940
vt 0.970566 0.138219
vt 0.971043 0.138236
vt 0.970778 0.138634
vt 0.860755 0.804084
vt 0.855269 0.805344
vt 0.853246 0.801054
vt 0.849398 0.793028
vt 0.843367 0.802510
vt 0.839422 0.799241
vt 0.849085 0.807341
vt 0.847208 0.805745
vt 0.664590 0.958598
vt 0.656769 0.950683
vt 0.666693 0.954142
vt 0.835275 0.809950
vt 0.838933 0.811034
vt 0.650577 0.941694
vt 0.652940 0.941000
vt 0.837297 0.856264
vt 0.841247 0.866295
vt 0.834908 0.857047
vt 0.851266 0.857415
vt 0.855727 0.860676
vt 0.853864 0.864911
vt 0.659361 0.888220
vt 0.665595 0.880362
vt 0.666632 0.882547
vt 0.850318 0.872813
vt 0.861345 0.871495
vt 0.861466 0.876754
vt 0.851833 0.869470
vt 0.874367 0.859901
vt 0.875465 0.852622
vt 0.877769 0.853309
vt 0.885876 0.809997
vt 0.879993 0.800924
vt 0.882014 0.799277
vt 0.700781 0.941437
vt 0.694709 0.950459
vt 0.698417 0.940758
vt 0.872084 0.793038
vt 0.872394 0.807288
vt 0.868239 0.801042
vt 0.874254 0.805709
vt 0.687007 0.958461
vt 0.684842 0.954039
vt 0.655217 0.940335
vt 0.652886 0.895700
vt 0.655166 0.896358
vt 0.657429 0.897003
vt 0.659703 0.897644
vt 0.659747 0.939038
vt 0.848139 0.813839
vt 0.846471 0.853256
vt 0.845986 0.813157
vt 0.843653 0.812443
vt 0.844201 0.854014
vt 0.841894 0.854768
vt 0.841286 0.811733
vt 0.696143 0.940114
vt 0.693885 0.939485
vt 0.693853 0.897134
vt 0.691611 0.938862
vt 0.691579 0.897768
vt 0.875456 0.813070
vt 0.877759 0.812373
vt 0.698384 0.895848
vt 0.700743 0.895157
vt 0.905199 0.004191
vt 0.895499 0.010282
vt 0.893373 0.005574
vt 0.905098 0.008297
vt 0.501485 0.961202
vt 0.490802 0.957448
vt 0.501449 0.956199
vt 0.887802 0.016058
vt 0.885942 0.014417
vt 0.897542 0.014887
vt 0.893275 0.020951
vt 0.891474 0.019331
vt 0.879628 0.023127
vt 0.884000 0.012725
vt 0.482436 0.950685
vt 0.476247 0.941694
vt 0.478610 0.941000
vt 0.879931 0.069402
vt 0.883607 0.079795
vt 0.877467 0.070108
vt 0.478556 0.895701
vt 0.485031 0.888219
vt 0.480836 0.896359
vt 0.894332 0.083368
vt 0.892041 0.088086
vt 0.886681 0.077275
vt 0.894071 0.071094
vt 0.898529 0.074485
vt 0.896533 0.078752
vt 0.490785 0.879363
vt 0.492300 0.882542
vt 0.481288 0.885117
vt 0.904025 0.089636
vt 0.501390 0.875467
vt 0.501377 0.880467
vt 0.904016 0.085633
vt 0.913696 0.083360
vt 0.904019 0.080467
vt 0.910453 0.076521
vt 0.911512 0.078763
vt 0.917525 0.074078
vt 0.918776 0.066705
vt 0.921090 0.067438
vt 0.929654 0.024387
vt 0.923877 0.015401
vt 0.925897 0.013821
vt 0.526450 0.941439
vt 0.520375 0.950459
vt 0.524086 0.940760
vt 0.916327 0.007372
vt 0.916254 0.021522
vt 0.912302 0.015262
vt 0.918124 0.020002
vt 0.512672 0.958459
vt 0.510507 0.954032
vt 0.476192 0.895012
vt 0.480836 0.896359
vt 0.483100 0.897004
vt 0.483147 0.939685
vt 0.485375 0.897644
vt 0.485418 0.939039
vt 0.485418 0.939039
vt 0.487608 0.898271
vt 0.487649 0.938412
vt 0.890066 0.026584
vt 0.891516 0.066004
vt 0.889364 0.066663
vt 0.887032 0.067360
vt 0.887794 0.025818
vt 0.883192 0.024298
vt 0.884662 0.068047
vt 0.882305 0.068723
vt 0.883192 0.024298
vt 0.521782 0.896499
vt 0.524053 0.895849
vt 0.521813 0.940115
vt 0.521813 0.940115
vt 0.519555 0.939486
vt 0.519524 0.897135
vt 0.919158 0.027302
vt 0.921456 0.026649
vt 0.921090 0.067438
vt 0.923783 0.025999
vt 0.923434 0.068158
vt 0.923434 0.068158
vt 0.926092 0.025365
vt 0.925760 0.068860
vt 0.928099 0.069562
vt 0.404886 0.821978
vt 0.399428 0.823133
vt 0.397505 0.818852
vt 0.393792 0.810745
vt 0.387703 0.820114
vt 0.383859 0.816808
vt 0.393272 0.824997
vt 0.391445 0.823384
vt 0.908584 0.871787
vt 0.900779 0.863672
vt 0.910766 0.867306
vt 0.379374 0.827268
vt 0.383160 0.828468
vt 0.894696 0.854484
vt 0.897089 0.853828
vt 0.895439 0.807881
vt 0.901471 0.798818
vt 0.897782 0.808597
vt 0.394766 0.875111
vt 0.399193 0.878488
vt 0.397234 0.882722
vt 0.393534 0.890616
vt 0.404667 0.889481
vt 0.404708 0.894788
vt 0.395115 0.887274
vt 0.404625 0.879673
vt 0.404639 0.884379
vt 0.410046 0.878421
vt 0.412032 0.882635
vt 0.421760 0.881183
vt 0.426116 0.872802
vt 0.428440 0.873499
vt 0.417971 0.877995
vt 0.419172 0.870687
vt 0.421475 0.871403
vt 0.429926 0.828106
vt 0.422088 0.820658
vt 0.426026 0.817499
vt 0.426321 0.829125
vt 0.945283 0.854738
vt 0.939127 0.863816
vt 0.942907 0.854048
vt 0.416386 0.825334
vt 0.412356 0.819076
vt 0.418255 0.823789
vt 0.414599 0.814542
vt 0.405105 0.808182
vt 0.416934 0.809909
vt 0.405037 0.812148
vt 0.899394 0.853199
vt 0.900041 0.809281
vt 0.390103 0.830695
vt 0.392145 0.870158
vt 0.390001 0.870840
vt 0.385478 0.829204
vt 0.387808 0.829949
vt 0.385344 0.872296
vt 0.380679 0.873739
vt 0.378256 0.874489
vt 0.940723 0.809906
vt 0.942986 0.809283
vt 0.940625 0.853392
vt 0.423806 0.872109
vt 0.421663 0.830449
vt 0.424000 0.829780
vt 0.945335 0.808619
vt 0.343707 0.822846
vt 0.338241 0.823991
vt 0.336320 0.819708
vt 0.332084 0.825847
vt 0.330258 0.824238
vt 0.326517 0.820972
vt 0.318545 0.828244
vt 0.322671 0.817668
vt 0.321982 0.829331
vt 0.264932 0.946462
vt 0.258739 0.937476
vt 0.261101 0.936781
vt 0.326348 0.882236
vt 0.323270 0.884843
vt 0.319519 0.874602
vt 0.321858 0.873878
vt 0.317097 0.875357
vt 0.328839 0.871701
vt 0.330101 0.879009
vt 0.326528 0.872433
vt 0.259624 0.891063
vt 0.267522 0.884003
vt 0.263328 0.892140
vt 0.263780 0.880892
vt 0.337106 0.881370
vt 0.336082 0.883596
vt 0.273757 0.876147
vt 0.274791 0.878333
vt 0.343494 0.885231
vt 0.283864 0.876241
vt 0.343554 0.894277
vt 0.354168 0.890302
vt 0.355340 0.892672
vt 0.343457 0.880533
vt 0.348883 0.879285
vt 0.356810 0.878850
vt 0.350885 0.883507
vt 0.353283 0.875846
vt 0.360595 0.882032
vt 0.364952 0.873655
vt 0.367274 0.874348
vt 0.358008 0.871545
vt 0.360311 0.872260
vt 0.369108 0.828860
vt 0.362826 0.819967
vt 0.364845 0.818357
vt 0.308941 0.937218
vt 0.302869 0.946241
vt 0.306577 0.936539
vt 0.355143 0.811966
vt 0.355210 0.826199
vt 0.351174 0.819939
vt 0.357078 0.824652
vt 0.295167 0.954243
vt 0.293002 0.949821
vt 0.343856 0.812994
vt 0.343942 0.807664
vt 0.353407 0.815421
vt 0.349132 0.824149
vt 0.263378 0.936115
vt 0.265637 0.935465
vt 0.263378 0.936115
vt 0.265590 0.892786
vt 0.267907 0.934819
vt 0.265637 0.935465
vt 0.267864 0.893425
vt 0.270137 0.934192
vt 0.267907 0.934819
vt 0.270096 0.894052
vt 0.331048 0.832262
vt 0.328930 0.831553
vt 0.326633 0.830809
vt 0.304273 0.892280
vt 0.304303 0.935895
vt 0.302014 0.892916
vt 0.304273 0.892280
vt 0.302044 0.935267
vt 0.302044 0.935267
vt 0.299771 0.934643
vt 0.299739 0.893550
vt 0.365147 0.829982
vt 0.369686 0.875076
vt 0.916814 0.301612
vt 0.909517 0.298434
vt 0.916929 0.296925
vt 0.911384 0.302692
vt 0.907473 0.293846
vt 0.899801 0.299632
vt 0.897090 0.297263
vt 0.905272 0.304498
vt 0.903473 0.302887
vt 0.892014 0.352838
vt 0.895534 0.363331
vt 0.889549 0.353531
vt 0.901464 0.350125
vt 0.902598 0.357564
vt 0.899125 0.350820
vt 0.892547 0.588833
vt 0.899076 0.581473
vt 0.894805 0.589516
vt 0.910642 0.358073
vt 0.908591 0.362349
vt 0.906201 0.354551
vt 0.905371 0.573727
vt 0.906375 0.575913
vt 0.904690 0.370315
vt 0.916077 0.369326
vt 0.916058 0.374739
vt 0.906361 0.366933
vt 0.916149 0.359367
vt 0.916110 0.364119
vt 0.925812 0.367052
vt 0.926931 0.369378
vt 0.936526 0.363487
vt 0.928118 0.371796
vt 0.925948 0.573108
vt 0.931473 0.582002
vt 0.924385 0.576231
vt 0.929654 0.357770
vt 0.930808 0.350393
vt 0.933136 0.351103
vt 0.937751 0.589517
vt 0.935488 0.590139
vt 0.933410 0.310169
vt 0.928204 0.305055
vt 0.930073 0.303532
vt 0.940047 0.634971
vt 0.933889 0.644050
vt 0.937671 0.634281
vt 0.935816 0.298924
vt 0.928259 0.290927
vt 0.937832 0.297340
vt 0.924254 0.298806
vt 0.926044 0.652095
vt 0.923890 0.647604
vt 0.926509 0.294341
vt 0.917055 0.291842
vt 0.922180 0.302970
vt 0.914692 0.653472
vt 0.914703 0.649698
vt 0.890882 0.634326
vt 0.890207 0.588113
vt 0.894158 0.633431
vt 0.897048 0.590186
vt 0.896444 0.632815
vt 0.904192 0.310855
vt 0.902098 0.310133
vt 0.899827 0.309375
vt 0.899827 0.309375
vt 0.896750 0.351502
vt 0.897521 0.308618
vt 0.892921 0.307121
vt 0.890528 0.306346
vt 0.935388 0.633625
vt 0.933124 0.632982
vt 0.933235 0.590748
vt 0.935491 0.351803
vt 0.933418 0.310167
vt 0.935745 0.309517
vt 0.363917 0.405126
vt 0.315152 0.393876
vt 0.364901 0.404175
vt 0.106748 0.179492
vt 0.078935 0.256205
vt 0.077936 0.256984
vt 0.821558 0.492693
vt 0.816836 0.496203
vt 0.882798 0.521999
vt 0.821556 0.492683
vt 0.874306 0.435387
vt 0.952045 0.365009
vt 0.952041 0.336413
vt 0.955836 0.336413
vt 0.662370 0.294591
vt 0.634748 0.289105
vt 0.635000 0.286543
vt 0.663116 0.292126
vt 0.688391 0.305359
vt 0.689604 0.303088
vt 0.711812 0.320996
vt 0.713444 0.319005
vt 0.731733 0.340902
vt 0.733729 0.339263
vt 0.604057 0.583545
vt 0.632223 0.583545
vt 0.659847 0.589040
vt 0.685868 0.599819
vt 0.550412 0.853239
vt 0.526994 0.837591
vt 0.507078 0.817675
vt 0.491430 0.794256
vt 0.480652 0.768235
vt 0.475157 0.740611
vt 0.475157 0.712445
vt 0.480652 0.684821
vt 0.491430 0.658800
vt 0.507078 0.635382
vt 0.526994 0.615466
vt 0.550412 0.599818
vt 0.576433 0.589040
vt 0.857419 0.254277
vt 0.867414 0.243102
vt 0.855872 0.242352
vt 0.444555 0.770450
vt 0.444037 0.787365
vt 0.455908 0.786594
vt 0.955797 0.521405
vt 0.949448 0.523702
vt 0.959975 0.519712
vt 0.450431 0.709133
vt 0.444292 0.727725
vt 0.455908 0.725048
vt 0.446976 0.839211
vt 0.449101 0.839461
vt 0.448012 0.839365
vt 0.447041 0.872765
vt 0.447978 0.836274
vt 0.444037 0.840373
vt 0.454494 0.838488
vt 0.289975 0.727344
vt 0.288204 0.727980
vt 0.289422 0.722492
vt 0.291518 0.722005
vt 0.288103 0.732661
vt 0.286644 0.733268
vt 0.291036 0.851706
vt 0.292045 0.857282
vt 0.289704 0.856923
vt 0.288871 0.851173
vt 0.292302 0.862792
vt 0.290238 0.862262
vt 0.277339 0.763418
vt 0.276445 0.762010
vt 0.944403 0.170088
vt 0.942105 0.169893
vt 0.942105 0.164706
vt 0.944403 0.164511
vt 0.292562 0.716635
vt 0.290298 0.716953
vt 0.290879 0.711806
vt 0.292878 0.711320
vt 0.284653 0.853542
vt 0.285231 0.858623
vt 0.937455 0.169893
vt 0.937455 0.164706
vt 0.790227 0.251368
vt 0.788400 0.256242
vt 0.784968 0.260215
vt 0.780343 0.262809
vt 0.775084 0.263709
vt 0.744296 0.263709
vt 0.739037 0.262809
vt 0.734412 0.260215
vt 0.730980 0.256242
vt 0.729153 0.251368
vt 0.729153 0.246181
vt 0.730980 0.241307
vt 0.734412 0.237334
vt 0.739037 0.234740
vt 0.744296 0.233840
vt 0.775084 0.233840
vt 0.780343 0.234740
vt 0.784968 0.237334
vt 0.788400 0.241307
vt 0.790227 0.246181
vt 0.283732 0.847771
vt 0.287404 0.844484
vt 0.285945 0.863609
vt 0.285380 0.720153
vt 0.286001 0.715255
vt 0.307087 0.848091
vt 0.308784 0.854218
vt 0.289173 0.845161
vt 0.286752 0.710452
vt 0.309685 0.859740
vt 0.309798 0.865283
vt 0.962243 0.164511
vt 0.962243 0.170088
vt 0.293231 0.765364
vt 0.275984 0.768050
vt 0.289638 0.728300
vt 0.306966 0.725694
vt 0.309620 0.714482
vt 0.309798 0.709133
vt 0.293387 0.806817
vt 0.275571 0.803798
vt 0.308681 0.719801
vt 0.284418 0.725713
vt 0.287923 0.728931
vt 0.190334 0.852216
vt 0.191338 0.857680
vt 0.189042 0.857334
vt 0.188210 0.851699
vt 0.191605 0.863082
vt 0.189580 0.862568
vt 0.184080 0.854033
vt 0.184660 0.859014
vt 0.183161 0.848376
vt 0.186754 0.845144
vt 0.185374 0.863900
vt 0.206061 0.848629
vt 0.207742 0.854631
vt 0.188490 0.845803
vt 0.208641 0.860043
vt 0.208766 0.865477
vt 0.192520 0.808198
vt 0.175021 0.805290
vt 0.435307 0.949326
vt 0.429730 0.949326
vt 0.429730 0.931486
vt 0.278253 0.011971
vt 0.279688 0.026345
vt 0.197535 0.021979
vt 0.199261 0.036596
vt 0.207357 0.084053
vt 0.147027 0.090763
vt 0.099364 0.063392
vt 0.375771 0.062377
vt 0.285806 0.074355
vt 0.091659 0.052059
vt 0.375769 0.062377
vt 0.373366 0.015758
vt 0.456127 0.021808
vt 0.452456 0.068378
vt 0.463636 0.069663
vt 0.410153 0.779392
vt 0.398337 0.780898
vt 0.399419 0.738750
vt 0.412242 0.740928
vt 0.390167 0.739234
vt 0.419388 0.745867
vt 0.417064 0.776105
vt 0.927100 0.932121
vt 0.934790 0.927401
vt 0.940254 0.930661
vt 0.934038 0.935350
vt 0.365762 0.948639
vt 0.364050 0.958316
vt 0.320721 0.948376
vt 0.325037 0.942887
vt 0.937703 0.929847
vt 0.323840 0.921658
vt 0.419272 0.738097
vt 0.400350 0.711010
vt 0.424583 0.717145
vt 0.941882 0.955221
vt 0.938726 0.956915
vt 0.939586 0.935735
vt 0.397105 0.710762
vt 0.388265 0.727668
vt 0.844515 0.900497
vt 0.885906 0.890430
vt 0.888034 0.899992
vt 0.427265 0.781971
vt 0.883639 0.882709
vt 0.913765 0.891294
vt 0.914650 0.880493
vt 0.940058 0.891285
vt 0.941882 0.931181
vt 0.422244 0.743831
vt 0.426257 0.743128
vt 0.430785 0.743263
vt 0.424652 0.743409
vt 0.425209 0.737991
vt 0.430175 0.737876
vt 0.382155 0.727412
vt 0.887884 0.933777
vt 0.899323 0.926856
vt 0.384790 0.745174
vt 0.365762 0.914291
vt 0.902863 0.938032
vt 0.899616 0.941966
vt 0.893989 0.936238
vt 0.896798 0.932007
vt 0.385577 0.730417
vt 0.380124 0.735866
vt 0.376918 0.732678
vt 0.388728 0.734308
vt 0.382608 0.739991
vt 0.910109 0.962438
vt 0.913589 0.962281
vt 0.427530 0.718806
vt 0.384308 0.724833
vt 0.394273 0.709133
vt 0.430785 0.719064
vt 0.844909 0.308752
vt 0.844887 0.306053
vt 0.844909 0.303352
vt 0.856568 0.303352
vt 0.856547 0.306053
vt 0.856568 0.308752
vt 0.342735 0.066933
vt 0.375769 0.062377
vt 0.610242 0.266609
vt 0.520371 0.253626
vt 0.530694 0.082720
vt 0.485767 0.138670
vt 0.170252 0.060431
vt 0.112745 0.141914
vt 0.098553 0.064101
vt 0.147373 0.089908
vt 0.110856 0.169605
vt 0.786348 0.141063
vt 0.781559 0.258238
vt 0.099802 0.168309
vt 0.365487 0.127626
vt 0.461548 0.207085
vt 0.962546 0.642222
vt 0.961608 0.636516
vt 0.965005 0.640341
vt 0.965270 0.644603
vt 0.953154 0.264226
vt 0.952216 0.258520
vt 0.955613 0.262344
vt 0.955878 0.266606
vt 0.960559 0.644933
vt 0.968316 0.650878
vt 0.961976 0.637561
vt 0.968316 0.640484
vt 0.951167 0.266936
vt 0.958923 0.272882
vt 0.952583 0.259564
vt 0.958923 0.262487
vt 0.854495 0.050037
vt 0.860289 0.050037
vt 0.860290 0.174275
vt 0.854530 0.174275
vt 0.853112 0.174275
vt 0.853112 0.050037
vt 0.854548 0.050037
vt 0.854548 0.174275
vt 0.850244 0.174275
vt 0.850243 0.050037
vt 0.848804 0.050037
vt 0.850240 0.050037
vt 0.850239 0.174275
vt 0.848802 0.174275
vt 0.491717 0.501029
vt 0.493988 0.499815
vt 0.509632 0.523233
vt 0.507636 0.524871
vt 0.848797 0.174275
vt 0.606334 0.286551
vt 0.606587 0.289113
vt 0.578968 0.294614
vt 0.578220 0.292150
vt 0.552953 0.305396
vt 0.551739 0.303125
vt 0.529541 0.321046
vt 0.527907 0.319056
vt 0.509631 0.340962
vt 0.507640 0.339328
vt 0.493988 0.364378
vt 0.491717 0.363165
vt 0.483213 0.390396
vt 0.480749 0.389648
vt 0.477719 0.418016
vt 0.475157 0.417763
vt 0.477719 0.446177
vt 0.475157 0.446429
vt 0.483213 0.473797
vt 0.480748 0.474544
vt 0.447041 0.872765
vt 0.151255 0.865818
vt 0.155782 0.895146
vt 0.153712 0.893667
vt 0.149661 0.867757
vt 0.048539 0.717890
vt 0.043967 0.747428
vt 0.042417 0.745254
vt 0.046462 0.719370
vt 0.153432 0.865552
vt 0.157900 0.896658
vt 0.050665 0.716375
vt 0.046149 0.747695
vt 0.118543 0.871693
vt 0.116427 0.870219
vt 0.009216 0.743060
vt 0.011348 0.741348
vt 0.123015 0.899548
vt 0.121539 0.901720
vt 0.014286 0.711352
vt 0.015773 0.713519
vt 0.120028 0.903939
vt 0.114244 0.870504
vt 0.007034 0.742780
vt 0.012766 0.709133
vt 0.148484 0.836243
vt 0.149262 0.864321
vt 0.146797 0.838090
vt 0.041178 0.777435
vt 0.039510 0.775351
vt 0.041955 0.749167
vt 0.150656 0.836106
vt 0.043364 0.777570
vt 0.115418 0.840057
vt 0.113421 0.838443
vt 0.006180 0.775251
vt 0.008188 0.773400
vt 0.118083 0.868259
vt 0.010835 0.745255
vt 0.111241 0.838579
vt 0.003994 0.775113
vt 0.147558 0.806536
vt 0.146584 0.834622
vt 0.145762 0.808275
vt 0.040247 0.807583
vt 0.038455 0.805605
vt 0.039272 0.779298
vt 0.149735 0.806536
vt 0.042438 0.807583
vt 0.114312 0.808272
vt 0.112421 0.806536
vt 0.005168 0.807583
vt 0.007056 0.805611
vt 0.115200 0.836593
vt 0.007937 0.777338
vt 0.110237 0.806536
vt 0.002977 0.807583
vt 0.145762 0.804797
vt 0.146584 0.778451
vt 0.148484 0.776829
vt 0.041178 0.837732
vt 0.039272 0.835868
vt 0.038455 0.809561
vt 0.150656 0.776966
vt 0.043364 0.837597
vt 0.115200 0.776479
vt 0.113421 0.774630
vt 0.006180 0.839916
vt 0.007937 0.837828
vt 0.114312 0.804801
vt 0.007056 0.809555
vt 0.111241 0.774494
vt 0.003994 0.840053
vt 0.146797 0.774982
vt 0.149262 0.748751
vt 0.151255 0.747254
vt 0.043967 0.867738
vt 0.041955 0.866000
vt 0.039510 0.839816
vt 0.153432 0.747521
vt 0.046149 0.867471
vt 0.118083 0.744813
vt 0.116427 0.742853
vt 0.009216 0.872106
vt 0.010835 0.869912
vt 0.115418 0.773016
vt 0.008188 0.841766
vt 0.114244 0.742569
vt 0.007034 0.872387
vt 0.149661 0.745315
vt 0.153712 0.719406
vt 0.155782 0.717926
vt 0.048539 0.897276
vt 0.046462 0.895797
vt 0.042417 0.869913
vt 0.157900 0.716415
vt 0.050665 0.898792
vt 0.123015 0.713524
vt 0.121539 0.711353
vt 0.014286 0.903814
vt 0.015773 0.901647
vt 0.120028 0.709133
vt 0.012766 0.906033
vt 0.118543 0.741379
vt 0.011348 0.873819
vt 0.270983 0.782943
vt 0.271760 0.777710
vt 0.273581 0.778552
vt 0.273022 0.783299
vt 0.287682 0.845473
vt 0.289509 0.846156
vt 0.273028 0.772511
vt 0.274525 0.773722
vt 0.286137 0.839974
vt 0.287640 0.840623
vt 0.274670 0.767271
vt 0.275796 0.768694
vt 0.276904 0.808619
vt 0.275956 0.810068
vt 0.274191 0.804587
vt 0.275386 0.803127
vt 0.272578 0.799124
vt 0.274165 0.797900
vt 0.271389 0.793710
vt 0.273315 0.792902
vt 0.270787 0.788301
vt 0.272914 0.788048
vt 0.268341 0.802257
vt 0.274406 0.805256
vt 0.270832 0.809127
vt 0.265237 0.788978
vt 0.265753 0.781965
vt 0.266461 0.795904
vt 0.267111 0.775463
vt 0.274887 0.766629
vt 0.269015 0.769426
vt 0.271497 0.762853
vt 0.291590 0.800152
vt 0.290637 0.794427
vt 0.290295 0.788635
vt 0.290032 0.782893
vt 0.290424 0.777295
vt 0.291413 0.771777
vt 0.187029 0.846113
vt 0.188822 0.846778
vt 0.185501 0.840726
vt 0.186975 0.841359
vt 0.176359 0.810011
vt 0.175440 0.811431
vt 0.173684 0.806073
vt 0.174835 0.804633
vt 0.172048 0.800733
vt 0.173573 0.799496
vt 0.170768 0.795412
vt 0.172627 0.794527
vt 0.172063 0.789574
vt 0.167965 0.803857
vt 0.173898 0.806727
vt 0.170430 0.810532
vt 0.164538 0.791199
vt 0.166036 0.797752
vt 0.190743 0.801667
vt 0.189799 0.796050
vt 0.189475 0.790358
vt 0.172063 0.785036
vt 0.189475 0.784252
vt 0.164538 0.783412
vt 0.977444 0.144797
vt 0.977519 0.144820
vt 0.977232 0.144803
vt 0.977648 0.144589
vt 0.977258 0.002977
vt 0.977674 0.003192
vt 0.977387 0.003209
vt 0.977462 0.003186
vt 0.977451 0.138477
vt 0.977501 0.138621
vt 0.977462 0.003186
vt 0.977387 0.003209
vt 0.977499 0.280219
vt 0.977519 0.144820
vt 0.977444 0.144797
vt 0.977450 0.280075
vt 0.977837 0.003284
vt 0.977069 0.003198
vt 0.977500 0.138620
vt 0.977452 0.138476
vt 0.977837 0.144809
vt 0.977069 0.144895
vt 0.977498 0.280217
vt 0.977450 0.280074
vt 0.977157 0.003329
vt 0.977726 0.003221
vt 0.977180 0.144832
vt 0.977748 0.144940
vt 0.977695 0.003300
vt 0.977198 0.003048
vt 0.977211 0.144911
vt 0.977709 0.144659
vt 0.878384 0.978405
vt 0.888034 0.978405
vt 0.888034 0.979658
vt 0.878384 0.979658
vt 0.962712 0.178130
vt 0.962712 0.179383
vt 0.953061 0.179383
vt 0.953061 0.178130
vt 0.888034 0.975065
vt 0.888034 0.976318
vt 0.878384 0.976318
vt 0.878384 0.975065
vt 0.953061 0.182723
vt 0.953061 0.181470
vt 0.962712 0.181470
vt 0.962712 0.182723
vt 0.953061 0.176043
vt 0.962712 0.176043
vt 0.888034 0.972978
vt 0.878384 0.972978
vt 0.973995 0.831844
vt 0.973995 0.822193
vt 0.975248 0.822193
vt 0.975248 0.831844
vt 0.970655 0.822193
vt 0.971908 0.822193
vt 0.971908 0.831844
vt 0.970655 0.831844
vt 0.968567 0.822193
vt 0.968567 0.831844
vt 0.893989 0.973821
vt 0.903640 0.973821
vt 0.903640 0.975074
vt 0.893989 0.975074
vt 0.903640 0.970480
vt 0.903640 0.971734
vt 0.893989 0.971734
vt 0.893989 0.970480
vt 0.903640 0.968393
vt 0.893989 0.968393
vt 0.160007 0.971013
vt 0.169658 0.971013
vt 0.169658 0.972266
vt 0.160007 0.972266
vt 0.169658 0.967673
vt 0.169658 0.968926
vt 0.160007 0.968926
vt 0.160007 0.967673
vt 0.169658 0.965586
vt 0.160007 0.965586
vt 0.459551 0.979378
vt 0.459551 0.978125
vt 0.469202 0.978125
vt 0.469202 0.979378
vt 0.469202 0.974785
vt 0.469202 0.976038
vt 0.459551 0.976038
vt 0.459551 0.974785
vt 0.459551 0.972698
vt 0.469202 0.972698
vt 0.937455 0.181470
vt 0.947106 0.181470
vt 0.947106 0.182723
vt 0.937455 0.182723
vt 0.947106 0.178130
vt 0.947106 0.179383
vt 0.937455 0.179383
vt 0.937455 0.178130
vt 0.947106 0.176043
vt 0.937455 0.176043
vt 0.862778 0.972978
vt 0.872429 0.972978
vt 0.872429 0.974231
vt 0.862778 0.974231
vt 0.872429 0.976318
vt 0.872429 0.977571
vt 0.862778 0.977571
vt 0.862778 0.976318
vt 0.862778 0.979658
vt 0.872429 0.979658
vt 0.750096 0.972578
vt 0.759747 0.972578
vt 0.759747 0.973831
vt 0.750096 0.973831
vt 0.759747 0.970491
vt 0.750096 0.970491
vt 0.750096 0.969238
vt 0.759747 0.969238
vt 0.759747 0.967151
vt 0.750096 0.967151
vt 0.977548 0.970969
vt 0.976763 0.984475
vt 0.974901 0.983444
vt 0.976471 0.971552
vt 0.797570 0.266562
vt 0.776475 0.266562
vt 0.772872 0.265945
vt 0.769704 0.264168
vt 0.767352 0.261445
vt 0.766101 0.258106
vt 0.766101 0.254552
vt 0.807944 0.258106
vt 0.806693 0.261446
vt 0.804341 0.264168
vt 0.801173 0.265945
vt 0.964071 0.969885
vt 0.972052 0.961969
vt 0.964597 0.973744
vt 0.959502 0.970035
vt 0.958803 0.978333
vt 0.954904 0.967959
vt 0.957306 0.972906
vt 0.949444 0.960872
vt 0.962588 0.958675
vt 0.973723 0.960115
vt 0.962829 0.957479
vt 0.948433 0.959165
vt 0.964075 0.947651
vt 0.947837 0.948565
vt 0.986993 0.984475
vt 0.986993 0.968803
vt 0.981239 0.951780
vt 0.956684 0.968817
vt 0.957425 0.970575
vt 0.959199 0.969809
vt 0.959364 0.966229
vt 0.858369 0.314098
vt 0.844082 0.313933
vt 0.844082 0.298669
vt 0.858369 0.298504
vt 0.958384 0.969451
vt 0.958277 0.968010
vt 0.962106 0.460728
vt 0.961623 0.459027
vt 0.969534 0.453005
vt 0.970506 0.453297
vt 0.963272 0.444738
vt 0.972589 0.444808
vt 0.961309 0.447302
vt 0.960514 0.442138
vt 0.955226 0.446574
vt 0.959049 0.438222
vt 0.957543 0.442524
vt 0.960028 0.430872
vt 0.968998 0.437318
vt 0.974655 0.444707
vt 0.969841 0.436761
vt 0.960441 0.429280
vt 0.976349 0.431753
vt 0.966326 0.422737
vt 0.968084 0.466743
vt 0.977298 0.457586
vt 0.983947 0.444258
vt 0.958984 0.441232
vt 0.959582 0.439771
vt 0.960471 0.441828
vt 0.962673 0.439834
vt 0.857769 0.300427
vt 0.857769 0.311839
vt 0.847321 0.311719
vt 0.847321 0.300548
vt 0.960205 0.441139
vt 0.960993 0.440236
vt 0.962181 0.848372
vt 0.963864 0.860712
vt 0.959938 0.859029
vt 0.963864 0.844446
vt 0.952085 0.855664
vt 0.956011 0.857347
vt 0.953768 0.868004
vt 0.952085 0.871930
vt 0.977277 0.394521
vt 0.967181 0.387230
vt 0.971107 0.385547
vt 0.978960 0.398448
vt 0.978959 0.382182
vt 0.975033 0.383864
vt 0.968863 0.374890
vt 0.967181 0.370964
vt 0.977277 0.483788
vt 0.978960 0.496128
vt 0.975034 0.494445
vt 0.978960 0.479862
vt 0.967181 0.491080
vt 0.971108 0.492763
vt 0.968864 0.503420
vt 0.967181 0.507346
vt 0.951130 0.374890
vt 0.961226 0.382182
vt 0.957300 0.383864
vt 0.949447 0.370964
vt 0.949447 0.387230
vt 0.953373 0.385547
vt 0.959543 0.394521
vt 0.961226 0.398448
vt 0.959544 0.503420
vt 0.949448 0.496128
vt 0.953374 0.494445
vt 0.961226 0.507346
vt 0.961226 0.491080
vt 0.957300 0.492763
vt 0.951130 0.483788
vt 0.949448 0.479862
vt 0.968567 0.816238
vt 0.970250 0.812312
vt 0.968567 0.799972
vt 0.972494 0.801655
vt 0.980346 0.805020
vt 0.976420 0.803338
vt 0.978663 0.792681
vt 0.980346 0.788754
vt 0.983426 0.844446
vt 0.983426 0.859867
vt 0.978890 0.857146
vt 0.978890 0.852006
vt 0.969819 0.851703
vt 0.974355 0.854425
vt 0.969819 0.867124
vt 0.974355 0.859565
vt 0.466265 0.709153
vt 0.466263 0.899187
vt 0.464798 0.899167
vt 0.464800 0.709133
vt 0.463332 0.899187
vt 0.463331 0.709153
vt 0.248687 0.981131
vt 0.175727 0.981131
vt 0.175727 0.979663
vt 0.248687 0.979662
vt 0.327598 0.979662
vt 0.327598 0.981130
vt 0.254642 0.981131
vt 0.254642 0.979663
vt 0.139527 0.980354
vt 0.066566 0.980354
vt 0.066566 0.978886
vt 0.139527 0.978886
vt 0.175727 0.982599
vt 0.248687 0.982599
vt 0.467734 0.709185
vt 0.467733 0.899219
vt 0.066566 0.977418
vt 0.139527 0.977417
vt 0.175727 0.984067
vt 0.248687 0.984067
vt 0.139527 0.983290
vt 0.066566 0.983290
vt 0.066566 0.981822
vt 0.139527 0.981822
vt 0.066566 0.984758
vt 0.139527 0.984758
vt 0.248687 0.985535
vt 0.175727 0.985535
vt 0.469202 0.899219
vt 0.469202 0.709185
vt 0.461862 0.899219
vt 0.461864 0.709185
vt 0.175727 0.987003
vt 0.248687 0.987003
vt 0.327598 0.982599
vt 0.254642 0.982599
vt 0.327598 0.984067
vt 0.327598 0.985536
vt 0.254642 0.985535
vt 0.254642 0.984067
vt 0.327598 0.987004
vt 0.254642 0.987003
vt 0.790140 0.869064
vt 0.799833 0.871353
vt 0.788436 0.872584
vt 0.791238 0.866768
vt 0.799832 0.868766
vt 0.799831 0.866195
vt 0.792327 0.864470
vt 0.799841 0.861430
vt 0.799831 0.866183
vt 0.792334 0.864455
vt 0.794355 0.860170
vt 0.617642 0.885289
vt 0.617622 0.887623
vt 0.611590 0.888952
vt 0.610614 0.886846
vt 0.609604 0.884693
vt 0.617655 0.882893
vt 0.617668 0.880485
vt 0.608590 0.882537
vt 0.608583 0.882523
vt 0.606479 0.878067
vt 0.617708 0.875467
vt 0.782468 0.862991
vt 0.779646 0.865335
vt 0.784382 0.861387
vt 0.786294 0.859769
vt 0.786306 0.859758
vt 0.789881 0.856712
vt 0.606703 0.892731
vt 0.604937 0.891245
vt 0.603131 0.889726
vt 0.601323 0.888210
vt 0.599493 0.886675
vt 0.597582 0.885085
vt 0.780373 0.853781
vt 0.780373 0.853781
vt 0.601637 0.897625
vt 0.603868 0.898252
vt 0.599367 0.896979
vt 0.601637 0.897625
vt 0.597108 0.896329
vt 0.592467 0.894970
vt 0.773996 0.808467
vt 0.623643 0.889015
vt 0.628486 0.892857
vt 0.631267 0.898408
vt 0.631228 0.938275
vt 0.628440 0.943830
vt 0.623583 0.947657
vt 0.617566 0.949049
vt 0.611539 0.947701
vt 0.606646 0.943923
vt 0.603825 0.938393
vt 0.603868 0.898252
vt 0.780982 0.810746
vt 0.783265 0.801780
vt 0.785095 0.803397
vt 0.780982 0.810746
vt 0.786925 0.805027
vt 0.604878 0.945406
vt 0.601593 0.939020
vt 0.603825 0.938393
vt 0.825649 0.211033
vt 0.830456 0.207200
vt 0.836449 0.205832
vt 0.842443 0.207200
vt 0.847249 0.211033
vt 0.849917 0.216572
vt 0.849917 0.256661
vt 0.847250 0.262200
vt 0.842443 0.266033
vt 0.836449 0.267401
vt 0.830456 0.266033
vt 0.825649 0.262200
vt 0.822982 0.256661
vt 0.822982 0.216572
vt 0.603071 0.946921
vt 0.599319 0.939660
vt 0.601593 0.939020
vt 0.597055 0.940305
vt 0.599319 0.939660
vt 0.597055 0.940305
vt 0.791938 0.798314
vt 0.610552 0.949805
vt 0.609540 0.951960
vt 0.608521 0.954117
vt 0.800437 0.794033
vt 0.800382 0.796564
vt 0.800553 0.788754
vt 0.800327 0.799080
vt 0.617576 0.951381
vt 0.800232 0.803762
vt 0.617587 0.953775
vt 0.617597 0.956182
vt 0.812182 0.791883
vt 0.808740 0.798687
vt 0.805594 0.805084
vt 0.624584 0.949749
vt 0.625611 0.951892
vt 0.626645 0.954036
vt 0.628177 0.957202
vt 0.821150 0.799364
vt 0.817243 0.802509
vt 0.815355 0.804051
vt 0.813464 0.805608
vt 0.809910 0.808557
vt 0.630218 0.945303
vt 0.632035 0.946806
vt 0.633851 0.948307
vt 0.636757 0.950694
vt 0.819184 0.811528
vt 0.821489 0.810863
vt 0.821489 0.810863
vt 0.819184 0.811528
vt 0.812419 0.813565
vt 0.633468 0.938897
vt 0.638002 0.940167
vt 0.638002 0.940167
vt 0.812434 0.851785
vt 0.633502 0.897803
vt 0.821100 0.866239
vt 0.821511 0.854515
vt 0.815242 0.861407
vt 0.819185 0.853835
vt 0.821511 0.854515
vt 0.816845 0.853142
vt 0.819185 0.853835
vt 0.809790 0.856784
vt 0.630269 0.891392
vt 0.635775 0.897180
vt 0.633502 0.897803
vt 0.632091 0.889894
vt 0.633912 0.888401
vt 0.638033 0.896551
vt 0.808417 0.866775
vt 0.809514 0.869062
vt 0.807332 0.864488
vt 0.805327 0.860213
vt 0.624650 0.886924
vt 0.625683 0.884784
vt 0.896509 0.269456
vt 0.905018 0.271185
vt 0.895492 0.271743
vt 0.893361 0.276468
vt 0.904950 0.268654
vt 0.559534 0.885289
vt 0.559514 0.887623
vt 0.553483 0.888951
vt 0.552507 0.886846
vt 0.551498 0.884693
vt 0.559547 0.882893
vt 0.559561 0.880485
vt 0.550483 0.882537
vt 0.559561 0.880473
vt 0.548961 0.879311
vt 0.559601 0.875467
vt 0.889620 0.264351
vt 0.887783 0.265980
vt 0.891456 0.262708
vt 0.548599 0.892734
vt 0.546831 0.891248
vt 0.894893 0.259610
vt 0.545024 0.889728
vt 0.543217 0.888211
vt 0.540551 0.885981
vt 0.883179 0.257730
vt 0.890061 0.255447
vt 0.892159 0.254720
vt 0.543529 0.897626
vt 0.545759 0.898253
vt 0.543529 0.897626
vt 0.534360 0.894970
vt 0.565536 0.889017
vt 0.570381 0.892855
vt 0.573157 0.898409
vt 0.573119 0.938275
vt 0.570326 0.943827
vt 0.565467 0.947653
vt 0.559451 0.949049
vt 0.553422 0.947714
vt 0.548538 0.943925
vt 0.545716 0.938394
vt 0.882304 0.213305
vt 0.884661 0.213981
vt 0.882304 0.213305
vt 0.888595 0.206344
vt 0.890506 0.207942
vt 0.894070 0.210935
vt 0.891514 0.216023
vt 0.029913 0.922728
vt 0.029913 0.962817
vt 0.027245 0.968356
vt 0.022439 0.972189
vt 0.016445 0.973557
vt 0.010451 0.972189
vt 0.005645 0.968356
vt 0.002977 0.962817
vt 0.002977 0.922728
vt 0.005645 0.917189
vt 0.010451 0.913356
vt 0.016445 0.911988
vt 0.022439 0.913356
vt 0.027245 0.917189
vt 0.546768 0.945408
vt 0.543483 0.939021
vt 0.545716 0.938394
vt 0.544960 0.946923
vt 0.543483 0.939021
vt 0.543151 0.948436
vt 0.534299 0.941653
vt 0.895435 0.200970
vt 0.894337 0.198680
vt 0.896523 0.203261
vt 0.896530 0.203276
vt 0.898526 0.207543
vt 0.552438 0.949815
vt 0.551425 0.951968
vt 0.904011 0.196394
vt 0.904013 0.198979
vt 0.904012 0.206313
vt 0.559462 0.951382
vt 0.559473 0.953776
vt 0.559485 0.956183
vt 0.913684 0.198680
vt 0.912591 0.200970
vt 0.911508 0.203263
vt 0.909504 0.207552
vt 0.566469 0.949746
vt 0.567497 0.951889
vt 0.921327 0.204727
vt 0.919429 0.206325
vt 0.917531 0.207939
vt 0.913971 0.211001
vt 0.917522 0.207947
vt 0.572104 0.945300
vt 0.573920 0.946804
vt 0.575737 0.948305
vt 0.579499 0.951393
vt 0.921087 0.214586
vt 0.916629 0.216037
vt 0.573119 0.938275
vt 0.579890 0.940167
vt 0.577633 0.939529
vt 0.579890 0.940167
vt 0.917046 0.254100
vt 0.575393 0.897804
vt 0.930812 0.257964
vt 0.921924 0.265081
vt 0.920015 0.263555
vt 0.923773 0.256023
vt 0.914530 0.259094
vt 0.572163 0.891391
vt 0.573985 0.889894
vt 0.579924 0.896552
vt 0.577666 0.897180
vt 0.579924 0.896552
vt 0.914549 0.271220
vt 0.913414 0.268994
vt 0.912288 0.266764
vt 0.910205 0.262583
vt 0.566543 0.886925
vt 0.567577 0.884784
vt 0.568617 0.882640
vt 0.570790 0.878205
vt 0.905019 0.177176
vt 0.905087 0.179722
vt 0.895495 0.177730
vt 0.896512 0.175443
vt 0.897520 0.173156
vt 0.904953 0.174645
vt 0.904831 0.169948
vt 0.904953 0.174633
vt 0.897526 0.173141
vt 0.899386 0.168879
vt 0.733863 0.885289
vt 0.733843 0.887623
vt 0.727811 0.888951
vt 0.726835 0.886846
vt 0.725826 0.884692
vt 0.733876 0.882893
vt 0.724811 0.882536
vt 0.887785 0.171971
vt 0.885075 0.174353
vt 0.889622 0.170341
vt 0.891457 0.168699
vt 0.893256 0.167080
vt 0.894893 0.165600
vt 0.722927 0.892734
vt 0.721159 0.891248
vt 0.719353 0.889728
vt 0.717545 0.888211
vt 0.883180 0.163722
vt 0.880867 0.164481
vt 0.878469 0.165265
vt 0.885476 0.162968
vt 0.717857 0.897625
vt 0.720087 0.898253
vt 0.715587 0.896980
vt 0.717857 0.897625
vt 0.713328 0.896329
vt 0.715587 0.896980
vt 0.886673 0.110746
vt 0.882301 0.119298
vt 0.878552 0.118227
vt 0.883719 0.108326
vt 0.739799 0.947655
vt 0.733781 0.949040
vt 0.727751 0.947712
vt 0.722864 0.943924
vt 0.720044 0.938393
vt 0.739864 0.889017
vt 0.744709 0.892855
vt 0.747486 0.898409
vt 0.747447 0.938276
vt 0.744659 0.943830
vt 0.888591 0.112336
vt 0.884658 0.119973
vt 0.890502 0.113933
vt 0.894068 0.116925
vt 0.891512 0.122014
vt 0.950923 0.158556
vt 0.944929 0.157188
vt 0.940123 0.153355
vt 0.937455 0.147816
vt 0.937455 0.107727
vt 0.940123 0.102188
vt 0.944929 0.098355
vt 0.950923 0.096987
vt 0.956917 0.098355
vt 0.961723 0.102188
vt 0.964391 0.107727
vt 0.964391 0.147816
vt 0.961723 0.153355
vt 0.956917 0.157188
vt 0.721094 0.945407
vt 0.717811 0.939019
vt 0.719285 0.946922
vt 0.715538 0.939660
vt 0.717811 0.939019
vt 0.713275 0.940304
vt 0.715538 0.939660
vt 0.717475 0.948435
vt 0.708630 0.941653
vt 0.713723 0.951549
vt 0.894330 0.104667
vt 0.892624 0.101150
vt 0.895428 0.106959
vt 0.896516 0.109250
vt 0.726761 0.949811
vt 0.725750 0.951965
vt 0.724733 0.954120
vt 0.724726 0.954134
vt 0.722604 0.958580
vt 0.904009 0.102386
vt 0.904013 0.098219
vt 0.904010 0.104972
vt 0.733792 0.951373
vt 0.733803 0.953769
vt 0.733814 0.956178
vt 0.733814 0.956194
vt 0.733827 0.961196
vt 0.912587 0.106964
vt 0.911505 0.109256
vt 0.740804 0.949746
vt 0.909502 0.113544
vt 0.741831 0.951888
vt 0.742864 0.954033
vt 0.919425 0.112315
vt 0.921322 0.110716
vt 0.917528 0.113930
vt 0.913969 0.116992
vt 0.917519 0.113938
vt 0.746437 0.945302
vt 0.748252 0.946805
vt 0.750069 0.948306
vt 0.923428 0.119858
vt 0.925752 0.119154
vt 0.925752 0.119154
vt 0.921085 0.120577
vt 0.923428 0.119858
vt 0.918771 0.121310
vt 0.916628 0.122028
vt 0.921085 0.120577
vt 0.749687 0.938897
vt 0.749687 0.938897
vt 0.751962 0.939529
vt 0.751962 0.939529
vt 0.754220 0.940167
vt 0.919154 0.160710
vt 0.917046 0.160090
vt 0.749721 0.897804
vt 0.930811 0.163954
vt 0.923772 0.162015
vt 0.926079 0.162651
vt 0.921922 0.171071
vt 0.920012 0.169545
vt 0.921447 0.161364
vt 0.921447 0.161364
vt 0.914515 0.165082
vt 0.746491 0.891391
vt 0.751994 0.897180
vt 0.748313 0.889894
vt 0.751994 0.897180
vt 0.913418 0.174991
vt 0.912293 0.172763
vt 0.910208 0.168588
vt 0.740872 0.886925
vt 0.741905 0.884785
vt 0.742946 0.882641
vt 0.908502 0.553448
vt 0.916991 0.555188
vt 0.917055 0.557729
vt 0.907481 0.555731
vt 0.916929 0.552663
vt 0.909513 0.551166
vt 0.911385 0.546897
vt 0.916815 0.547975
vt 0.916929 0.552647
vt 0.909518 0.551155
vt 0.907625 0.672314
vt 0.914712 0.670673
vt 0.914728 0.673032
vt 0.908641 0.674425
vt 0.914704 0.668249
vt 0.906581 0.670151
vt 0.905530 0.667985
vt 0.899800 0.549958
vt 0.897089 0.552327
vt 0.901638 0.548337
vt 0.903473 0.546702
vt 0.905272 0.545091
vt 0.906909 0.543618
vt 0.903745 0.678289
vt 0.901949 0.676821
vt 0.900109 0.675318
vt 0.898264 0.673817
vt 0.898249 0.673805
vt 0.894437 0.670721
vt 0.895228 0.541716
vt 0.897520 0.540970
vt 0.899826 0.540214
vt 0.902098 0.539455
vt 0.904192 0.538734
vt 0.898739 0.683307
vt 0.900995 0.683904
vt 0.896442 0.682695
vt 0.894156 0.682079
vt 0.889458 0.680795
vt 0.898719 0.488835
vt 0.900653 0.490420
vt 0.921266 0.732983
vt 0.915305 0.734441
vt 0.909296 0.733184
vt 0.904391 0.729474
vt 0.901516 0.724005
vt 0.900995 0.683904
vt 0.920823 0.674393
vt 0.925753 0.678224
vt 0.928618 0.683796
vt 0.928721 0.723568
vt 0.926034 0.729114
vt 0.894702 0.485597
vt 0.899124 0.498769
vt 0.896749 0.498088
vt 0.902585 0.492017
vt 0.906199 0.495037
vt 0.903621 0.500124
vt 0.902649 0.730972
vt 0.899303 0.724657
vt 0.901516 0.724005
vt 0.224753 0.922067
vt 0.224753 0.881978
vt 0.227420 0.876439
vt 0.232227 0.872606
vt 0.238220 0.871238
vt 0.244214 0.872606
vt 0.249021 0.876439
vt 0.251688 0.881978
vt 0.251688 0.922067
vt 0.249021 0.927606
vt 0.244214 0.931439
vt 0.238220 0.932807
vt 0.232227 0.931439
vt 0.227420 0.927606
vt 0.900868 0.732502
vt 0.899087 0.734030
vt 0.894807 0.725994
vt 0.897050 0.725324
vt 0.894807 0.725994
vt 0.904000 0.477916
vt 0.907474 0.484947
vt 0.908584 0.487239
vt 0.908591 0.487254
vt 0.910642 0.491513
vt 0.908343 0.735286
vt 0.907364 0.737440
vt 0.906378 0.739597
vt 0.904912 0.742778
vt 0.916089 0.482875
vt 0.916072 0.480278
vt 0.916149 0.490223
vt 0.915351 0.736758
vt 0.915392 0.739138
vt 0.915433 0.741530
vt 0.915490 0.745228
vt 0.925806 0.482539
vt 0.924715 0.484836
vt 0.923639 0.487131
vt 0.921661 0.491417
vt 0.922292 0.735045
vt 0.923340 0.737160
vt 0.933463 0.488613
vt 0.936607 0.486028
vt 0.926590 0.743660
vt 0.931559 0.490204
vt 0.929660 0.491809
vt 0.926132 0.494839
vt 0.929651 0.491817
vt 0.927819 0.730555
vt 0.929641 0.732025
vt 0.931464 0.733491
vt 0.935232 0.736510
vt 0.937823 0.497097
vt 0.937823 0.497097
vt 0.935489 0.497783
vt 0.933135 0.498484
vt 0.930806 0.499195
vt 0.928652 0.499879
vt 0.933135 0.498484
vt 0.930962 0.724155
vt 0.933235 0.724758
vt 0.940099 0.726653
vt 0.931121 0.538769
vt 0.929011 0.538155
vt 0.930848 0.683167
vt 0.938053 0.540709
vt 0.935743 0.540071
vt 0.938053 0.540709
vt 0.931975 0.547598
vt 0.933416 0.539420
vt 0.933416 0.539420
vt 0.926486 0.543134
vt 0.927537 0.676731
vt 0.933123 0.682524
vt 0.930848 0.683167
vt 0.929362 0.675207
vt 0.935386 0.681881
vt 0.933123 0.682524
vt 0.931188 0.673688
vt 0.940045 0.680534
vt 0.926508 0.555252
vt 0.925378 0.553026
vt 0.928872 0.559846
vt 0.924258 0.550798
vt 0.922183 0.546629
vt 0.921816 0.672268
vt 0.922843 0.670096
vt 0.923877 0.667920
vt 0.908505 0.459293
vt 0.916994 0.461039
vt 0.907484 0.461574
vt 0.909517 0.457011
vt 0.190115 0.881251
vt 0.190103 0.883584
vt 0.184071 0.884923
vt 0.183093 0.882816
vt 0.911384 0.452742
vt 0.182082 0.880662
vt 0.190128 0.878856
vt 0.181067 0.878506
vt 0.190141 0.876449
vt 0.899803 0.455805
vt 0.901640 0.454183
vt 0.179501 0.875189
vt 0.190180 0.871432
vt 0.903475 0.452549
vt 0.905273 0.450937
vt 0.906909 0.449464
vt 0.179181 0.888698
vt 0.177415 0.887213
vt 0.175609 0.885694
vt 0.173802 0.884178
vt 0.895230 0.447564
vt 0.895230 0.447564
vt 0.897522 0.446818
vt 0.897522 0.446818
vt 0.899827 0.446061
vt 0.904192 0.444581
vt 0.174116 0.893592
vt 0.176347 0.894219
vt 0.171846 0.892947
vt 0.174116 0.893592
vt 0.169587 0.892297
vt 0.169587 0.892297
vt 0.898727 0.394678
vt 0.894391 0.403264
vt 0.895538 0.392101
vt 0.196121 0.884984
vt 0.200964 0.888824
vt 0.203708 0.934240
vt 0.200916 0.939792
vt 0.196057 0.943619
vt 0.190040 0.945015
vt 0.184012 0.943680
vt 0.179127 0.939891
vt 0.176306 0.934360
vt 0.176347 0.894219
vt 0.896752 0.403932
vt 0.894391 0.403264
vt 0.900661 0.396264
vt 0.899127 0.404615
vt 0.896752 0.403932
vt 0.902592 0.397863
vt 0.906203 0.400886
vt 0.903624 0.405971
vt 0.177357 0.941374
vt 0.174073 0.934986
vt 0.444934 0.910375
vt 0.449741 0.906542
vt 0.455734 0.905174
vt 0.461728 0.906542
vt 0.466534 0.910375
vt 0.469202 0.915914
vt 0.469202 0.956003
vt 0.466535 0.961542
vt 0.461728 0.965375
vt 0.455734 0.966743
vt 0.449741 0.965375
vt 0.444934 0.961542
vt 0.442267 0.956003
vt 0.442267 0.915914
vt 0.175548 0.942889
vt 0.171799 0.935626
vt 0.173738 0.944403
vt 0.169536 0.936270
vt 0.171799 0.935626
vt 0.904017 0.383758
vt 0.907489 0.390794
vt 0.908599 0.393087
vt 0.183027 0.945780
vt 0.182015 0.947933
vt 0.180997 0.950087
vt 0.916084 0.386124
vt 0.916101 0.388720
vt 0.190051 0.947349
vt 0.190062 0.949744
vt 0.190073 0.952152
vt 0.190088 0.955770
vt 0.924724 0.390682
vt 0.923645 0.392978
vt 0.197059 0.945712
vt 0.921664 0.397263
vt 0.198087 0.947855
vt 0.199122 0.950000
vt 0.933469 0.394464
vt 0.931564 0.396055
vt 0.937431 0.391216
vt 0.929665 0.397659
vt 0.926135 0.400687
vt 0.929656 0.397667
vt 0.202694 0.941266
vt 0.204510 0.942769
vt 0.206327 0.944270
vt 0.933137 0.404334
vt 0.935492 0.403634
vt 0.928655 0.405728
vt 0.210480 0.936132
vt 0.208223 0.935494
vt 0.929010 0.444005
vt 0.931981 0.453447
vt 0.935745 0.445919
vt 0.926500 0.448988
vt 0.202746 0.887358
vt 0.204568 0.885859
vt 0.210511 0.892516
vt 0.208253 0.893145
vt 0.206388 0.884365
vt 0.215149 0.891191
vt 0.926511 0.461099
vt 0.925380 0.458873
vt 0.924259 0.456644
vt 0.197122 0.882890
vt 0.198156 0.880749
vt 0.099359 0.063394
vt 0.147030 0.090763
vt 0.461667 0.205700
vt 0.373024 0.002977
vt 0.457140 0.008957
vt 0.110843 0.169637
vt 0.147045 0.090761
vt 0.843693 0.668975
vt 0.828694 0.740376
vt 0.781446 0.611117
vt 0.823312 0.563943
vt 0.772163 0.532961
vt 0.823910 0.666441
vt 0.813391 0.664642
vt 0.827403 0.561749
vt 0.882798 0.606985
vt 0.847634 0.738253
vt 0.839731 0.782799
vt 0.838413 0.620053
vt 0.760617 0.474487
vt 0.758153 0.473740
vt 0.763646 0.446119
vt 0.766208 0.446372
vt 0.763646 0.417958
vt 0.766208 0.417706
vt 0.758153 0.390337
vt 0.760617 0.389590
vt 0.747377 0.364319
vt 0.749648 0.363105
vt 0.755629 0.684822
vt 0.761123 0.712446
vt 0.761123 0.740611
vt 0.755629 0.768236
vt 0.744850 0.794257
vt 0.729203 0.817675
vt 0.709287 0.837591
vt 0.685868 0.853238
vt 0.659847 0.864017
vt 0.632223 0.869512
vt 0.604058 0.869512
vt 0.576434 0.864017
vt 0.709286 0.615466
vt 0.729202 0.635382
vt 0.744850 0.658801
vt 0.958434 0.830387
vt 0.962612 0.832080
vt 0.952085 0.828090
vt 0.150457 0.909894
vt 0.155901 0.950863
vt 0.154652 0.951136
vt 0.152648 0.953620
vt 0.153721 0.951526
vt 0.157900 0.953220
vt 0.147372 0.949229
vt 0.958866 0.733063
vt 0.964311 0.774032
vt 0.963061 0.774305
vt 0.961057 0.776789
vt 0.962131 0.774695
vt 0.966309 0.776388
vt 0.955781 0.772398
vt 0.038952 0.911988
vt 0.044397 0.952957
vt 0.043147 0.953230
vt 0.041143 0.955715
vt 0.042217 0.953621
vt 0.046395 0.955314
vt 0.035868 0.951323
vt 0.967447 0.521613
vt 0.970826 0.521600
vt 0.969773 0.521506
vt 0.968771 0.521357
vt 0.976041 0.562701
vt 0.968834 0.553803
vt 0.968834 0.553803
vt 0.969741 0.518518
vt 0.971929 0.513301
vt 0.965930 0.522481
vt 0.976041 0.520658
vt 0.238906 0.851924
vt 0.237688 0.846436
vt 0.239459 0.847073
vt 0.241003 0.852411
vt 0.236128 0.841148
vt 0.237587 0.841756
vt 0.240520 0.722710
vt 0.238355 0.723243
vt 0.239188 0.717494
vt 0.241529 0.717135
vt 0.239722 0.712155
vt 0.241786 0.711624
vt 0.226824 0.810999
vt 0.225929 0.812407
vt 0.435112 0.920881
vt 0.429925 0.920881
vt 0.429730 0.918583
vt 0.435307 0.918583
vt 0.240363 0.862611
vt 0.239782 0.857463
vt 0.242046 0.857781
vt 0.242362 0.863096
vt 0.234137 0.720874
vt 0.234715 0.715793
vt 0.429925 0.925531
vt 0.435112 0.925531
vt 0.678019 0.234941
vt 0.681452 0.230968
vt 0.686076 0.228374
vt 0.691335 0.227474
vt 0.722124 0.227474
vt 0.727383 0.228374
vt 0.732007 0.230968
vt 0.735440 0.234941
vt 0.737266 0.239815
vt 0.737266 0.245002
vt 0.735440 0.249876
vt 0.732007 0.253849
vt 0.727383 0.256442
vt 0.722124 0.257343
vt 0.691335 0.257343
vt 0.686076 0.256442
vt 0.681452 0.253849
vt 0.678019 0.249876
vt 0.676193 0.245002
vt 0.676193 0.239815
vt 0.236889 0.729932
vt 0.233216 0.726645
vt 0.235429 0.710808
vt 0.234864 0.854263
vt 0.235485 0.859161
vt 0.256571 0.726325
vt 0.238657 0.729256
vt 0.258268 0.720198
vt 0.236237 0.863964
vt 0.259169 0.714676
vt 0.259282 0.709133
vt 0.429730 0.900743
vt 0.435307 0.900743
vt 0.239122 0.846116
vt 0.225469 0.806366
vt 0.242714 0.809052
vt 0.256451 0.848723
vt 0.259104 0.859934
vt 0.259282 0.865283
vt 0.242871 0.767600
vt 0.225055 0.770618
vt 0.258166 0.854615
vt 0.233903 0.848704
vt 0.237407 0.845485
vt 0.190334 0.722395
vt 0.188210 0.722911
vt 0.189042 0.717276
vt 0.191338 0.716930
vt 0.189580 0.712043
vt 0.191605 0.711529
vt 0.435307 0.949326
vt 0.184080 0.720577
vt 0.184660 0.715597
vt 0.186754 0.729466
vt 0.183161 0.726234
vt 0.185374 0.710710
vt 0.206061 0.725981
vt 0.188490 0.728808
vt 0.207742 0.719979
vt 0.208641 0.714568
vt 0.208766 0.709133
vt 0.192520 0.766413
vt 0.175021 0.769321
vt 0.435307 0.931486
vt 0.264601 0.572221
vt 0.201943 0.539819
vt 0.138096 0.462734
vt 0.155913 0.447383
vt 0.078933 0.256203
vt 0.128925 0.309139
vt 0.323722 0.509368
vt 0.214038 0.395155
vt 0.002977 0.239822
vt 0.399029 0.703179
vt 0.378087 0.688444
vt 0.247993 0.589613
vt 0.264593 0.572212
vt 0.323719 0.509365
vt 0.352541 0.769524
vt 0.339650 0.771466
vt 0.339875 0.729518
vt 0.330308 0.770684
vt 0.359757 0.764751
vt 0.395791 0.971272
vt 0.396461 0.928310
vt 0.409355 0.930101
vt 0.408152 0.969861
vt 0.387180 0.928928
vt 0.061595 0.921918
vt 0.104927 0.911988
vt 0.106636 0.921665
vt 0.784895 0.935256
vt 0.787188 0.932171
vt 0.359531 0.772419
vt 0.333461 0.778509
vt 0.340494 0.799528
vt 0.364789 0.793412
vt 0.423775 0.907853
vt 0.420756 0.906203
vt 0.337389 0.799905
vt 0.328042 0.782601
vt 0.783182 0.937044
vt 0.826702 0.937549
vt 0.824574 0.947111
vt 0.422472 0.970103
vt 0.822306 0.954832
vt 0.339875 0.729518
vt 0.344521 0.711065
vt 0.362549 0.766802
vt 0.366284 0.730356
vt 0.366502 0.767551
vt 0.364921 0.767251
vt 0.370964 0.767488
vt 0.365415 0.772589
vt 0.370326 0.772735
vt 0.326370 0.778294
vt 0.325861 0.784523
vt 0.321138 0.783138
vt 0.826552 0.903764
vt 0.381717 0.934966
vt 0.325106 0.764429
vt 0.106628 0.956014
vt 0.376918 0.925169
vt 0.382955 0.919885
vt 0.385815 0.923939
vt 0.379427 0.929605
vt 0.106552 0.965439
vt 0.319545 0.773630
vt 0.325098 0.779764
vt 0.315753 0.776908
vt 0.322536 0.769503
vt 0.328599 0.775718
vt 0.393243 0.900743
vt 0.396562 0.900860
vt 0.367724 0.791734
vt 0.323679 0.786446
vt 0.334626 0.801709
vt 0.370963 0.791468
vt 0.844280 0.308629
vt 0.844253 0.305340
vt 0.844280 0.302050
vt 0.858484 0.302050
vt 0.858458 0.305340
vt 0.858484 0.308629
vt 0.018664 0.238180
vt 0.002978 0.239818
vt 0.091652 0.052067
vt 0.099357 0.063396
vt 0.610243 0.015516
vt 0.019326 0.236994
vt 0.243260 0.376881
vt 0.162802 0.327056
vt 0.070591 0.263667
vt 0.941901 0.269057
vt 0.938505 0.272882
vt 0.939442 0.267176
vt 0.942166 0.264795
vt 0.951294 0.647054
vt 0.947897 0.650878
vt 0.948835 0.645172
vt 0.951559 0.642792
vt 0.937455 0.264465
vt 0.945212 0.258520
vt 0.938872 0.271837
vt 0.945212 0.268914
vt 0.946848 0.642462
vt 0.954605 0.636516
vt 0.948265 0.649834
vt 0.954605 0.646911
vt 0.980540 0.969169
vt 0.980538 0.924184
vt 0.981059 0.924184
vt 0.981059 0.969169
vt 0.982097 0.969169
vt 0.982098 0.924184
vt 0.986779 0.969169
vt 0.986259 0.969169
vt 0.986780 0.924184
vt 0.982099 0.924184
vt 0.983139 0.924184
vt 0.985220 0.969169
vt 0.529553 0.543138
vt 0.527920 0.545130
vt 0.747377 0.499758
vt 0.749648 0.500972
vt 0.731734 0.523175
vt 0.733725 0.524808
vt 0.711824 0.543090
vt 0.713457 0.545080
vt 0.688411 0.558739
vt 0.689625 0.561010
vt 0.662395 0.569520
vt 0.663143 0.571984
vt 0.634777 0.575021
vt 0.635030 0.577583
vt 0.606616 0.575028
vt 0.606364 0.577590
vt 0.578995 0.569543
vt 0.578248 0.572007
vt 0.552974 0.558775
vt 0.551761 0.561046
vt 0.097638 0.747255
vt 0.096044 0.745315
vt 0.100095 0.719406
vt 0.102165 0.717926
vt 0.868544 0.191120
vt 0.866466 0.189641
vt 0.862422 0.163757
vt 0.863971 0.161582
vt 0.104282 0.716415
vt 0.099815 0.747521
vt 0.866154 0.161315
vt 0.870669 0.192636
vt 0.064925 0.741379
vt 0.062810 0.742853
vt 0.831352 0.167663
vt 0.829220 0.165950
vt 0.069398 0.713524
vt 0.067921 0.711353
vt 0.835778 0.195491
vt 0.834291 0.197658
vt 0.060626 0.742569
vt 0.066411 0.709133
vt 0.832770 0.199877
vt 0.827038 0.166231
vt 0.094867 0.776829
vt 0.093180 0.774982
vt 0.095645 0.748751
vt 0.861960 0.159844
vt 0.859515 0.133660
vt 0.861182 0.131576
vt 0.097039 0.776966
vt 0.863368 0.131441
vt 0.061800 0.773015
vt 0.059803 0.774630
vt 0.828192 0.135611
vt 0.826184 0.133760
vt 0.064465 0.744813
vt 0.830839 0.163756
vt 0.057623 0.774493
vt 0.823998 0.133897
vt 0.093941 0.806536
vt 0.092144 0.804797
vt 0.092967 0.778451
vt 0.859276 0.129712
vt 0.858460 0.103406
vt 0.860251 0.101427
vt 0.096118 0.806536
vt 0.862442 0.101427
vt 0.060695 0.804801
vt 0.058804 0.806536
vt 0.827060 0.103400
vt 0.825172 0.101427
vt 0.061582 0.776479
vt 0.827942 0.131672
vt 0.056620 0.806536
vt 0.822982 0.101427
vt 0.092967 0.834622
vt 0.092144 0.808275
vt 0.094867 0.836243
vt 0.858460 0.099449
vt 0.859276 0.073143
vt 0.861182 0.071279
vt 0.097039 0.836106
vt 0.863368 0.071414
vt 0.061582 0.836593
vt 0.059803 0.838443
vt 0.827942 0.071182
vt 0.826184 0.069095
vt 0.060695 0.808272
vt 0.827060 0.099455
vt 0.057623 0.838579
vt 0.823998 0.068958
vt 0.095645 0.864321
vt 0.093180 0.838090
vt 0.097638 0.865818
vt 0.859515 0.069195
vt 0.861960 0.043011
vt 0.863972 0.041273
vt 0.099815 0.865552
vt 0.866154 0.041539
vt 0.064465 0.868259
vt 0.062810 0.870219
vt 0.830839 0.039099
vt 0.829220 0.036904
vt 0.061800 0.840057
vt 0.828192 0.067244
vt 0.060626 0.870504
vt 0.827038 0.036624
vt 0.100095 0.893667
vt 0.096044 0.867757
vt 0.102165 0.895146
vt 0.862422 0.039098
vt 0.866466 0.013214
vt 0.868544 0.011734
vt 0.104282 0.896658
vt 0.870669 0.010219
vt 0.069398 0.899548
vt 0.067921 0.901719
vt 0.835778 0.007363
vt 0.834291 0.005197
vt 0.066411 0.903939
vt 0.832770 0.002977
vt 0.064925 0.871693
vt 0.831352 0.035192
vt 0.223065 0.795865
vt 0.221244 0.796706
vt 0.220467 0.791473
vt 0.222506 0.791118
vt 0.238993 0.728261
vt 0.237167 0.728943
vt 0.224009 0.800694
vt 0.222512 0.801905
vt 0.237124 0.733793
vt 0.235621 0.734442
vt 0.225280 0.805722
vt 0.224154 0.807146
vt 0.226388 0.765797
vt 0.224870 0.771289
vt 0.223675 0.769829
vt 0.225440 0.764348
vt 0.223649 0.776516
vt 0.222062 0.775292
vt 0.222799 0.781514
vt 0.220873 0.780706
vt 0.222398 0.786368
vt 0.220271 0.786116
vt 0.217825 0.772159
vt 0.220316 0.765289
vt 0.223890 0.769160
vt 0.214721 0.785438
vt 0.215237 0.792452
vt 0.215945 0.778512
vt 0.216595 0.798953
vt 0.218499 0.804990
vt 0.224371 0.807788
vt 0.220981 0.811564
vt 0.241074 0.774265
vt 0.240121 0.779989
vt 0.239779 0.785782
vt 0.239516 0.791523
vt 0.239908 0.797122
vt 0.240897 0.802640
vt 0.188822 0.727833
vt 0.187029 0.728497
vt 0.186975 0.733252
vt 0.185500 0.733885
vt 0.176359 0.764600
vt 0.174835 0.769978
vt 0.173684 0.768537
vt 0.175440 0.763179
vt 0.173573 0.775115
vt 0.172048 0.773878
vt 0.172627 0.780083
vt 0.170768 0.779199
vt 0.167965 0.770754
vt 0.170430 0.764080
vt 0.173898 0.767883
vt 0.166036 0.776858
vt 0.190743 0.772944
vt 0.189799 0.778561
vt 0.970950 0.144803
vt 0.970739 0.144797
vt 0.970535 0.144589
vt 0.435112 0.956274
vt 0.970936 0.279823
vt 0.970726 0.280238
vt 0.970460 0.279840
vt 0.970739 0.003186
vt 0.970535 0.002977
vt 0.970950 0.003192
vt 0.970778 0.138634
vt 0.970739 0.003186
vt 0.970664 0.003209
vt 0.970728 0.138490
vt 0.970739 0.144797
vt 0.970663 0.144820
vt 0.970726 0.280238
vt 0.970775 0.280094
vt 0.970777 0.138632
vt 0.970728 0.138489
vt 0.971114 0.003284
vt 0.970346 0.003198
vt 0.970727 0.280237
vt 0.971114 0.144895
vt 0.970346 0.144809
vt 0.970774 0.280093
vt 0.970474 0.003048
vt 0.970972 0.003300
vt 0.970927 0.138197
vt 0.970473 0.138216
vt 0.970474 0.144659
vt 0.970972 0.144911
vt 0.154053 0.965586
vt 0.154053 0.975237
vt 0.152799 0.975237
vt 0.152799 0.965586
vt 0.739548 0.967151
vt 0.740801 0.967151
vt 0.740801 0.976802
vt 0.739548 0.976802
vt 0.149459 0.965586
vt 0.150712 0.965586
vt 0.150712 0.975237
vt 0.149459 0.975237
vt 0.744141 0.967151
vt 0.744141 0.976802
vt 0.742888 0.976802
vt 0.742888 0.967151
vt 0.737461 0.967151
vt 0.737461 0.976802
vt 0.147372 0.965586
vt 0.147372 0.975236
vt 0.852700 0.979658
vt 0.843049 0.979658
vt 0.843049 0.978405
vt 0.852700 0.978405
vt 0.852700 0.975065
vt 0.852700 0.976318
vt 0.843049 0.976318
vt 0.843049 0.975065
vt 0.852700 0.972978
vt 0.843049 0.972978
vt 0.932231 0.975074
vt 0.932231 0.973821
vt 0.941882 0.973821
vt 0.941882 0.975074
vt 0.941882 0.970480
vt 0.941882 0.971734
vt 0.932231 0.971734
vt 0.932231 0.970480
vt 0.932231 0.968393
vt 0.941882 0.968393
vt 0.909595 0.975074
vt 0.909595 0.973821
vt 0.919246 0.973821
vt 0.919246 0.975074
vt 0.919246 0.970480
vt 0.919246 0.971734
vt 0.909595 0.971734
vt 0.909595 0.970480
vt 0.919246 0.968393
vt 0.909595 0.968393
vt 0.731506 0.973831
vt 0.721855 0.973831
vt 0.721855 0.972578
vt 0.731506 0.972578
vt 0.731506 0.969238
vt 0.731506 0.970491
vt 0.721855 0.970491
vt 0.721855 0.969238
vt 0.731506 0.967151
vt 0.721855 0.967151
vt 0.442267 0.979378
vt 0.442267 0.978125
vt 0.451918 0.978125
vt 0.451918 0.979378
vt 0.451918 0.974785
vt 0.451918 0.976038
vt 0.442267 0.976038
vt 0.442267 0.974785
vt 0.442267 0.972698
vt 0.451918 0.972698
vt 0.453688 0.889175
vt 0.444037 0.889175
vt 0.444037 0.887922
vt 0.453688 0.887922
vt 0.453688 0.891262
vt 0.453688 0.892516
vt 0.444037 0.892516
vt 0.444037 0.891262
vt 0.444037 0.894603
vt 0.453688 0.894603
vt 0.045519 0.974360
vt 0.035868 0.974360
vt 0.035868 0.973107
vt 0.045519 0.973107
vt 0.970728 0.138490
vt 0.045519 0.969767
vt 0.045519 0.971020
vt 0.035868 0.971020
vt 0.035868 0.969767
vt 0.045519 0.967680
vt 0.035868 0.967680
vt 0.769704 0.248491
vt 0.772872 0.246714
vt 0.776475 0.246097
vt 0.797570 0.246097
vt 0.801173 0.246714
vt 0.804341 0.248491
vt 0.806693 0.251213
vt 0.807944 0.254553
vt 0.767352 0.251213
vt 0.962534 0.457425
vt 0.969456 0.462297
vt 0.969130 0.463716
vt 0.961945 0.457669
vt 0.959414 0.449746
vt 0.968584 0.451886
vt 0.969800 0.452998
vt 0.970982 0.447333
vt 0.974533 0.451574
vt 0.973902 0.439936
vt 0.974206 0.428022
vt 0.973952 0.446419
vt 0.961731 0.439409
vt 0.960888 0.438378
vt 0.958418 0.449714
vt 0.974533 0.421563
vt 0.949447 0.433259
vt 0.960622 0.407688
vt 0.964299 0.468891
vt 0.956372 0.461491
vt 0.950310 0.450600
vt 0.972639 0.442376
vt 0.972784 0.444591
vt 0.970921 0.445884
vt 0.968851 0.442614
vt 0.846183 0.311907
vt 0.846183 0.300369
vt 0.856978 0.300245
vt 0.856978 0.312032
vt 0.971415 0.444638
vt 0.970759 0.443197
vt 0.960335 0.930474
vt 0.960924 0.930230
vt 0.967846 0.935102
vt 0.967520 0.936521
vt 0.957804 0.922551
vt 0.966974 0.924691
vt 0.968190 0.925803
vt 0.969372 0.920138
vt 0.972923 0.924379
vt 0.972292 0.912741
vt 0.972596 0.900827
vt 0.972342 0.919224
vt 0.960120 0.912214
vt 0.956807 0.922519
vt 0.959278 0.911184
vt 0.972923 0.894368
vt 0.947837 0.906064
vt 0.959012 0.880493
vt 0.962689 0.941696
vt 0.954762 0.934296
vt 0.948700 0.923405
vt 0.971028 0.915181
vt 0.971174 0.917396
vt 0.969310 0.918689
vt 0.967240 0.915419
vt 0.856801 0.310702
vt 0.847981 0.310600
vt 0.847981 0.301172
vt 0.856801 0.301070
vt 0.969805 0.917443
vt 0.969148 0.916002
vt 0.983478 0.579501
vt 0.979738 0.576117
vt 0.990959 0.568992
vt 0.987219 0.578076
vt 0.990959 0.594818
vt 0.987219 0.585734
vt 0.979738 0.587694
vt 0.983478 0.584310
vt 0.983478 0.674842
vt 0.979738 0.671458
vt 0.990959 0.664333
vt 0.987219 0.673417
vt 0.990959 0.690159
vt 0.987219 0.681075
vt 0.979738 0.683034
vt 0.983478 0.679650
vt 0.982618 0.926379
vt 0.978878 0.922995
vt 0.990098 0.915871
vt 0.986358 0.924954
vt 0.990098 0.941696
vt 0.986358 0.932613
vt 0.978878 0.934572
vt 0.982618 0.931188
vt 0.983478 0.611281
vt 0.979738 0.607897
vt 0.990959 0.600773
vt 0.987219 0.609856
vt 0.990959 0.626598
vt 0.987219 0.617515
vt 0.979738 0.619474
vt 0.983478 0.616090
vt 0.983478 0.643061
vt 0.979738 0.639677
vt 0.990959 0.632553
vt 0.987219 0.641636
vt 0.990959 0.658378
vt 0.987219 0.649295
vt 0.979738 0.651254
vt 0.983478 0.647870
vt 0.986358 0.891001
vt 0.982618 0.889576
vt 0.978878 0.880493
vt 0.990098 0.887617
vt 0.990098 0.899194
vt 0.986358 0.895810
vt 0.978878 0.906318
vt 0.982618 0.897235
vt 0.979193 0.745489
vt 0.983776 0.759141
vt 0.972264 0.748789
vt 0.975852 0.744264
vt 0.974501 0.738214
vt 0.976101 0.738513
vt 0.983776 0.738551
vt 0.977950 0.733063
vt 0.175747 0.970771
vt 0.175727 0.969303
vt 0.365720 0.969303
vt 0.365739 0.970771
vt 0.175747 0.967835
vt 0.365739 0.967835
vt 0.627027 0.974499
vt 0.554072 0.974498
vt 0.554072 0.973030
vt 0.627027 0.973031
vt 0.475157 0.986326
vt 0.548115 0.986326
vt 0.548115 0.987794
vt 0.475157 0.987794
vt 0.548117 0.973029
vt 0.475157 0.973030
vt 0.475157 0.971562
vt 0.548117 0.971562
vt 0.554072 0.971562
vt 0.627027 0.971562
vt 0.175779 0.972241
vt 0.365771 0.972239
vt 0.548117 0.974497
vt 0.475157 0.974498
vt 0.554072 0.970094
vt 0.627027 0.970094
vt 0.548117 0.970094
vt 0.475157 0.970094
vt 0.475157 0.968625
vt 0.548117 0.968625
vt 0.475157 0.967157
vt 0.548117 0.967158
vt 0.554072 0.968626
vt 0.627027 0.968625
vt 0.365771 0.973707
vt 0.175779 0.973707
vt 0.175779 0.966365
vt 0.365771 0.966368
vt 0.554072 0.967158
vt 0.627027 0.967157
vt 0.475157 0.984857
vt 0.548115 0.984858
vt 0.475157 0.981921
vt 0.548115 0.981921
vt 0.548115 0.983389
vt 0.475157 0.983389
vt 0.475157 0.980453
vt 0.548115 0.980453
vt 0.860744 0.789871
vt 0.860748 0.794161
vt 0.851054 0.796450
vt 0.860746 0.796748
vt 0.852152 0.798746
vt 0.860746 0.799319
vt 0.853241 0.801043
vt 0.669701 0.947714
vt 0.675732 0.949042
vt 0.675752 0.951375
vt 0.668725 0.949819
vt 0.667715 0.951972
vt 0.675765 0.953771
vt 0.666700 0.954128
vt 0.675778 0.956180
vt 0.675778 0.956192
vt 0.675818 0.961198
vt 0.843383 0.802523
vt 0.845295 0.804127
vt 0.850795 0.808802
vt 0.664816 0.943930
vt 0.663049 0.945417
vt 0.661242 0.946936
vt 0.659434 0.948453
vt 0.838933 0.811034
vt 0.841286 0.811733
vt 0.659747 0.939038
vt 0.661977 0.938411
vt 0.657477 0.939684
vt 0.655217 0.940335
vt 0.657477 0.939684
vt 0.661936 0.898271
vt 0.664757 0.892741
vt 0.669649 0.888963
vt 0.675677 0.887615
vt 0.681694 0.889008
vt 0.686551 0.892835
vt 0.689339 0.898390
vt 0.689376 0.938257
vt 0.686599 0.943810
vt 0.681754 0.947648
vt 0.844177 0.863734
vt 0.839602 0.855514
vt 0.839602 0.855514
vt 0.841894 0.854768
vt 0.846007 0.862116
vt 0.847837 0.860487
vt 0.848566 0.852548
vt 0.662989 0.891258
vt 0.659703 0.897644
vt 0.134559 0.968490
vt 0.129646 0.972407
vt 0.123520 0.973806
vt 0.117393 0.972407
vt 0.112480 0.968490
vt 0.109754 0.962828
vt 0.109754 0.921851
vt 0.112480 0.916190
vt 0.117393 0.912272
vt 0.123520 0.910873
vt 0.129646 0.912272
vt 0.134559 0.916190
vt 0.137285 0.921851
vt 0.137285 0.962828
vt 0.661182 0.889743
vt 0.659373 0.888230
vt 0.655166 0.896358
vt 0.650521 0.895010
vt 0.655621 0.885117
vt 0.852850 0.867199
vt 0.853858 0.864926
vt 0.668663 0.886859
vt 0.667651 0.884704
vt 0.664502 0.878089
vt 0.861291 0.868949
vt 0.861345 0.871478
vt 0.861237 0.866433
vt 0.861143 0.861752
vt 0.861237 0.866417
vt 0.675687 0.885283
vt 0.675698 0.882889
vt 0.675708 0.880483
vt 0.675717 0.876763
vt 0.871899 0.871303
vt 0.873097 0.873636
vt 0.869651 0.866831
vt 0.870763 0.869055
vt 0.868547 0.864602
vt 0.866506 0.860431
vt 0.868540 0.864588
vt 0.682695 0.886916
vt 0.683722 0.884773
vt 0.684756 0.882629
vt 0.686288 0.879463
vt 0.882064 0.866152
vt 0.878168 0.863017
vt 0.878155 0.863007
vt 0.876267 0.861465
vt 0.874376 0.859908
vt 0.870822 0.856958
vt 0.688329 0.891363
vt 0.690145 0.889859
vt 0.691961 0.888358
vt 0.694868 0.885972
vt 0.887116 0.856021
vt 0.884715 0.855320
vt 0.880096 0.853988
vt 0.882402 0.854652
vt 0.882402 0.854652
vt 0.873332 0.851950
vt 0.691579 0.897768
vt 0.696112 0.896498
vt 0.873349 0.813730
vt 0.691611 0.938862
vt 0.882425 0.811000
vt 0.878061 0.802522
vt 0.876156 0.804108
vt 0.880099 0.811680
vt 0.880099 0.811680
vt 0.877759 0.812373
vt 0.870705 0.808731
vt 0.688381 0.945275
vt 0.690203 0.946772
vt 0.692024 0.948265
vt 0.696143 0.940114
vt 0.870429 0.796453
vt 0.869332 0.798740
vt 0.868246 0.801027
vt 0.866242 0.805302
vt 0.682761 0.949740
vt 0.683795 0.951881
vt 0.684835 0.954025
vt 0.895506 0.010297
vt 0.905031 0.010843
vt 0.896525 0.012584
vt 0.904965 0.013374
vt 0.897535 0.014872
vt 0.904965 0.013386
vt 0.904856 0.018071
vt 0.899416 0.019159
vt 0.495368 0.947717
vt 0.501400 0.949043
vt 0.501420 0.951377
vt 0.494392 0.949821
vt 0.493383 0.951974
vt 0.501434 0.953774
vt 0.492368 0.954131
vt 0.501449 0.956183
vt 0.889639 0.017687
vt 0.894915 0.022435
vt 0.490484 0.943934
vt 0.488716 0.945420
vt 0.486910 0.946939
vt 0.485102 0.948455
vt 0.885487 0.025053
vt 0.885487 0.025053
vt 0.892159 0.027312
vt 0.483147 0.939685
vt 0.480887 0.940335
vt 0.487649 0.938412
vt 0.487608 0.898271
vt 0.490430 0.892741
vt 0.495314 0.888951
vt 0.501343 0.887617
vt 0.507359 0.889013
vt 0.512217 0.892839
vt 0.515010 0.898392
vt 0.515047 0.938257
vt 0.512266 0.943808
vt 0.507421 0.947647
vt 0.882305 0.068723
vt 0.888597 0.075684
vt 0.884662 0.068047
vt 0.887032 0.067360
vt 0.890508 0.074086
vt 0.488660 0.891257
vt 0.966309 0.720933
vt 0.960316 0.722301
vt 0.954322 0.720933
vt 0.949515 0.717100
vt 0.946848 0.711561
vt 0.946848 0.671472
vt 0.949516 0.665934
vt 0.954322 0.662101
vt 0.960316 0.660733
vt 0.966309 0.662101
vt 0.971116 0.665934
vt 0.973783 0.671473
vt 0.973783 0.711561
vt 0.971116 0.717100
vt 0.486852 0.889742
vt 0.485043 0.888229
vt 0.895438 0.081058
vt 0.894341 0.083349
vt 0.896526 0.078767
vt 0.494330 0.886851
vt 0.493318 0.884698
vt 0.904018 0.083048
vt 0.904019 0.080479
vt 0.904015 0.075714
vt 0.501354 0.885284
vt 0.501365 0.882890
vt 0.501377 0.880483
vt 0.912595 0.081055
vt 0.913689 0.083345
vt 0.915991 0.088065
vt 0.909507 0.074474
vt 0.508361 0.886920
vt 0.509389 0.884777
vt 0.510423 0.882633
vt 0.925267 0.080553
vt 0.921337 0.077306
vt 0.512020 0.879337
vt 0.919431 0.075700
vt 0.921328 0.077298
vt 0.917534 0.074086
vt 0.913974 0.071025
vt 0.513996 0.891366
vt 0.515812 0.889862
vt 0.517628 0.888361
vt 0.520615 0.885908
vt 0.930531 0.070292
vt 0.925760 0.068860
vt 0.916632 0.065988
vt 0.515010 0.898392
vt 0.517249 0.897770
vt 0.517249 0.897770
vt 0.519524 0.897135
vt 0.521782 0.896499
vt 0.917044 0.027922
vt 0.526412 0.895157
vt 0.517282 0.938862
vt 0.921943 0.016936
vt 0.923783 0.025999
vt 0.920034 0.018461
vt 0.921456 0.026649
vt 0.914552 0.022914
vt 0.514048 0.945273
vt 0.519555 0.939486
vt 0.515870 0.946771
vt 0.517690 0.948264
vt 0.914566 0.010794
vt 0.913433 0.013020
vt 0.912309 0.015248
vt 0.910235 0.019420
vt 0.508429 0.949738
vt 0.509462 0.951878
vt 0.510502 0.954021
vt 0.395415 0.814259
vt 0.396462 0.816549
vt 0.404997 0.814709
vt 0.404958 0.817255
vt 0.397500 0.818841
vt 0.913880 0.860850
vt 0.919965 0.862239
vt 0.919956 0.864598
vt 0.912866 0.862961
vt 0.911823 0.865124
vt 0.919947 0.867021
vt 0.910773 0.867291
vt 0.919938 0.869458
vt 0.919938 0.869474
vt 0.919930 0.874538
vt 0.389582 0.821749
vt 0.387718 0.820127
vt 0.394937 0.826472
vt 0.908984 0.856988
vt 0.907189 0.858456
vt 0.905349 0.859959
vt 0.903504 0.861461
vt 0.383160 0.828468
vt 0.387808 0.829949
vt 0.392217 0.831405
vt 0.903977 0.851970
vt 0.906234 0.851373
vt 0.901681 0.852583
vt 0.387493 0.881381
vt 0.383629 0.884641
vt 0.926062 0.860886
vt 0.906234 0.851373
vt 0.906751 0.811270
vt 0.909626 0.805801
vt 0.914530 0.802091
vt 0.920541 0.800831
vt 0.926501 0.802294
vt 0.931268 0.806161
vt 0.933956 0.811706
vt 0.933856 0.851479
vt 0.930992 0.857052
vt 0.387505 0.881370
vt 0.383018 0.873015
vt 0.385344 0.872296
vt 0.389376 0.879768
vt 0.387688 0.871571
vt 0.391248 0.878154
vt 0.956917 0.004345
vt 0.961723 0.008179
vt 0.964391 0.013717
vt 0.964391 0.053806
vt 0.961723 0.059345
vt 0.956917 0.063178
vt 0.950923 0.064546
vt 0.944929 0.063178
vt 0.940123 0.059345
vt 0.937455 0.053806
vt 0.937455 0.013717
vt 0.940123 0.008179
vt 0.944930 0.004345
vt 0.950923 0.002977
vt 0.907884 0.804304
vt 0.906751 0.811270
vt 0.904537 0.810618
vt 0.906105 0.802775
vt 0.904537 0.810618
vt 0.902283 0.809952
vt 0.904324 0.801247
vt 0.900041 0.809281
vt 0.396176 0.885005
vt 0.397229 0.882733
vt 0.913576 0.799991
vt 0.912596 0.797838
vt 0.911610 0.795683
vt 0.910609 0.793496
vt 0.404654 0.886914
vt 0.404667 0.889464
vt 0.909550 0.791221
vt 0.920579 0.798513
vt 0.920619 0.796134
vt 0.920659 0.793741
vt 0.920719 0.790145
vt 0.414216 0.887187
vt 0.416494 0.891824
vt 0.413118 0.884910
vt 0.414207 0.887169
vt 0.412039 0.882650
vt 0.927521 0.800229
vt 0.928569 0.798113
vt 0.929624 0.795996
vt 0.931188 0.792871
vt 0.425648 0.884390
vt 0.419863 0.879595
vt 0.421747 0.881173
vt 0.417980 0.878003
vt 0.414446 0.874986
vt 0.933053 0.804719
vt 0.934876 0.803249
vt 0.936697 0.801782
vt 0.939609 0.799448
vt 0.430856 0.874223
vt 0.417043 0.869979
vt 0.933956 0.811706
vt 0.936197 0.811119
vt 0.938470 0.810514
vt 0.940723 0.809906
vt 0.938470 0.810514
vt 0.419357 0.831121
vt 0.417238 0.831755
vt 0.936087 0.852108
vt 0.422072 0.820671
vt 0.426321 0.829125
vt 0.420163 0.822223
vt 0.421663 0.830449
vt 0.414687 0.826748
vt 0.932777 0.858544
vt 0.938361 0.852749
vt 0.934603 0.860067
vt 0.938361 0.852749
vt 0.940625 0.853392
vt 0.936430 0.861585
vt 0.414591 0.814557
vt 0.413472 0.816809
vt 0.412363 0.819061
vt 0.410310 0.823277
vt 0.927061 0.863008
vt 0.928088 0.865180
vt 0.929122 0.867356
vt 0.930726 0.870700
vt 0.334223 0.815098
vt 0.332038 0.810382
vt 0.334230 0.815113
vt 0.343856 0.813011
vt 0.343815 0.815571
vt 0.335277 0.817404
vt 0.343775 0.818116
vt 0.336315 0.819697
vt 0.277865 0.943486
vt 0.283895 0.944825
vt 0.283914 0.947157
vt 0.276887 0.945594
vt 0.283926 0.949552
vt 0.275878 0.947748
vt 0.283939 0.951960
vt 0.274862 0.949904
vt 0.283967 0.955682
vt 0.273297 0.953222
vt 0.328395 0.822605
vt 0.326532 0.820985
vt 0.333744 0.827317
vt 0.272975 0.939710
vt 0.271208 0.941196
vt 0.269403 0.942715
vt 0.267596 0.944232
vt 0.321982 0.829331
vt 0.324301 0.830065
vt 0.324301 0.830065
vt 0.326633 0.830809
vt 0.270137 0.934192
vt 0.270096 0.894052
vt 0.272916 0.888522
vt 0.277809 0.884744
vt 0.283836 0.883395
vt 0.289854 0.884788
vt 0.294711 0.888616
vt 0.297499 0.894171
vt 0.297535 0.934038
vt 0.294758 0.939592
vt 0.289915 0.943432
vt 0.321858 0.873878
vt 0.324184 0.873160
vt 0.328219 0.880632
vt 0.326528 0.872433
vt 0.330092 0.879017
vt 0.333606 0.875965
vt 0.330983 0.871018
vt 0.944929 0.251197
vt 0.940123 0.247364
vt 0.937455 0.241825
vt 0.937455 0.201736
vt 0.940123 0.196197
vt 0.944929 0.192364
vt 0.950923 0.190996
vt 0.956917 0.192364
vt 0.961723 0.196197
vt 0.964391 0.201736
vt 0.964391 0.241825
vt 0.961723 0.247364
vt 0.956917 0.251197
vt 0.950923 0.252565
vt 0.271148 0.887039
vt 0.269341 0.885524
vt 0.265590 0.892786
vt 0.267531 0.884010
vt 0.263328 0.892140
vt 0.332388 0.891485
vt 0.333967 0.888140
vt 0.335029 0.885869
vt 0.338026 0.879344
vt 0.276822 0.882641
vt 0.275810 0.880488
vt 0.272669 0.873871
vt 0.343524 0.890329
vt 0.343508 0.887778
vt 0.343494 0.885243
vt 0.283846 0.881061
vt 0.283856 0.878666
vt 0.283864 0.876257
vt 0.283886 0.871238
vt 0.353055 0.888021
vt 0.351965 0.885766
vt 0.290855 0.882695
vt 0.291883 0.880552
vt 0.292918 0.878408
vt 0.364487 0.885240
vt 0.294451 0.875243
vt 0.360586 0.882024
vt 0.358703 0.880448
vt 0.356819 0.878858
vt 0.296489 0.887143
vt 0.298306 0.885640
vt 0.300122 0.884139
vt 0.303111 0.881687
vt 0.364952 0.873655
vt 0.362643 0.872964
vt 0.360311 0.872260
vt 0.362643 0.872964
vt 0.355879 0.870837
vt 0.297499 0.894171
vt 0.299739 0.893550
vt 0.302014 0.892916
vt 0.307917 0.891228
vt 0.358186 0.831981
vt 0.356069 0.832616
vt 0.299771 0.934643
vt 0.360893 0.821530
vt 0.358985 0.823084
vt 0.362828 0.830640
vt 0.360491 0.831309
vt 0.360491 0.831309
vt 0.353511 0.827614
vt 0.296541 0.941056
vt 0.298363 0.942553
vt 0.304303 0.935895
vt 0.300183 0.944046
vt 0.352288 0.817674
vt 0.351179 0.819928
vt 0.290922 0.945523
vt 0.291955 0.947663
vt 0.292995 0.949807
vt 0.905341 0.289150
vt 0.917182 0.286543
vt 0.908500 0.296142
vt 0.907480 0.293861
vt 0.917055 0.291855
vt 0.916992 0.294398
vt 0.909512 0.298423
vt 0.908644 0.641077
vt 0.914729 0.642479
vt 0.914720 0.644839
vt 0.907634 0.643193
vt 0.914712 0.647262
vt 0.906589 0.645357
vt 0.905538 0.647524
vt 0.903913 0.650860
vt 0.901638 0.301252
vt 0.906909 0.305971
vt 0.903747 0.637219
vt 0.901952 0.638688
vt 0.900112 0.640191
vt 0.898267 0.641693
vt 0.896397 0.643214
vt 0.895230 0.307872
vt 0.894442 0.644790
vt 0.895230 0.307872
vt 0.897521 0.308618
vt 0.898740 0.632202
vt 0.900997 0.631604
vt 0.896444 0.632815
vt 0.898723 0.360756
vt 0.894389 0.352170
vt 0.920827 0.641119
vt 0.900997 0.631604
vt 0.901515 0.591503
vt 0.904389 0.586034
vt 0.909294 0.582323
vt 0.915305 0.581065
vt 0.921264 0.582528
vt 0.926032 0.586393
vt 0.928720 0.591938
vt 0.928619 0.631711
vt 0.925754 0.637284
vt 0.894389 0.352170
vt 0.896750 0.351502
vt 0.900657 0.359170
vt 0.899125 0.350820
vt 0.902589 0.357572
vt 0.903623 0.349465
vt 0.120065 0.970095
vt 0.115259 0.966261
vt 0.112591 0.960723
vt 0.112591 0.920634
vt 0.115259 0.915095
vt 0.120065 0.911262
vt 0.126059 0.909894
vt 0.132053 0.911262
vt 0.136859 0.915095
vt 0.139527 0.920634
vt 0.139526 0.960723
vt 0.136859 0.966261
vt 0.132052 0.970095
vt 0.126059 0.971463
vt 0.902647 0.584537
vt 0.901515 0.591503
vt 0.899302 0.590851
vt 0.900867 0.583007
vt 0.899302 0.590851
vt 0.897048 0.590186
vt 0.899085 0.581480
vt 0.894805 0.589516
vt 0.895391 0.578334
vt 0.907481 0.364641
vt 0.908341 0.580222
vt 0.907361 0.578069
vt 0.904313 0.571452
vt 0.916093 0.366712
vt 0.916077 0.369309
vt 0.916110 0.364135
vt 0.915344 0.578748
vt 0.915385 0.576369
vt 0.915426 0.573978
vt 0.915483 0.570280
vt 0.924720 0.364754
vt 0.923642 0.362458
vt 0.921663 0.358172
vt 0.923635 0.362443
vt 0.922284 0.580463
vt 0.923331 0.578348
vt 0.933466 0.360973
vt 0.931562 0.359382
vt 0.929663 0.357778
vt 0.926133 0.354749
vt 0.927817 0.584951
vt 0.929638 0.583480
vt 0.931461 0.582012
vt 0.941175 0.353467
vt 0.937825 0.352489
vt 0.935233 0.578993
vt 0.935491 0.351803
vt 0.933136 0.351103
vt 0.928653 0.349709
vt 0.928720 0.591938
vt 0.930961 0.591350
vt 0.930961 0.591350
vt 0.933235 0.590748
vt 0.935488 0.590139
vt 0.940101 0.588853
vt 0.929011 0.311431
vt 0.930849 0.632340
vt 0.942792 0.307570
vt 0.940378 0.308237
vt 0.938055 0.308880
vt 0.933886 0.300462
vt 0.938055 0.308880
vt 0.935745 0.309517
vt 0.931980 0.301990
vt 0.926501 0.306449
vt 0.927539 0.638776
vt 0.930849 0.632340
vt 0.933124 0.632982
vt 0.929365 0.640300
vt 0.931192 0.641819
vt 0.935388 0.633625
vt 0.925379 0.296566
vt 0.924259 0.298795
vt 0.921821 0.643243
vt 0.922848 0.645414
vt 0.923883 0.647589
vt 0.018663 0.238182
vt 0.247993 0.589613
vt 0.817214 0.493497
vt 0.774935 0.456703
vt 0.800815 0.347327
vt 0.819419 0.393714
vt 0.801585 0.391226
vt 0.789767 0.387839
vt 0.816924 0.286543
vt 0.808323 0.316379
vt 0.826870 0.435420
vt 0.953941 0.329326
vt 0.955585 0.330275
vt 0.956535 0.331920
vt 0.956535 0.333819
vt 0.955585 0.335464
vt 0.953941 0.336413
vt 0.950397 0.335464
vt 0.949447 0.333819
vt 0.949447 0.331920
vt 0.950397 0.330275
vt 0.952041 0.329326
vt 0.972933 0.336413
vt 0.974832 0.336413
vt 0.974832 0.365009
vt 0.972933 0.365009
vt 0.959638 0.336413
vt 0.962677 0.336413
vt 0.962297 0.365009
vt 0.959638 0.365009
vt 0.965336 0.336413
vt 0.967235 0.336413
vt 0.967235 0.365009
vt 0.965336 0.365009
vt 0.970273 0.336413
vt 0.969894 0.365009
vt 0.955840 0.365009
vt 0.955840 0.336413
vt 0.959632 0.336413
vt 0.959634 0.365009
s 1
usemtl None
f 3040/99/34 3039/100/34 3036/101/34
f 3030/102/35 108/103/35 3033/104/35
f 3036/101/34 3037/105/34 3040/99/34
f 3045/106/36 3047/107/36 3042/108/36
f 3049/109/37 118/110/37 3242/111/37
f 3042/108/36 3044/112/36 3045/106/36
f 3243/113/38 3060/114/38 3056/115/38
f 3053/116/39 304/117/39 3057/118/39
f 3056/115/38 306/119/38 3243/113/38
f 3073/120/40 3072/121/40 3069/122/40
f 3063/123/41 132/124/41 3066/125/41
f 3069/122/40 3070/126/40 3073/120/40
f 3077/127/42 3079/128/42 3080/129/42
f 187/130/43 3103/131/44 3102/132/45
f 232/133/46 3134/134/46 3163/135/46
f 3114/136/47 3156/137/47 3148/138/47
f 3148/138/47 3156/137/47 3149/139/47
f 3156/137/47 3150/140/47 3149/139/47
f 3156/141/47 217/142/47 3150/143/47
f 204/144/48 202/145/49 195/146/49
f 3165/147/50 3151/148/51 3153/149/52
f 3154/150/53 3166/151/54 3153/152/52
f 199/153/55 198/154/56 222/137/56
f 1689/155/57 178/156/58 179/157/59
f 260/158/60 259/159/61 273/160/62
f 1610/161/63 3096/162/64 166/163/65
f 454/164/47 467/165/47 450/166/47
f 471/167/66 457/168/66 452/169/66
f 468/170/66 456/171/66 3514/172/66
f 455/173/47 470/174/47 3512/175/47
f 836/176/67 742/177/68 3904/178/69
f 745/179/70 737/180/71 736/181/72
f 846/182/73 741/183/74 733/184/75
f 741/185/74 751/186/76 742/177/68
f 755/187/77 3840/188/78 745/179/70
f 750/189/79 759/190/80 741/183/74
f 761/191/81 3845/192/82 751/186/76
f 3892/193/83 764/194/84 755/187/77
f 760/195/85 751/196/76 759/190/80
f 771/197/86 782/198/87 3871/199/88
f 784/200/89 775/201/90 774/202/91
f 808/203/92 850/204/93 807/205/94
f 820/206/95 810/207/96 809/208/97
f 823/209/98 813/210/99 812/211/100
f 692/212/101 820/206/95 819/213/102
f 828/214/103 701/215/104 819/216/102
f 731/217/105 846/182/73 732/218/106
f 726/219/107 839/220/108 838/221/109
f 736/181/72 726/219/107 3870/222/110
f 736/181/72 737/180/71 726/219/107
f 836/176/67 837/223/111 722/224/112
f 806/225/113 849/226/113 799/227/114
f 3908/228/115 795/229/116 794/230/117
f 3908/228/115 803/231/118 795/229/116
f 850/232/93 791/233/119 790/234/120
f 850/232/93 802/235/121 791/233/119
f 801/236/122 850/204/93 790/237/120
f 807/205/94 850/204/93 801/236/122
f 870/238/123 3950/239/124 859/240/125
f 874/241/126 3935/242/127 863/243/128
f 873/244/129 885/245/130 874/241/126
f 891/246/131 881/247/132 880/248/133
f 908/249/134 1004/250/135 902/251/136
f 911/252/137 1003/253/138 904/254/72
f 916/255/139 1016/256/140 907/257/141
f 918/258/142 3941/259/143 908/249/134
f 917/260/144 908/261/134 916/255/139
f 928/262/145 918/258/142 917/263/144
f 927/264/146 938/265/147 917/260/144
f 943/266/148 932/267/149 931/268/150
f 939/269/151 928/270/145 938/265/147
f 949/271/152 940/272/153 939/273/151
f 957/274/154 939/269/151 3947/275/155
f 975/276/156 969/277/157 974/278/94
f 986/279/158 976/280/159 975/281/156
f 990/282/160 980/283/161 979/284/162
f 3979/285/163 995/286/164 975/276/156
f 900/287/165 1016/256/140 901/288/166
f 899/289/167 1010/290/168 1009/291/167
f 906/292/168 1010/290/168 899/289/167
f 904/254/72 1003/253/138 3957/293/110
f 1013/294/169 894/295/170 893/296/170
f 1013/294/169 1000/297/169 894/295/170
f 1004/250/135 1005/298/171 891/246/131
f 965/299/167 1025/300/168 1024/301/167
f 1026/302/168 1025/300/168 965/299/167
f 3990/303/115 962/304/116 961/305/117
f 3990/303/115 971/306/118 962/304/116
f 3992/307/169 1017/308/172 959/309/172
f 3992/307/169 1018/310/169 1017/308/172
f 970/311/173 1027/312/174 958/313/175
f 970/311/173 1028/307/176 1027/312/174
f 968/314/177 969/277/157 958/315/175
f 974/278/94 969/277/157 968/314/177
f 1040/316/178 1030/317/179 1029/318/180
f 1048/319/181 1029/320/180 1039/321/182
f 1029/320/180 1048/319/181 1040/322/178
f 1058/323/183 1059/324/184 1049/325/185
f 1079/326/186 1165/327/71 1072/328/72
f 1075/329/141 1084/330/187 1177/331/188
f 1089/332/189 1099/333/190 1090/334/191
f 1098/335/192 1108/336/193 1099/333/190
f 1116/337/194 4047/338/195 1105/339/196
f 1114/340/197 1115/341/198 1105/342/196
f 1115/343/198 1124/344/199 1116/337/194
f 1140/345/200 1189/346/201 1186/347/202
f 1149/348/203 1140/345/200 1139/349/204
f 1153/350/98 1143/351/99 1142/352/100
f 4070/353/205 1158/354/206 1139/355/204
f 1149/348/203 1030/317/179 1150/356/207
f 1158/354/206 1029/320/180 1149/357/203
f 1069/358/208 1177/331/188 1059/324/184
f 1165/327/71 1168/359/209 1064/360/210
f 1072/328/72 1165/327/71 4046/361/211
f 1174/362/169 4051/363/169 1063/361/170
f 1181/364/212 1134/365/213 4074/366/214
f 1134/365/213 1182/367/215 1124/368/199
f 1201/369/216 1191/370/217 1190/371/218
f 1209/372/219 1190/373/218 1200/374/220
f 1190/373/218 1209/372/219 1201/375/216
f 1231/376/221 1239/377/222 1336/378/223
f 1242/379/224 1334/380/225 1234/381/226
f 1345/382/227 1238/383/228 1231/384/221
f 1260/385/229 4109/386/230 1249/387/231
f 1270/388/232 1260/385/229 1259/389/233
f 1273/390/234 1264/391/235 1263/392/236
f 4124/393/237 1288/394/238 1279/395/239
f 1349/396/240 1316/397/241 1359/398/242
f 1318/399/243 1307/400/244 1306/401/245
f 1321/402/246 1310/403/247 1309/404/248
f 1316/397/241 1317/405/249 1306/406/245
f 1229/407/250 1345/382/227 1230/408/251
f 4123/409/252 1333/410/253 1332/411/252
f 1330/412/253 1333/410/253 4123/409/252
f 1232/378/254 1233/413/254 1341/414/255
f 1231/376/221 1335/415/256 1220/416/257
f 4158/417/258 1359/398/242 1300/418/259
f 1349/396/240 1359/398/242 4158/417/258
f 1289/419/260 1301/420/261 1290/421/262
f 1371/422/263 4211/423/264 1360/424/265
f 4252/425/266 1374/426/267 1364/427/268
f 1370/428/269 1380/429/270 1371/422/263
f 1390/430/271 1391/431/272 1380/432/270
f 1413/433/224 1405/434/225 1404/435/226
f 1418/436/273 1409/437/274 1408/438/275
f 1419/439/276 1410/440/277 1418/436/273
f 1431/441/278 4194/442/279 1420/443/280
f 1435/444/281 1425/445/282 1424/446/283
f 1440/447/284 1431/441/278 1430/448/285
f 1443/449/286 1435/444/281 1434/450/287
f 1440/447/284 1451/451/288 4220/452/289
f 1449/453/290 1450/454/291 1440/455/284
f 4239/456/292 4232/457/292 4176/458/293 1496/459/293
f 1487/460/294 1476/461/295 1475/462/296
f 1490/463/297 1479/464/298 1478/465/299
f 1485/466/300 1486/467/301 1475/468/296
f 1360/424/265 1487/460/294 1486/469/301
f 1364/427/268 4216/470/302 1490/463/297
f 1369/471/303 1486/467/301 1495/472/304
f 1409/437/274 1402/473/305 1391/431/272
f 1404/435/226 1396/474/306 4219/475/307
f 1404/435/226 1405/434/225 1396/474/306
f 1402/476/305 1392/477/308 1391/478/272
f 4245/479/309 1525/480/310 1459/481/311
f 1516/482/312 1525/480/310 4245/479/309
f 1467/483/313 1520/484/314 1519/485/313
f 1521/457/314 1520/484/314 1467/483/313
f 4255/486/315 1464/487/316 1463/488/317
f 4255/486/315 1471/489/318 1464/487/316
f 1524/490/319 1513/491/320 1461/492/320
f 1524/490/319 1514/493/319 1513/491/320
f 1460/494/321 1523/495/322 1522/496/323
f 1470/497/324 1460/494/321 1459/498/311
f 2988/499/325 1533/500/326 1529/501/327
f 4293/502/34 4294/503/34 4290/504/34
f 4284/505/35 4287/506/35 1552/507/35
f 4290/504/34 4294/503/34 4291/508/34
f 4303/509/41 4495/510/41 1562/511/41
f 4307/512/42 4311/513/42 1759/514/42
f 4317/515/37 4320/516/37 1576/517/37
f 1630/518/328 4359/519/329 1632/520/330
f 3111/521/331 191/522/332 1635/523/333
f 1658/524/47 1650/525/47 1655/526/47
f 4379/527/66 4381/528/66 1663/529/66
f 4402/530/66 4381/531/66 4401/532/66
f 1663/529/66 4381/528/66 4402/533/66
f 1659/534/334 4376/535/335 1640/536/334
f 1658/524/47 1655/526/47 4398/537/47
f 1656/538/336 4396/539/337 4395/540/338
f 4403/541/339 4416/542/340 4405/543/341
f 1644/531/342 1660/544/343 1637/545/342
f 1686/546/344 1634/547/344 2985/548/344
f 1619/549/344 242/550/344 1618/551/344
f 1714/552/345 4459/553/346 1713/554/347
f 1717/555/348 4460/556/349 1716/557/350
f 4461/558/351 1720/559/352 1718/560/353
f 4462/561/354 1723/562/355 1721/563/356
f 4743/564/357 3499/565/357 3490/566/357
f 1912/567/47 1926/568/47 1907/569/47
f 4775/570/66 4781/571/66 1994/572/66
f 4771/573/66 4778/574/66 1920/575/66
f 1911/576/47 1923/577/47 4763/578/47
f 2151/579/358 5078/580/359 2160/581/360
f 2157/582/361 2167/583/362 2166/584/363
f 2160/581/360 2171/585/364 5117/586/365
f 2157/587/361 2166/588/363 2165/589/366
f 2167/583/362 2177/590/367 2166/584/363
f 2167/583/362 2293/591/368 2177/590/367
f 2166/588/363 2177/592/367 2187/593/369
f 2292/594/370 2193/595/371 2288/596/372
f 2197/597/373 2208/598/374 2207/599/375
f 2202/600/376 2213/601/377 2212/602/378
f 2203/603/379 2215/604/380 2214/605/381
f 5093/606/382 2215/604/380 2203/603/379
f 2237/607/383 2248/608/384 2247/609/385
f 2255/610/386 2264/611/387 2263/612/388
f 2255/613/386 2263/614/388 2262/615/389
f 2264/611/387 2274/616/390 2263/612/388
f 2268/617/391 2278/618/392 2267/619/393
f 2263/614/388 2274/620/390 2283/621/394
f 2186/622/395 2304/623/396 2192/624/397
f 2290/625/398 2287/626/398 5106/627/399
f 2295/628/400 2291/629/401 2181/630/402
f 5118/631/403 2291/629/401 2189/632/404
f 2180/631/405 2301/633/406 2179/634/405
f 2293/591/368 2292/594/370 2177/590/367
f 2308/635/398 2261/636/398 2252/637/399
f 2312/636/407 2313/638/407 2251/639/408
f 2247/609/385 2258/640/409 2257/641/410
f 2254/642/411 2243/643/412 2262/615/389
f 2316/644/413 2327/645/414 2326/646/415
f 5198/647/416 2327/645/414 2316/644/413
f 2316/648/413 2326/649/415 2325/650/417
f 2327/645/414 5191/651/418 2337/652/419
f 2330/653/420 2341/654/421 5205/655/422
f 2337/652/419 2347/656/423 2336/657/424
f 2336/658/424 2347/659/423 2357/660/425
f 2464/661/370 2366/662/426 2461/663/427
f 2365/664/428 2375/665/429 2364/666/397
f 2366/662/426 2377/667/430 2376/668/431
f 5187/669/432 2377/667/430 2366/662/426
f 2370/670/373 2382/671/433 2381/672/434
f 2375/665/429 2376/673/431 2386/674/435
f 2366/675/426 2376/673/431 2375/665/429
f 2377/667/430 2387/676/436 2376/668/431
f 2376/673/431 2387/677/436 2396/678/437
f 5179/679/438 2398/680/439 2387/676/436
f 2390/681/440 2402/682/441 2401/683/442
f 2402/682/441 2411/684/443 2401/683/442
f 2411/684/443 2422/685/384 2421/686/385
f 2429/687/444 2437/688/445 2436/689/446
f 2429/690/444 2436/691/446 2435/692/447
f 2437/688/445 2447/693/448 2436/689/446
f 2441/694/391 2451/695/449 2440/696/393
f 2436/691/446 2447/697/448 2456/698/450
f 2461/699/427 2365/664/428 2357/660/425
f 2470/700/407 2363/701/407 2355/702/408
f 2463/701/398 2459/703/398 5193/704/399
f 2354/705/451 2475/706/452 2474/707/451
f 2351/708/402 2468/709/453 2360/710/401
f 2351/708/402 2359/711/404 5206/712/403
f 2348/713/454 2472/714/455 2358/715/455
f 2465/716/456 2464/661/370 2347/656/423
f 5231/717/457 2428/718/458 5238/719/459
f 2479/720/398 2434/721/398 2426/722/399
f 2421/686/385 2431/723/409 2430/724/410
f 2480/725/454 2478/726/455 2420/727/454
f 2476/728/405 5239/729/406 2419/730/405
f 2418/731/460 2485/729/461 2429/687/444
f 2490/732/358 5249/733/359 2499/734/360
f 2496/735/462 2506/736/463 2505/737/464
f 2499/734/360 2510/738/364 5287/739/365
f 2496/740/462 2505/741/464 2504/742/465
f 2506/736/463 2516/743/466 2505/737/464
f 2506/736/463 2628/744/467 2516/743/466
f 2505/741/464 2516/745/466 2526/746/468
f 2527/747/469 2534/748/470 2639/749/471
f 2539/750/472 2550/751/473 2549/752/474
f 2545/753/475 2557/754/476 2556/755/477
f 5264/756/478 2557/754/476 2545/753/475
f 2549/752/474 2561/757/479 2560/758/480
f 2550/751/473 2561/757/479 2549/752/474
f 2561/757/479 2571/759/481 2570/760/482
f 2577/761/483 2650/762/484 2586/763/485
f 2579/764/383 2590/765/384 2589/766/385
f 2597/767/486 2602/768/487 2601/769/488
f 2651/770/489 2602/768/487 2597/767/486
f 2597/771/486 2601/772/488 2600/773/490
f 2605/774/391 2615/775/392 2604/776/393
f 2612/777/491 2486/778/492 2611/779/493
f 2612/777/491 5280/780/494 2486/778/492
f 2526/746/468 2516/745/466 2639/749/471
f 2525/781/395 2639/749/471 2533/782/495
f 2520/783/402 2631/784/453 2530/785/401
f 2518/786/405 2519/787/405 2636/788/406
f 2628/744/467 2627/789/496 2516/743/466
f 2516/743/466 2627/789/496 2527/790/469
f 5314/791/497 2596/792/411 5323/793/498
f 2588/794/454 2645/795/455 2642/796/455
f 2586/763/485 2651/770/489 2597/767/486
f 2585/797/499 2600/773/490 2596/792/411
f 2658/798/500 5335/799/501 2668/800/502
f 2668/800/502 2679/801/503 5375/802/504
f 2675/803/505 2685/804/506 2674/805/507
f 2675/803/505 2795/806/508 2685/804/506
f 2674/807/507 2685/808/506 2695/809/509
f 5360/810/510 2705/811/511 2697/812/512 2796/813/513
f 2697/812/512 2705/811/511 2696/814/514
f 2700/815/515 2708/816/516 2699/817/517
f 2696/818/514 2713/819/518 2704/820/519
f 2696/818/514 2705/821/511 2713/819/518
f 2708/816/516 2718/822/520 5399/823/521
f 2713/819/518 2724/824/522 2723/825/523
f 2718/822/520 2728/826/524 5399/823/521
f 2724/824/522 2734/827/525 2723/825/523
f 2725/828/526 2736/829/527 2735/830/528
f 2729/831/529 2740/832/530 2728/826/524
f 2740/832/530 2748/833/531 2739/834/532
f 2740/832/530 5380/835/533 2748/833/531
f 2746/836/534 2814/837/535 2755/838/536
f 2748/833/531 2759/839/537 2758/840/538
f 2765/841/539 2771/842/540 2770/843/541
f 2765/844/539 2770/845/541 2817/846/542
f 2771/842/540 2781/847/543 2770/843/541
f 2775/848/544 2785/849/545 2774/850/546
f 2770/845/541 2781/851/543 2790/852/547
f 2781/847/543 2654/853/548 2653/854/549
f 2782/855/550 2654/853/548 2781/847/543
f 5373/856/551 2658/798/500 2785/849/545
f 2694/857/552 2695/809/509 2704/820/519
f 2693/858/553 2798/859/553 2703/860/554
f 5365/861/555 2794/862/555 2793/863/556
f 2803/864/557 2692/865/557 2804/866/558
f 2797/867/559 2700/815/515 2689/868/560
f 2700/815/515 2699/817/517 5376/869/561
f 5404/870/562 2817/846/542 5413/871/563
f 2763/872/555 2764/873/555 5414/874/564
f 2812/875/554 2813/876/554 2762/877/553
f 2755/838/536 2815/878/565 2765/841/539
f 2755/838/536 2765/841/539 2754/879/566
f 2823/880/567 2833/881/568 5499/882/569
f 2823/880/567 5424/883/570 2833/881/568
f 2830/884/571 5452/885/572 2839/886/573
f 2833/881/568 2843/887/503 5464/888/504
f 2961/889/574 2868/890/575 2958/891/576
f 2960/892/515 2871/893/577 2863/894/578
f 2867/895/579 2876/896/580 2866/897/581
f 2871/893/577 2881/898/582 5487/899/583
f 5435/900/584 2881/898/582 2871/893/577
f 2876/896/580 2886/901/585 2885/902/586
f 2877/903/587 2888/904/588 2887/905/589
f 5440/906/590 2888/904/588 2877/903/587
f 2881/898/582 2892/907/591 2891/908/592
f 2888/904/588 5466/909/593 2898/910/594
f 2898/910/594 2907/911/595 2897/912/596
f 2897/913/596 2915/914/597 5455/915/598
f 2910/916/599 2920/917/600 2919/918/601
f 2915/914/597 2926/919/602 5492/920/603
f 2927/921/604 2937/922/605 2936/923/606
f 2975/924/607 2932/925/608 2931/926/609
f 2933/927/610 2943/928/611 2932/929/608
f 2937/922/605 2947/930/612 2936/923/606
f 2932/925/608 2943/931/611 2952/932/613
f 2944/933/614 2819/934/615 2943/928/611
f 5462/935/616 2823/880/567 2947/930/612
f 2952/932/613 2818/936/617 2828/937/618
f 2850/938/619 2958/939/576 2867/895/579
f 2860/940/620 2867/895/579 2866/897/581
f 2966/940/621 2865/941/554 2859/942/621
f 2964/943/559 2960/892/515 2855/944/560
f 2960/892/515 2863/894/578 5465/945/561
f 2854/946/622 5502/947/623 2853/948/622
f 2851/949/624 2958/891/576 2850/950/619
f 2973/951/556 2930/952/556 2924/953/555
f 2919/918/601 2920/917/600 2927/921/604
f 2918/954/625 2977/955/626 2972/956/626
f 2975/924/607 2931/926/609 2926/919/602
f 4361/957/46 1627/958/46 2987/959/46
f 1687/960/344 1619/961/344 2986/962/344
f 4264/963/627 1533/500/326 2993/964/628
f 3001/965/629 2995/966/630 5519/967/631
f 3011/968/632 3002/969/633 3009/970/634
f 3018/971/635 3019/972/636 3024/973/636 3023/974/635
f 3020/975/637 3018/971/635 3023/974/635 3025/976/637
f 3021/977/638 3020/975/637 3025/976/637 3026/978/638
f 3022/979/35 3021/977/638 3026/978/638 1740/980/35
f 3228/981/46 3229/982/46 3230/983/46 1739/984/46 3027/985/46 104/986/46 103/987/46 102/988/46 101/989/46 3221/990/46 3220/991/46 3222/992/46 3223/993/46 3224/994/46 3225/995/46 3226/996/46 3227/997/46
f 3029/998/66 3034/104/66 3035/101/66 3038/100/66
f 110/104/639 3032/103/639 106/105/639 109/101/639
f 3031/102/46 114/998/46 113/100/46 3041/99/46
f 3033/104/35 3028/998/35 3030/102/35
f 111/99/47 105/999/47 107/1000/47 112/102/47
f 3239/1001/640 3241/111/640 3043/108/640 3048/107/640
f 302/111/641 3506/110/641 116/112/641 119/108/641
f 3046/106/46 3050/109/46 303/1001/46 122/107/46
f 3242/111/37 3240/1001/37 3049/109/37
f 120/106/642 115/1002/642 117/1003/642 121/109/642
f 3052/1004/643 3058/118/643 3055/115/643 3059/114/643
f 125/118/644 3507/117/644 3508/119/644 124/115/644
f 3244/113/46 3054/116/46 128/1004/46 127/114/46
f 3057/118/39 3051/1004/39 3053/116/39
f 307/113/645 305/1005/645 123/1006/645 126/116/645
f 3062/1007/646 3067/125/646 3068/122/646 3071/121/646
f 133/122/647 134/125/647 3065/124/647 130/126/647
f 3064/123/46 138/1007/46 137/121/46 3074/120/46
f 3066/125/41 3061/1007/41 3063/123/41
f 135/120/648 129/1008/648 131/1009/648 136/123/648
f 3076/1010/649 3081/129/649 299/1011/649 3233/1012/649
f 3238/1011/650 141/129/650 140/128/650 298/1013/650
f 3078/127/46 143/1010/46 3232/1012/46 3234/1014/46
f 3080/129/42 3075/1010/42 3077/127/42
f 3235/1014/651 297/1015/651 139/1016/651 142/127/651
f 3510/1017/357 3443/1018/357 3082/1019/357 3086/1020/357
f 150/1021/357 3444/1022/357 3443/1018/357 3510/1017/357
f 3461/1023/357 3459/1024/357 144/1025/357 377/1026/357
f 3459/1024/357 3460/1027/357 3445/1028/357 144/1025/357
f 3472/1029/357 3458/1030/357 3444/1022/357 150/1021/357
f 3085/1031/357 3446/1032/357 3445/1033/357 3460/1034/357
f 3084/1035/357 3083/1036/357 3446/1037/357 3085/1038/357
f 3086/1020/357 3082/1019/357 3083/1036/357 3084/1035/357
f 3092/1039/652 3447/1026/653 3509/1025/654 155/1040/655
f 153/1041/656 154/1042/64 376/1033/65 375/1032/63
f 3480/1043/357 407/1044/357 3475/1045/357 3476/1046/357 410/1047/357 411/1048/357 412/1049/357 156/1050/357 3089/1051/357 3088/1052/357 3087/1053/357 3091/1054/357 3090/1055/357 413/1056/357 414/1057/357 3478/1058/357 3473/1059/357 3474/1060/357 3482/1061/357 3479/1062/357
f 3483/1063/657 379/1064/658 3447/1026/653 3092/1039/652
f 155/1040/655 3509/1025/654 376/1028/65 154/1065/64
f 151/1066/659 152/1067/660 145/1036/661 146/1019/662
f 157/1068/663 158/1069/664 391/1023/665 3462/1070/666
f 152/1067/660 153/1071/656 375/1037/63 145/1036/661
f 158/1069/664 159/1072/667 390/1024/668 391/1023/665
f 159/1072/667 160/1073/669 389/1027/670 390/1024/668
f 160/1074/669 161/1075/671 147/1031/672 389/1034/670
f 415/1076/673 394/1077/674 388/1078/675 164/1079/676
f 162/1080/677 148/1035/678 147/1038/672 161/1081/671
f 416/1082/679 157/1068/663 3462/1070/666 395/1083/680
f 163/1084/681 149/1020/682 148/1035/678 162/1080/677
f 3477/1085/683 151/1066/659 146/1019/662 374/1086/684
f 164/1079/676 388/1078/675 149/1020/682 163/1084/681
f 3491/1087/357 3492/1088/357 3094/1089/357 423/1090/357
f 3492/1088/357 3095/1091/357 3093/1092/357 3094/1089/357
f 3098/1093/652 3484/1090/653 165/1089/654 3097/1094/655
f 3505/1095/657 425/1096/658 3484/1090/653 3098/1093/652
f 3097/1094/655 165/1089/654 166/1092/65 3096/1097/64
f 171/1098/663 445/1099/664 431/1087/685 3493/1100/666
f 445/1099/664 172/1101/667 430/1088/668 431/1087/685
f 172/1101/667 173/1102/669 167/1091/670 430/1088/668
f 446/1103/679 171/1098/663 3493/1100/666 434/1104/680
f 1611/1105/672 167/1106/670 173/1107/669
f 3104/1108/686 3103/131/44 187/130/43 185/1109/687
f 3105/1110/688 3104/1108/686 185/1109/687 186/1111/689
f 186/1111/689 3100/1112/690 3101/1113/691 188/1114/692
f 3099/1115/693 3108/1116/694 185/1109/687 187/130/43
f 3100/1112/690 186/1111/689 185/1109/687 3108/1116/694
f 3106/1117/695 3105/1110/688 186/1111/689 188/1114/692
f 176/1118/696 184/1119/697 191/1120/332 3110/1121/698
f 191/1120/332 3111/1122/331 3110/1121/698
f 3119/1123/344 231/1124/344 3121/1125/344 3120/1126/344
f 231/1124/344 3161/1127/344 3121/1125/344
f 3119/1123/344 3120/1126/344 3124/1128/344 3122/1129/344
f 3132/145/46 3133/1130/46 3134/134/46 232/133/46
f 3137/1131/46 3133/1130/46 3132/145/46 3135/144/46
f 3138/1131/699 211/1132/700 3144/1133/701 203/1130/702
f 3130/1134/703 234/1135/704 216/1136/705 3127/1137/703
f 3136/144/66 210/1138/66 205/1131/66
f 201/134/706 203/1130/702 3144/1133/701 3151/148/51
f 3126/1137/47 217/142/47 3156/141/47 3128/1139/47
f 3140/1140/707 196/1126/708 194/1125/709 3154/150/53
f 3178/1141/710 3160/1142/710 3141/1140/710 221/150/710
f 3158/1143/47 3171/1144/47 3145/1133/47 208/1145/47
f 3176/1146/66 3177/1141/66 3155/150/66 220/1147/66
f 215/1148/711 233/1149/712 3117/1150/713 3115/136/713
f 3123/1129/48 204/1151/48 195/1123/49
f 234/1152/704 233/1149/712 215/1148/711 216/140/705
f 199/1153/55 214/1154/55 195/146/49 202/145/49
f 210/1138/66 3136/144/66 213/1155/66 3146/1156/66
f 3125/1128/66 3139/1157/66 213/1129/66
f 3139/1157/66 3147/1158/66 213/1129/66
f 3147/1158/66 3146/1159/66 213/1129/66
f 3140/1140/707 212/1160/714 197/1128/715 196/1126/708
f 211/1159/700 212/1160/714 3142/1161/716 3143/1162/717
f 3140/1140/707 3142/1161/716 212/1160/714
f 3154/150/53 194/1125/709 3162/1127/718 3166/151/54
f 211/1132/700 3143/1145/717 3144/1133/701
f 3166/151/54 3165/1163/50 3153/152/52
f 3164/135/719 201/134/706 3151/148/51 3165/147/50
f 231/1164/344 3116/137/344 193/136/344 3118/1150/344
f 232/133/46 3163/135/46 3131/1165/46
f 3118/1166/344 3161/1127/344 231/1124/344
f 200/1137/46 3129/1139/46 232/1167/46 3131/1134/46
f 228/1168/720 227/1169/721 3167/1170/722 3168/1171/723
f 214/1164/55 199/153/55 222/137/56
f 227/1163/721 226/1172/724 3169/1173/725 3167/1174/722
f 3169/1173/725 226/1172/724 225/1175/726 3170/1176/727
f 3170/1176/727 225/1175/726 223/1127/728 229/1166/728
f 224/135/729 228/1168/720 3168/1171/723 230/1165/729
f 3175/1177/66 219/149/66 3152/148/66 3173/1178/66
f 3157/1179/47 207/1161/47 206/1140/47 3159/1142/47
f 3174/1178/730 218/148/730 209/1133/730 3172/1144/730
f 3176/1146/66 220/1147/66 219/1180/66 3175/1181/66
f 3157/1179/47 3158/1182/47 208/1162/47 207/1161/47
f 240/1183/731 239/1184/731 238/1185/731 237/1186/731 236/1187/731 235/1188/731
f 241/1189/344 1527/1190/344 190/1121/344 1634/1122/344
f 242/550/344 182/1191/344 241/1192/344 1686/1193/344
f 241/1192/344 1634/1194/344 1686/1193/344
f 177/1195/732 178/156/58 1689/155/57 189/1196/733
f 3113/1197/734 3179/1198/735 3112/1199/736
f 242/550/344 1687/1200/344 174/1201/344
f 1633/1202/737 189/1196/733 1689/155/57
f 179/157/59 180/1203/738 1688/1204/739 1689/155/57
f 3184/1205/740 3182/1206/740 3180/1207/740 3186/1208/740
f 3196/1209/740 3194/1210/740 3192/1211/740 3198/1212/740
f 249/1213/741 3185/1205/741 3187/1208/741 250/1214/741
f 248/1215/742 3183/1206/742 246/1205/742 3188/1213/742
f 245/1208/743 3181/1207/743 247/1216/743 3189/1214/743
f 3191/1216/744 244/1207/744 243/1206/744 3190/1215/744
f 257/1217/741 3197/1209/741 3199/1212/741 258/1218/741
f 256/1219/745 3195/1210/745 254/1209/745 3200/1217/745
f 253/1212/743 3193/1211/743 255/1220/743 3201/1218/743
f 3203/1220/744 252/1211/744 251/1210/744 3202/1219/744
f 263/1221/746 261/1222/746 262/1223/746 264/1224/746
f 3204/1225/747 3205/1226/747 265/1227/747 266/1228/747
f 270/1229/748 269/1230/748 267/1226/748 268/1225/748
f 3207/1231/749 271/1232/749 272/1233/749 3206/1234/749
f 296/1235/750 285/1236/750 3219/1237/34 3231/1238/34
f 274/1239/751 260/158/60 273/160/62
f 286/1240/752 3209/1241/752 3208/1242/753 287/1243/753
f 287/1243/753 3208/1242/753 3210/1244/754 288/1245/754
f 288/1245/754 3210/1244/754 3211/1246/66 289/1247/66
f 289/1247/66 3211/1246/66 3212/1248/755 290/1249/755
f 290/1249/755 3212/1248/755 3213/1250/756 291/1251/756
f 291/1251/756 3213/1250/756 3214/1252/757 292/1253/757
f 292/1253/757 3214/1252/757 3215/1254/758 293/1255/758
f 293/1255/758 3215/1254/758 3216/1256/759 294/1257/759
f 98/971/344 99/975/344 100/977/344 1727/979/344 1726/1237/344 3218/1236/344 3217/1258/344 283/1256/344 282/1254/344 281/1252/344 280/1250/344 279/1248/344 278/1246/344 277/1244/344 276/1242/344 275/1241/344 97/972/344
f 294/1257/759 3216/1256/759 284/1258/760 295/1259/760
f 295/1259/760 284/1258/760 285/1236/750 296/1235/750
f 3237/1011/761 3236/1260/761 300/1014/761 301/1012/761
f 3254/1261/762 3245/1262/762 3248/1263/762 3251/1264/762
f 3262/1265/763 3258/1266/763 3252/1267/763 3249/1268/763
f 3246/1262/764 3255/1261/765 3265/1269/765 3266/1270/764
f 3263/1265/766 3267/1271/766 338/1272/767 3259/1266/767
f 3256/1261/768 3253/1264/768 3269/1273/768 3272/1274/768
f 3260/1266/769 3276/1275/769 3270/1276/769 339/1267/769
f 3273/1274/764 3271/1273/764 3280/1277/764 3283/1278/764
f 3286/1279/766 3281/1280/766 340/1276/766 3277/1275/766
f 3284/1278/762 3289/1281/762 3292/1282/770 3274/1274/770
f 3287/1279/771 3278/1275/772 341/1283/772 3290/1284/771
f 3247/1262/773 3285/1278/773 3282/1277/773 3250/1263/773
f 3264/1265/774 336/1268/774 343/1280/774 3288/1279/774
f 322/1278/775 308/1262/775 3268/1270/775 3291/1281/775
f 323/1279/776 342/1284/776 337/1271/776 309/1265/776
f 3299/1285/777 3257/1261/777 3293/1286/777 3296/1287/777
f 3261/1266/778 3303/1288/778 3297/1289/778 3294/1290/778
f 3300/1285/779 3307/1291/779 3265/1269/765 3255/1261/765
f 3259/1266/767 338/1272/767 345/1292/780 3304/1288/780
f 3301/1285/781 3298/1287/781 3308/1293/781 3311/1294/781
f 3305/1288/782 3315/1295/782 3309/1296/782 346/1289/782
f 3312/1294/783 3310/1293/783 3319/1297/783 3275/1274/783
f 3279/1275/784 3320/1298/784 347/1296/784 3316/1295/784
f 3313/1294/785 3274/1274/770 3292/1282/770 3322/1299/785
f 3278/1275/772 3317/1295/786 348/1300/786 341/1283/772
f 310/1261/787 324/1274/787 3321/1297/787 3295/1286/787
f 311/1266/788 344/1290/788 349/1298/788 325/1275/788
f 3329/1301/789 3302/1285/789 3323/1302/789 3326/1303/789
f 3306/1288/790 3333/1304/790 3327/1305/790 3324/1306/790
f 3330/1301/791 3337/1307/791 3307/1291/779 3300/1285/779
f 3304/1288/780 345/1292/780 351/1308/792 3334/1304/792
f 3331/1301/793 3328/1303/793 3338/1309/793 3341/1310/793
f 3335/1304/794 3345/1311/794 3339/1312/794 352/1305/794
f 3342/1310/795 3340/1309/795 3349/1313/795 3314/1294/795
f 3346/1311/796 3318/1295/796 3350/1314/796 353/1312/796
f 3343/1310/797 3313/1294/785 3322/1299/785 3352/1315/797
f 3317/1295/786 3347/1311/798 354/1316/798 348/1300/786
f 312/1285/799 326/1294/799 3351/1313/799 3325/1302/799
f 313/1288/800 350/1306/800 355/1314/800 327/1295/800
f 3332/1301/801 3353/1317/801 3356/1318/801 3359/1319/801
f 3363/1320/802 3357/1321/802 3354/1322/802 3336/1304/802
f 3330/1301/791 3360/1319/803 3367/1323/803 3337/1307/791
f 3334/1304/792 351/1308/792 357/1324/804 3364/1320/804
f 3361/1319/805 3358/1318/805 3368/1325/805 3371/1326/805
f 3365/1320/806 3375/1327/806 3369/1328/806 358/1321/806
f 3344/1310/807 3372/1326/807 3370/1325/807 3379/1329/807
f 3376/1327/808 3348/1311/808 3380/1330/808 359/1328/808
f 3343/1310/797 3352/1315/797 3382/1331/809 3373/1326/809
f 3377/1327/810 360/1332/810 354/1316/798 3347/1311/798
f 314/1301/811 328/1310/811 3381/1329/811 3355/1317/811
f 315/1304/812 356/1322/812 361/1330/812 329/1311/812
f 3362/1319/813 3383/1333/813 3386/1334/813 3389/1335/813
f 3393/1336/814 3387/1337/814 3384/1338/814 3366/1320/814
f 3360/1319/803 3390/1335/815 3397/1339/815 3367/1323/803
f 3394/1336/816 3364/1320/804 357/1324/804 363/1340/816
f 3391/1335/817 3388/1334/817 3398/1341/817 3401/1342/817
f 3395/1336/818 3405/1343/818 3399/1344/818 364/1337/818
f 3374/1326/819 3402/1342/819 3400/1341/819 3409/1345/819
f 3406/1343/820 3378/1327/820 3410/1346/820 365/1344/820
f 3373/1326/809 3382/1331/809 3412/1347/821 3403/1342/821
f 3407/1343/822 366/1348/822 360/1332/810 3377/1327/810
f 316/1319/823 330/1326/823 3411/1345/823 3385/1333/823
f 317/1320/824 362/1338/824 367/1346/824 331/1327/824
f 3392/1335/825 3413/1349/825 3416/1350/825 3419/1351/825
f 3422/1352/826 3417/1353/826 3414/1354/826 3396/1336/826
f 3420/1351/827 3425/1355/827 3397/1339/815 3390/1335/815
f 3423/1352/828 3394/1336/816 363/1340/816 3426/1356/828
f 3421/1351/829 3418/1350/829 3428/1357/829 3431/1358/829
f 3424/1352/830 3434/1359/830 3429/1360/830 370/1353/830
f 3432/1358/831 3437/1361/831 3427/1355/831 320/1351/831
f 3435/1359/832 321/1352/832 369/1356/832 3438/1362/832
f 3404/1342/827 3433/1358/827 3430/1357/827 3440/1363/827
f 3436/1359/828 3408/1343/828 3441/1364/828 372/1360/828
f 334/1358/825 3403/1342/821 3412/1347/821 3439/1361/825
f 335/1359/833 371/1362/833 366/1348/822 3407/1343/822
f 318/1335/834 332/1342/834 3442/1363/834 3415/1349/834
f 319/1336/835 368/1354/835 373/1364/835 333/1343/835
f 3454/1365/357 3455/1366/357 3469/1367/357 3468/1368/357
f 377/1026/357 378/1369/357 392/1370/357 3461/1023/357
f 3455/1366/357 3456/1371/357 3470/1372/357 3469/1367/357
f 378/1369/357 3448/1373/357 393/1374/357 392/1370/357
f 3456/1371/357 3457/1375/357 3471/1376/357 3470/1372/357
f 3464/1377/357 3450/1378/357 3449/1379/357 3463/1380/357
f 3457/1375/357 3458/1030/357 3472/1029/357 3471/1376/357
f 3463/1380/357 3449/1379/357 3451/1381/357 3465/1382/357
f 3464/1377/357 393/1374/357 3448/1373/357 3450/1378/357
f 3465/1382/357 3451/1381/357 3452/1383/357 3466/1384/357
f 3466/1384/357 3452/1383/357 3453/1385/357 3467/1386/357
f 3467/1386/357 3453/1385/357 3454/1365/357 3468/1368/357
f 408/1387/836 382/1381/837 381/1388/838 409/1389/839
f 385/1365/669 384/1385/671 406/1390/672 405/1391/670
f 406/1390/672 384/1385/671 383/1383/677 3481/1392/678
f 386/1366/667 385/1365/669 405/1391/670 404/1393/668
f 380/1394/840 387/1371/841 403/1395/842 402/1396/843
f 409/1389/839 381/1388/838 379/1064/658 3483/1063/657
f 395/1083/680 396/1382/844 417/1397/845 416/1082/679
f 396/1382/844 397/1384/660 418/1398/661 417/1397/845
f 397/1384/660 398/1386/846 419/1399/63 418/1398/661
f 3481/1392/678 383/1383/677 382/1381/837 408/1387/836
f 398/1386/846 399/1368/847 420/1400/65 419/1399/63
f 374/1086/684 380/1394/840 402/1396/843 3477/1085/683
f 420/1400/65 399/1368/847 400/1367/655 421/1401/654
f 421/1401/654 400/1367/655 401/1372/848 422/1402/849
f 422/1402/849 401/1372/848 394/1077/674 415/1076/673
f 387/1371/841 386/1366/667 404/1393/668 403/1395/842
f 423/1090/357 424/1403/357 432/1404/357 3491/1087/357
f 424/1403/357 3485/1405/357 433/1406/357 432/1404/357
f 3495/1407/357 3487/1408/357 3486/1409/357 3494/1410/357
f 3494/1410/357 3486/1409/357 3488/1411/357 3496/1412/357
f 3495/1407/357 433/1406/357 3485/1405/357 3487/1408/357
f 3496/1412/357 3488/1411/357 3489/1413/357 3497/1414/357
f 3497/1414/357 3489/1413/357 3490/566/357 3498/1415/357
f 3500/1416/836 427/1411/837 426/1417/838 3501/1418/839
f 3499/565/357 3498/1415/357 3490/566/357
f 3503/1419/672 429/566/671 428/1413/677 3504/1420/678
f 3501/1418/839 426/1417/838 425/1096/658 3505/1095/657
f 434/1104/680 435/1412/844 447/1421/845 446/1103/679
f 435/1412/844 436/1414/660 448/1422/661 447/1421/845
f 436/1414/660 437/1415/846 449/1423/63 448/1422/661
f 3504/1420/678 428/1413/677 427/1411/837 3500/1416/836
f 449/1423/63 437/1415/846 1892/1424/847 1904/1425/65
f 1884/564/669 429/566/671 3503/1419/672 3502/1426/670
f 3519/1427/850 3521/1428/850 3528/1429/850 3527/1430/850
f 4267/1431/850 3530/1432/850 3523/1433/850 3525/1434/850
f 451/1435/851 453/1436/851 460/1437/851 459/1438/851
f 3516/1439/852 458/1440/852 461/1441/852 3518/1442/852
f 3533/1443/853 3531/1444/853 3511/1445/853 3513/1446/853
f 3535/1447/853 3534/1448/853 3515/1449/853 3517/1450/853
f 468/170/66 466/1451/66 463/1452/66 456/171/66
f 3529/1453/47 465/1454/47 467/165/47 454/164/47
f 539/1455/47 470/174/47 455/173/47 3532/1456/47
f 457/168/66 471/167/66 469/1457/66 464/1458/66
f 483/1459/854 487/1460/854 488/1461/854 3551/1462/854
f 3539/1463/855 3536/1464/855 477/1465/855 478/1466/855
f 3547/1467/855 3544/1468/855 485/1469/855 486/1470/855
f 3543/1471/854 475/1472/854 479/1473/854 480/1474/854
f 3541/1473/856 3540/1472/856 3537/1465/856 481/1464/856
f 476/1475/857 3542/1476/857 482/1463/857 3538/1466/857
f 3548/1459/856 3545/1469/856 489/1468/856 3549/1460/856
f 3550/1477/858 490/1467/858 3546/1470/858 484/1478/858
f 491/1479/859 495/1480/859 496/1481/859 3559/1482/859
f 3555/1483/855 3552/1484/855 493/1485/855 494/1486/855
f 3557/1480/860 3556/1479/860 3553/1485/860 497/1484/860
f 3558/1487/858 498/1483/858 3554/1486/858 492/1488/858
f 499/1489/859 503/1490/859 504/1491/859 3567/1492/859
f 3563/1493/855 3560/1494/855 501/1495/855 502/1496/855
f 3565/1490/860 3564/1489/860 3561/1495/860 505/1494/860
f 3566/1497/857 506/1493/857 3562/1496/857 500/1498/857
f 507/1499/854 511/1500/854 512/1501/854 3575/1502/854
f 3571/1503/855 3568/1504/855 509/1505/855 510/1506/855
f 3573/1500/856 3572/1499/856 3569/1505/856 513/1504/856
f 3574/1507/857 514/1503/857 3570/1506/857 508/1508/857
f 3583/1509/859 515/1510/859 519/1511/859 520/1512/859
f 3579/1513/861 3576/1514/861 517/1515/861 518/1516/861
f 3581/1511/856 3580/1510/856 3577/1515/856 521/1514/856
f 516/1517/857 3582/1518/857 522/1513/857 3578/1516/857
f 523/1519/859 527/1520/859 528/1521/859 3591/1522/859
f 3587/1523/855 3584/1524/855 525/1525/855 526/1526/855
f 3589/1520/860 3588/1519/860 3585/1525/860 529/1524/860
f 3590/1527/857 530/1523/857 3586/1526/857 524/1528/857
f 531/1529/859 535/1530/859 536/1531/859 3599/1532/859
f 3595/1533/855 3592/1534/855 533/1535/855 534/1536/855
f 3596/1537/856 3593/1535/856 537/1534/856 3597/1538/856
f 532/1532/857 3598/1531/857 538/1533/857 3594/1536/857
f 540/1539/859 544/1540/859 545/1541/859 3607/1542/859
f 3526/1434/47 539/1455/47 3532/1456/47
f 463/1452/66 466/1451/66 3524/1433/66
f 3522/1428/47 465/1454/47 3529/1453/47
f 464/1458/66 469/1457/66 3520/1427/66
f 3600/1543/855 542/1544/855 543/1545/855 3603/1546/855
f 3604/1539/856 3601/1544/856 546/1543/856 3605/1540/856
f 3606/1547/858 547/1546/858 3602/1545/858 541/1548/858
f 3630/1549/66 3628/1550/66 3612/1551/66 3614/1552/66
f 442/1553/357 443/1554/357 444/1555/357 170/1556/357 169/1557/357 168/1558/357 1612/1559/357 438/1560/357 439/1561/357 440/1562/357 441/1563/357
f 3616/1564/862 3609/1565/862 3615/1552/862 3618/1566/862
f 3620/1567/66 3617/1564/66 3619/1566/66 3622/1568/66
f 3638/1569/863 3640/1570/863 3623/1568/863 3613/1571/863
f 3610/1572/864 3608/1565/864 554/1564/864 3621/1567/864
f 549/1551/865 553/1568/865 555/1566/865 551/1552/865
f 3624/1573/66 550/1565/66 3611/1572/66 3626/1574/66
f 3630/1549/66 3614/1552/66 550/1565/66 3624/1573/66
f 3626/1574/66 3611/1572/66 3612/1571/66 3628/1575/66
f 560/1576/34 3627/1574/34 3629/1575/34 3633/1577/34
f 561/1578/344 557/1550/344 3631/1549/344 3634/1579/344
f 3635/1580/46 3625/1573/46 556/1574/46 3632/1576/46
f 563/1579/35 559/1549/35 558/1573/35 562/1580/35
f 3647/1581/866 3649/1582/866 3641/1570/866 3639/1569/866
f 3642/1583/863 552/1567/863 3623/1568/863 3640/1570/863
f 3638/1569/863 3613/1571/863 548/1572/863 3636/1584/863
f 3636/1584/863 548/1572/863 552/1567/863 3642/1583/863
f 3644/1585/863 3650/1586/863 3648/1587/863 3646/1588/863
f 3651/1589/867 3643/1583/867 566/1570/867 570/1582/867
f 3645/1590/868 3637/1584/868 567/1583/868 571/1589/868
f 569/1581/869 565/1569/869 564/1584/869 568/1590/869
f 3672/1591/66 3656/1592/66 3658/1593/66 3674/1594/66
f 3660/1595/862 3653/1596/862 3659/1593/862 3662/1597/862
f 3664/1598/66 3661/1595/66 3663/1597/66 3666/1599/66
f 3682/1600/863 3684/1601/863 3667/1599/863 3657/1602/863
f 3654/1603/864 3652/1596/864 578/1595/864 3665/1598/864
f 577/1599/865 579/1597/865 575/1593/865 573/1592/865
f 3668/1604/66 574/1596/66 3655/1603/66 3670/1605/66
f 3674/1594/66 3658/1593/66 574/1596/66 3668/1604/66
f 3672/1606/66 3670/1605/66 3655/1603/66 3656/1602/66
f 584/1607/34 3671/1605/34 3673/1606/34 3677/1608/34
f 585/1609/344 581/1591/344 3675/1594/344 3678/1610/344
f 3679/1611/46 3669/1604/46 580/1605/46 3676/1607/46
f 587/1610/35 583/1594/35 582/1604/35 586/1611/35
f 3693/1612/866 3685/1601/866 3683/1600/866 3691/1613/866
f 3686/1614/863 576/1598/863 3667/1599/863 3684/1601/863
f 3682/1600/863 3657/1602/863 572/1603/863 3680/1615/863
f 3680/1615/863 572/1603/863 576/1598/863 3686/1614/863
f 3690/1616/863 3688/1617/863 3694/1618/863 3692/1619/863
f 3695/1620/867 3687/1614/867 590/1601/867 594/1612/867
f 595/1620/868 3689/1621/868 3681/1615/868 591/1614/868
f 593/1613/869 589/1600/869 588/1615/869 592/1621/869
f 3701/1622/47 3696/1623/47 3697/1624/47 3699/1625/47
f 3704/1626/35 598/1622/35 3700/1625/35 3702/1627/35
f 3707/1628/66 602/1626/66 3703/1627/66 3705/1629/66
f 596/1623/34 600/1628/34 3706/1629/34 3698/1624/34
f 3713/1630/47 3708/1631/47 3709/1632/47 3711/1633/47
f 597/1624/344 601/1629/344 603/1627/344 599/1625/344
f 3716/1634/35 606/1630/35 3712/1633/35 3714/1635/35
f 3719/1636/66 610/1634/66 3715/1635/66 3717/1637/66
f 604/1631/34 608/1636/34 3718/1637/34 3710/1632/34
f 609/1637/344 611/1635/344 607/1633/344 605/1632/344
f 3725/1638/47 3720/1639/47 3721/1640/47 3723/1641/47
f 3728/1642/35 614/1638/35 3724/1641/35 3726/1643/35
f 3731/1644/66 618/1642/66 3727/1643/66 3729/1645/66
f 612/1639/34 616/1644/34 3730/1645/34 3722/1640/34
f 617/1645/344 619/1643/344 615/1641/344 613/1640/344
f 3737/1646/47 3732/1647/47 3733/1648/47 3735/1649/47
f 3740/1650/35 622/1646/35 3736/1649/35 3738/1651/35
f 3743/1652/66 626/1650/66 3739/1651/66 3741/1653/66
f 620/1647/34 624/1652/34 3742/1653/34 3734/1648/34
f 625/1653/344 627/1651/344 623/1649/344 621/1648/344
f 3749/1654/47 3744/1655/47 3745/1656/47 3747/1657/47
f 3752/1658/35 630/1654/35 3748/1657/35 3750/1659/35
f 3755/1660/66 634/1658/66 3751/1659/66 3753/1661/66
f 628/1655/34 632/1660/34 3754/1661/34 3746/1656/34
f 633/1661/344 635/1659/344 631/1657/344 629/1656/344
f 3759/1662/47 3761/1663/47 3756/1664/47 3757/1665/47
f 3764/1666/35 638/1663/35 3760/1662/35 3762/1667/35
f 3767/1668/66 642/1666/66 3763/1667/66 3765/1669/66
f 636/1664/34 640/1668/34 3766/1669/34 3758/1665/34
f 641/1669/344 643/1667/344 639/1662/344 637/1665/344
f 3773/1670/47 3768/1671/47 3769/1672/47 3771/1673/47
f 3776/1674/35 646/1670/35 3772/1673/35 3774/1675/35
f 3779/1676/66 650/1674/66 3775/1675/66 3777/1677/66
f 644/1671/34 648/1676/34 3778/1677/34 3770/1672/34
f 649/1677/344 651/1675/344 647/1673/344 645/1672/344
f 3802/1678/870 674/1679/870 3804/1680/870 3805/1681/870
f 673/1680/871 680/1682/871 681/1683/871 672/1681/871
f 3786/1684/872 3787/1685/872 3784/1686/872 3785/1687/872
f 3814/1688/873 690/1689/873 691/1690/873 3815/1691/873
f 3789/1692/874 3788/1693/874 670/1694/874 671/1695/874
f 3791/1696/875 656/1685/875 657/1684/875 3790/1697/875
f 677/1698/876 3807/1699/876 3803/1679/876 675/1678/876
f 3799/1694/877 3781/1700/877 3780/1701/877 3798/1695/877
f 3795/1702/34 658/1696/34 659/1697/34 3794/1703/34
f 667/1704/878 3793/1705/878 3783/1706/878 3782/1707/878
f 668/1708/879 666/1705/879 3792/1704/879 669/1709/879
f 3796/1710/880 3797/1711/880 660/1702/880 661/1703/880
f 3801/1712/881 676/1699/881 3806/1698/881 3800/1713/881
f 3809/1682/882 678/1714/882 679/1715/882 3808/1683/882
f 654/1716/883 662/1711/883 663/1710/883 655/1717/883
f 664/1706/884 653/1693/884 652/1692/884 665/1707/884
f 3819/1689/885 3811/1718/885 3810/1719/885 3818/1690/885
f 3817/1720/886 3813/1721/886 3812/1722/886 687/1723/886
f 688/1718/887 686/1720/887 3816/1723/887 689/1719/887
f 684/1721/888 683/1724/888 682/1725/888 685/1722/888
f 3856/1726/889 3863/1727/890 692/212/101 702/1728/891
f 3831/1729/892 3841/1730/893 693/1727/893 703/1726/892
f 695/1731/894 694/1730/894 704/1729/895 3887/1732/895
f 3847/1733/896 696/1734/896 705/1735/897 3829/1736/898
f 699/1737/899 698/1738/899 3901/1739/900 3891/1740/900
f 3825/1741/901 3880/1742/902 3899/1737/902 708/1740/901
f 3836/1743/903 700/1742/903 709/1741/904 3853/1744/904
f 710/1745/905 702/1746/891 692/1747/101 701/215/104
f 3857/1748/906 3856/1726/889 702/1728/891 711/1749/907
f 3832/1750/908 3831/1729/892 703/1726/892 712/1748/908
f 3887/1732/895 704/1729/895 713/1750/909 714/1751/909
f 3829/1736/898 705/1735/897 715/1752/910 3830/1753/911
f 3891/1740/900 3901/1739/900 3895/1754/912 718/1755/912
f 3826/1756/913 3825/1741/901 708/1740/901 3858/1755/913
f 3900/1757/914 3853/1744/904 709/1741/904 719/1756/914
f 702/1746/891 710/1745/905 721/1758/915 711/1759/907
f 720/1757/916 721/1758/915 710/1745/905
f 837/223/111 3857/1748/906 711/1749/907 722/224/112
f 3832/1750/908 712/1748/908 723/223/917 842/1760/917
f 714/1751/909 713/1750/909 724/1761/170 725/222/170
f 3830/1753/911 715/1752/910 726/219/107 838/221/109
f 3870/222/110 726/219/107 715/1752/910
f 729/1762/918 718/1755/912 3895/1754/912 844/1763/918
f 834/1764/114 3826/1756/913 3858/1755/913 3859/1765/114
f 840/1766/167 3900/1757/914 719/1756/914 730/1764/167
f 721/1758/915 720/1757/916 731/217/105 732/218/106
f 722/1767/112 711/1759/907 721/1758/915 732/218/106
f 742/177/68 836/176/67 733/1768/75 741/185/74
f 3842/1738/919 3843/1769/919 815/1770/919 805/1771/919 797/1772/919 3882/1773/919 777/1774/919 766/1775/919 3824/1776/919 3823/1777/919 3886/1778/919 728/1779/919 717/1754/919 707/1739/919
f 735/1780/920 734/178/920 743/1781/921 744/1782/921
f 833/181/169 843/1783/169 3846/1782/922 3875/1784/922
f 3840/188/78 839/220/108 737/180/71 745/179/70
f 748/1785/923 831/1786/924 845/1787/924 747/1777/923
f 746/1788/925 3848/1789/925 3849/1790/925 3873/1791/925 785/1792/925 796/1793/925 3820/1794/925 3821/1795/925 824/1796/925 697/1797/925 706/1798/925 716/1799/925 727/1800/925 738/1801/925
f 3879/1802/926 835/1803/113 832/1804/113 3898/1785/926
f 3851/189/927 841/1805/168 739/1806/168 749/1802/927
f 846/182/73 740/1807/928 750/189/79 741/183/74
f 753/1808/929 744/1782/921 743/1781/921 752/192/929
f 751/186/76 3845/192/82 742/177/68
f 754/193/930 3875/1784/922 3846/1782/922 3885/1808/930
f 748/1785/923 747/1777/923 756/1776/931 3878/1809/931
f 745/179/70 3892/193/83 755/187/77
f 3879/1802/926 3898/1785/926 757/1809/932 3850/1810/932
f 3851/189/927 749/1802/927 758/1810/933 3852/1811/933
f 753/1808/929 752/192/929 762/1812/934 763/1813/934
f 759/190/80 751/196/76 741/183/74
f 751/186/76 760/1814/85 761/191/81
f 754/193/930 3885/1808/930 3876/1813/893 3864/1815/893
f 3854/1816/935 3878/1809/931 756/1776/931 3884/1775/935
f 755/187/77 764/194/84 765/1817/936
f 3835/1818/903 3850/1810/932 757/1809/932 767/1816/903
f 3852/1811/933 758/1810/933 768/1818/902 769/1819/902
f 771/197/86 761/191/81 760/1814/85 770/1820/937
f 3902/1819/938 760/195/85 759/190/80
f 3877/1821/895 763/1813/934 762/1812/934 772/199/895
f 771/197/86 3871/199/88 761/191/81
f 3865/202/892 3864/1815/893 3876/1813/893 773/1821/892
f 765/1817/936 764/194/84 775/201/90 776/1822/939
f 764/194/84 774/202/91 775/201/90
f 3855/1823/940 3854/1816/935 3884/1775/935 3881/1774/940
f 3835/1818/903 767/1816/903 778/1823/904 3833/1824/904
f 769/1819/902 768/1818/902 779/1824/901 780/1825/901
f 760/195/85 3902/1819/938 3860/1825/941 770/1826/937
f 771/197/86 770/1820/937 781/1827/942 782/198/87
f 3877/1821/895 772/199/895 3866/1828/909 3896/1829/909
f 3865/202/892 773/1821/892 783/1829/908 3822/1830/908
f 3874/1831/943 776/1822/939 775/201/90 784/200/89
f 3827/1832/944 3855/1823/940 3881/1774/940 786/1773/944
f 788/1833/914 3833/1824/904 778/1823/904 787/1832/914
f 3861/1834/913 780/1825/901 779/1824/901 3834/1833/913
f 770/1826/937 3860/1825/941 789/1834/945 781/1835/942
f 782/198/87 781/1827/942 790/234/120 791/233/119
f 847/1836/170 3896/1829/909 3866/1828/909 792/1837/170
f 791/233/119 856/1838/946 782/198/87
f 3822/1830/908 783/1829/908 793/1839/917 851/230/917
f 3874/1831/943 784/200/89 795/229/116 830/1840/947
f 784/200/89 794/230/117 795/229/116
f 3827/1832/944 786/1773/944 829/1772/105 3828/1841/105
f 853/227/167 788/1833/914 787/1832/914 798/1841/167
f 3861/1834/913 3834/1833/913 799/227/114 800/1842/114
f 801/236/122 781/1835/942 789/1834/945 3897/1843/948
f 795/229/116 803/231/118 804/1844/949 830/1840/947
f 801/236/122 790/237/120 781/1835/942
f 3883/1845/950 3828/1841/105 829/1772/105 3890/1771/950
f 809/208/97 802/235/121 850/232/93 808/1846/92
f 857/1847/176 802/235/121 809/208/97 810/207/96
f 811/1848/922 848/1849/169 858/1850/169 3905/207/922
f 3872/211/921 852/1851/920 3906/1852/920 3894/1848/921
f 813/210/99 803/231/118 3908/228/115 812/211/100
f 804/1844/949 803/231/118 813/210/99 814/1853/951
f 3883/1845/950 3890/1771/950 3869/1770/952 3838/1854/952
f 854/1855/168 855/1856/168 816/1854/953 3862/1857/953
f 849/226/113 806/225/113 817/1857/926 818/1858/926
f 808/203/92 807/205/94 3907/1859/954 3893/1858/955
f 809/208/97 808/1846/92 819/213/102 820/206/95
f 3844/1860/930 811/1848/922 3905/207/922 3867/1861/930
f 3872/211/921 3894/1848/921 821/1860/929 822/1862/929
f 3868/1863/956 814/1853/951 813/210/99 823/209/98
f 826/1864/957 3838/1854/952 3869/1770/952 825/1769/957
f 3888/1865/933 3862/1857/953 816/1854/953 3839/1864/933
f 818/1858/926 817/1857/926 827/1865/932 3837/214/932
f 819/216/102 808/203/92 3893/1858/955 828/214/103
f 3841/1730/893 3844/1860/930 3867/1861/930 693/1727/893
f 820/206/95 692/212/101 3863/1727/890
f 695/1731/894 822/1862/929 821/1860/929 694/1730/894
f 3847/1733/896 3868/1863/956 823/209/98 696/1734/896
f 826/1864/957 825/1769/957 698/1738/899 699/1737/899
f 3880/1742/902 3888/1865/933 3839/1864/933 3899/1737/902
f 3837/214/932 827/1865/932 700/1742/903 3836/1743/903
f 840/1766/167 730/1764/167 739/1806/168 841/1805/168
f 701/215/104 692/1747/101 819/216/102
f 732/218/106 846/182/73 722/1767/112
f 846/182/73 733/184/75 722/1767/112
f 731/217/105 740/1807/928 846/182/73
f 831/1786/924 729/1762/918 844/1763/918 845/1787/924
f 3859/1765/114 832/1804/113 834/1764/114
f 832/1804/113 835/1803/113 834/1764/114
f 725/222/170 724/1761/170 843/1783/169 833/181/169
f 726/219/107 737/180/71 839/220/108
f 735/1780/920 842/1760/917 723/223/917 734/178/920
f 853/227/167 798/1841/167 855/1856/168 854/1855/168
f 836/176/67 3904/178/69 837/223/111
f 722/224/112 733/1768/75 836/176/67
f 3897/1843/948 3907/1859/954 801/236/122
f 3907/1859/954 807/205/94 801/236/122
f 799/227/114 849/226/113 800/1842/114
f 851/230/917 793/1839/917 3906/1852/920 852/1851/920
f 857/1847/176 856/1838/946 791/233/119 802/235/121
f 792/1837/170 848/1849/169 847/1836/170
f 792/1837/170 858/1850/169 848/1849/169
f 3919/1866/892 3929/1867/893 860/239/893 871/1868/892
f 859/240/125 869/1869/958 870/238/123
f 862/1870/894 861/1867/894 872/1866/895 3974/244/895
f 866/1871/899 865/1872/899 3987/1873/900 3978/1874/900
f 873/244/129 874/241/126 863/243/128
f 3914/1875/901 3967/1876/902 3985/1871/902 877/1874/901
f 3924/1877/903 867/1876/903 878/1875/904 3942/1878/904
f 881/247/132 870/238/123 869/1869/958 880/248/133
f 868/1879/959 879/1878/960 869/1880/958
f 859/1881/125 868/1879/959 869/1880/958
f 3920/1882/908 3919/1866/892 871/1868/892 882/1883/908
f 3974/244/895 872/1866/895 883/1882/909 884/1884/909
f 3978/1874/900 3987/1873/900 3981/1885/912 888/1886/912
f 885/245/130 3918/1887/961 874/241/126
f 3915/1888/913 3914/1875/901 877/1874/901 3945/1886/913
f 3986/1889/914 3942/1878/904 878/1875/904 889/1888/914
f 869/1880/958 879/1878/960 890/1889/962 880/1890/133
f 3920/1882/908 882/1883/908 892/1891/917 1011/296/917
f 881/247/132 891/246/131 1005/298/171
f 884/1884/909 883/1882/909 893/296/170 894/295/170
f 3918/1887/961 885/245/130 895/1892/107 1007/1893/109
f 3957/293/110 895/1892/107 885/245/130
f 898/1894/918 888/1886/912 3981/1885/912 1014/1895/918
f 1001/289/114 3915/1888/913 3945/1886/913 3946/1896/114
f 1009/291/167 3986/1889/914 889/1888/914 899/289/167
f 880/1890/133 890/1889/962 900/287/165 901/288/166
f 880/1890/133 901/288/166 891/1897/131
f 897/1895/919 887/1885/919 876/1873/919 3930/1872/919 3931/1898/919 982/1899/919 973/1900/919 964/1901/919 3969/1902/919 945/1903/919 934/1904/919 3913/1905/919 3912/1906/919 3973/1907/919
f 3941/259/143 1006/1908/963 1004/250/135 908/249/134
f 1012/1909/920 903/1910/920 909/259/921 910/1911/921
f 1000/297/169 1013/294/169 3934/1911/922 3962/1912/922
f 3928/1913/964 1008/1914/108 1003/253/138 911/252/137
f 896/1915/925 905/1916/925 912/1917/925 3936/1918/925 3937/1919/925 3960/1920/925 953/1921/925 963/1922/925 3909/1923/925 3910/1924/925 991/1925/925 864/1926/925 875/1927/925 886/1928/925
f 914/1929/923 998/1930/924 1015/1931/924 913/1906/923
f 3966/1932/926 1002/292/113 999/1933/113 3984/1929/926
f 3939/1934/927 1010/290/168 906/292/168 915/1932/927
f 902/1935/136 1016/256/140 916/255/139 908/261/134
f 920/1936/929 910/1911/921 909/259/921 919/1937/929
f 908/249/134 917/263/144 918/258/142
f 3962/1912/922 3934/1911/922 3972/1936/930 921/1938/930
f 3928/1913/964 911/252/137 922/1939/965 923/1940/966
f 914/1929/923 913/1906/923 924/1905/931 3965/1941/931
f 3966/1932/926 3984/1929/926 925/1941/932 3938/1942/932
f 3939/1934/927 915/1932/927 926/1942/933 3940/264/933
f 920/1936/929 919/1937/929 929/1943/934 930/1944/934
f 916/255/139 927/264/146 917/260/144
f 928/262/145 3933/1943/967 918/258/142
f 921/1938/930 3972/1936/930 3963/1944/893 3951/268/893
f 923/1940/966 922/1939/965 932/267/149 933/1945/968
f 922/1939/965 931/268/150 932/267/149
f 3943/1946/935 3965/1941/931 924/1905/931 3971/1904/935
f 3923/1947/903 3938/1942/932 925/1941/932 935/1946/903
f 3940/264/933 926/1942/933 936/1947/902 937/1948/902
f 3933/1943/967 928/262/145 940/272/153 3958/1949/969
f 917/260/144 938/265/147 928/270/145
f 928/262/145 939/273/151 940/272/153
f 3964/1950/895 930/1944/934 929/1943/934 941/1949/895
f 3952/1951/892 3951/268/893 3963/1944/893 942/1950/892
f 944/1952/970 933/1945/968 932/267/149 943/266/148
f 3944/1953/940 3943/1946/935 3971/1904/935 3968/1903/940
f 3923/1947/903 935/1946/903 946/1953/904 3921/1954/904
f 937/1948/902 936/1947/902 947/1954/901 948/275/901
f 950/1955/971 3958/1949/969 940/272/153 949/271/152
f 3947/275/155 939/269/151 938/265/147
f 3964/1950/895 941/1949/895 3953/1955/909 3982/1956/909
f 3952/1951/892 942/1950/892 951/1956/908 3911/1957/908
f 3961/1958/972 944/1952/970 943/266/148 952/1959/973
f 3916/1960/944 3944/1953/940 3968/1903/940 954/1902/944
f 956/1961/914 3921/1954/904 946/1953/904 955/1960/914
f 3948/1962/913 948/275/901 947/1954/901 3922/1961/913
f 950/1955/971 949/271/152 958/313/175 1027/312/174
f 939/269/151 957/274/154 949/1963/152
f 3982/1956/909 3953/1955/909 959/309/172 1017/308/172
f 1022/1964/917 3911/1957/908 951/1956/908 960/308/917
f 3961/1958/972 952/1959/973 962/304/116 997/1965/947
f 952/1959/973 961/305/117 962/304/116
f 3916/1960/944 954/1902/944 996/1966/105 3917/299/105
f 1024/301/167 956/1961/914 955/1960/914 965/299/167
f 967/1967/114 3948/1962/913 3922/1961/913 966/1968/114
f 949/1963/152 957/274/154 968/314/177 958/315/175
f 957/274/154 3983/1969/974 968/314/177
f 997/1965/947 962/304/116 971/306/118 972/1970/949
f 3970/1971/950 3917/299/105 996/1966/105 3977/1900/950
f 976/280/159 970/311/173 969/1972/157 975/281/156
f 1028/307/176 970/311/173 976/280/159 977/1973/975
f 978/1974/922 1018/310/169 3992/307/169 3989/1973/922
f 3959/284/921 1023/303/920 1019/1975/920 3980/1974/921
f 980/283/161 971/306/118 3990/303/115 979/284/162
f 972/1970/949 971/306/118 980/283/161 981/1976/976
f 3970/1971/950 3977/1900/950 3956/1899/952 3926/1977/952
f 1025/300/168 1026/302/168 983/1977/953 3949/1978/953
f 985/285/926 1020/1979/113 3991/1980/113 984/1978/926
f 975/276/156 974/278/94 1021/1981/954 3979/285/163
f 977/1973/975 976/280/159 986/279/158 987/1982/977
f 978/1974/922 3989/1973/922 3954/1982/930 3932/1983/930
f 3959/284/921 3980/1974/921 988/1983/929 989/1984/929
f 3955/1985/978 981/1976/976 980/283/161 990/282/160
f 993/1986/957 3926/1977/952 3956/1899/952 992/1898/957
f 3975/1987/933 3949/1978/953 983/1977/953 3927/1986/933
f 3925/1988/932 985/285/926 984/1978/926 994/1987/932
f 3950/239/124 987/1982/977 986/279/158 859/240/125
f 975/276/156 995/286/164 986/1989/158
f 3929/1867/893 3932/1983/930 3954/1982/930 860/239/893
f 862/1870/894 989/1984/929 988/1983/929 861/1867/894
f 3955/1985/978 990/282/160 863/243/128 3935/242/127
f 993/1986/957 992/1898/957 865/1872/899 866/1871/899
f 3967/1876/902 3975/1987/933 3927/1986/933 3985/1871/902
f 3925/1988/932 994/1987/932 867/1876/903 3924/1877/903
f 859/1881/125 986/1989/158 995/286/164 868/1879/959
f 902/1935/136 891/1897/131 901/288/166 1016/256/140
f 1001/289/114 3946/1896/114 999/1933/113 1002/292/113
f 900/287/165 907/257/141 1016/256/140
f 998/1930/924 898/1894/918 1014/1895/918 1015/1931/924
f 1007/1893/109 895/1892/107 1003/253/138 1008/1914/108
f 1012/1909/920 1011/296/917 892/1891/917 903/1910/920
f 3957/293/110 1003/253/138 895/1892/107
f 968/314/177 3983/1969/974 1021/1981/954 974/278/94
f 1004/250/135 1006/1908/963 1005/298/171
f 902/251/136 1004/250/135 891/246/131
f 4014/1990/893 1031/1991/893 1041/1992/892 4004/1993/892
f 966/1968/114 3991/1980/113 967/1967/114
f 3991/1980/113 1020/1979/113 967/1967/114
f 960/308/917 1023/303/920 1022/1964/917
f 960/308/917 1019/1975/920 1023/303/920
f 969/1972/157 970/311/173 958/313/175
f 1030/317/179 1040/316/178 4031/1992/979
f 4064/1994/895 1033/1995/894 1032/1990/894 1042/1993/895
f 4021/1996/896 1034/1997/896 1043/1998/980 4002/1999/981
f 1037/2000/899 1036/2001/899 4078/2002/900 4068/2003/900
f 3998/2004/901 4057/2005/902 4076/2000/902 1046/2003/901
f 4028/2006/904 4009/321/903 1038/2005/903 1047/2004/904
f 4032/2007/982 4031/1992/979 1040/316/178 1049/2008/185
f 4004/1993/892 1041/1992/892 1050/2007/908 4005/2009/908
f 4064/1994/895 1042/1993/895 1051/2009/909 1052/2010/909
f 4002/1999/981 1043/1998/980 1053/2011/983 4003/2012/984
f 1043/1998/980 4045/2010/985 1053/2011/983
f 4068/2003/900 4078/2002/900 4072/2013/912 1056/2014/912
f 3999/2015/913 3998/2004/901 1046/2003/901 4033/2014/913
f 4077/2016/914 4028/2006/904 1047/2004/904 1057/2015/914
f 1040/322/178 1048/319/181 1058/323/183 1049/325/185
f 1166/2017/986 4032/2007/982 1049/2008/185 1060/2018/987
f 1059/2019/184 1060/2018/987 1049/2008/185
f 4005/2009/908 1050/2007/908 1061/2017/917 1172/2020/917
f 1052/2010/909 1051/2009/909 1062/2020/170 1063/361/170
f 1053/2011/983 4045/2010/985 4046/361/211 1064/360/210
f 1168/359/209 4003/2012/984 1053/2011/983 1064/360/210
f 1067/2021/918 1056/2014/912 4072/2013/912 1175/2022/918
f 1163/2023/114 3999/2015/913 4033/2014/913 4034/2024/114
f 1170/2025/167 4077/2016/914 1057/2015/914 1068/2026/167
f 1069/358/208 1059/324/184 1058/323/183
f 4027/2027/988 1167/2028/989 1070/2029/990 1076/2030/991
f 1110/2031/919 1100/2032/919 3997/2033/919 3996/2034/919 4063/2035/919 1066/2022/919 1055/2013/919 1045/2002/919 4015/2001/919 4016/2036/919 1145/2037/919 1136/2038/919 1130/2039/919 4059/2040/919
f 1078/2041/921 1173/2042/920 1071/2028/920 1077/2027/921
f 4051/363/169 1174/362/169 4020/2041/922 4052/2043/922
f 4013/2044/992 1169/2045/108 1165/327/71 1079/326/186
f 1035/2046/925 1044/2047/925 1054/2048/925 1065/2049/925 1073/2050/925 1080/2051/925 4022/2052/925 4023/2053/925 4049/2054/925 1119/2055/925 1129/2056/925 3993/2057/925 3994/2058/925 1154/2059/925
f 1082/2060/993 1161/2061/924 1176/2035/924 1081/2034/993
f 4056/2062/926 1164/2063/113 1162/2064/113 4075/2060/926
f 1171/2065/168 1074/2066/168 1083/2062/927 4025/2067/927
f 1070/2068/990 1177/331/188 1084/330/187 1076/2069/991
f 4018/2070/994 4027/2027/988 1076/2030/991 1085/2071/995
f 1078/2041/921 1077/2027/921 1086/2070/929 1087/2072/929
f 1088/2073/930 4052/2043/922 4020/2041/922 4062/2072/930
f 4013/2044/992 1079/326/186 1089/332/189 1090/334/191
f 1079/326/186 4069/2073/996 1089/332/189
f 1082/2060/993 1081/2034/993 1091/2033/931 4055/2074/931
f 4056/2062/926 4075/2060/926 1092/2074/932 4024/2075/932
f 4025/2067/927 1083/2062/927 1093/2075/933 4026/2076/933
f 1076/2069/991 1084/330/187 1094/2077/997 1085/2078/995
f 4019/2079/998 4018/2070/994 1085/2071/995 1095/2080/999
f 1087/2072/929 1086/2070/929 1096/2079/894 1097/2081/894
f 1088/2073/930 4062/2072/930 4053/2081/893 4039/335/893
f 1089/332/189 4069/2073/996 1098/335/192 1099/333/190
f 4055/2074/931 1091/2033/931 4061/2032/1000 4029/2082/1000
f 4008/2083/903 4024/2075/932 1092/2074/932 1101/2082/903
f 4026/2076/933 1093/2075/933 1102/2083/902 1103/2084/902
f 1085/2078/995 1094/2077/997 1104/2085/1001 1095/2086/999
f 4019/2079/998 1095/2080/999 1105/339/196 4047/338/195
f 4054/2087/895 1097/2081/894 1096/2079/894 1106/338/895
f 4040/2088/892 4039/335/893 4053/2081/893 1107/2087/892
f 4030/2089/940 4029/2082/1000 4061/2032/1000 4058/2031/940
f 1099/333/190 1108/336/193 1109/2090/1002
f 4008/2083/903 1101/2082/903 1111/2089/904 4006/2091/904
f 1103/2084/902 1102/2083/902 1112/2091/901 1113/2092/901
f 1095/2086/999 1104/2085/1001 1114/340/197 1105/342/196
f 1104/2085/1001 4035/2092/1003 1114/340/197
f 4073/2093/909 4054/2087/895 1106/338/895 4041/2094/909
f 1115/343/198 1116/337/194 1105/339/196
f 4040/2088/892 1107/2087/892 1117/2093/908 3995/2095/908
f 4050/2096/972 1109/2090/1002 1108/336/193 1118/2097/973
f 4000/2098/944 4030/2089/940 4058/2031/940 1120/2040/944
f 1122/2099/914 4006/2091/904 1111/2089/904 1121/2098/914
f 4036/2100/913 1113/2092/901 1112/2091/901 4007/2099/913
f 1115/341/198 1114/340/197 4035/2092/1003 1123/2100/1004
f 1178/2101/170 4073/2093/909 4041/2094/909 1125/2102/170
f 1124/344/199 1188/2103/1005 1116/337/194
f 1183/2104/917 3995/2095/908 1117/2093/908 1126/2105/917
f 4050/2096/972 1118/2097/973 1128/2106/116 1160/2107/947
f 1118/2097/973 1127/2108/117 1128/2106/116
f 4000/2098/944 1120/2040/944 1159/2039/1006 4001/2109/1006
f 1122/2099/914 1121/2098/914 1131/2110/167 1185/2111/167
f 4036/2100/913 4007/2099/913 1132/2112/114 1133/2113/114
f 1134/365/213 1115/341/198 1123/2100/1004 4074/366/214
f 1187/2114/118 1135/2115/949 1160/2107/947 1128/2106/116
f 1134/365/213 1124/368/199 1115/341/198
f 4060/2116/950 4001/2109/1006 1159/2039/1006 4067/2038/950
f 1140/345/200 1186/347/202 1182/2117/215 1139/349/204
f 1179/2118/169 4083/2119/169 4080/2120/922 1141/2121/922
f 3019/972/636 3209/1241/752 286/1240/752 3024/973/636
f 4048/352/921 1184/2122/920 4081/2118/920 4071/2121/921
f 1143/351/99 1187/2114/118 4082/2123/115 1142/352/100
f 1135/2115/949 1187/2114/118 1143/351/99 1144/2124/951
f 4060/2116/950 4067/2038/950 4044/2037/952 4011/2125/952
f 4037/2126/168 1137/2116/168 1146/2125/953 4038/2127/953
f 1180/364/113 1138/2128/113 1147/2127/926 1148/353/926
f 1139/355/204 1182/367/215 1181/364/212 4070/353/205
f 1141/2121/922 4080/2120/922 4042/356/930 4017/2129/930
f 1149/348/203 1150/356/207 1140/345/200
f 1152/2130/929 4048/352/921 4071/2121/921 1151/2129/929
f 4043/2131/956 1144/2124/951 1143/351/99 1153/350/98
f 1156/2132/957 4011/2125/952 4044/2037/952 1155/2036/957
f 4065/2133/1007 4038/2127/953 1146/2125/953 4012/2132/1007
f 4010/2134/932 1148/353/926 1147/2127/926 1157/2133/932
f 4014/1990/893 4017/2129/930 4042/356/930 1031/1991/893
f 1139/355/204 1158/354/206 1149/357/203
f 1029/318/180 1030/317/179 1149/348/203
f 1033/1995/894 1152/2130/929 1151/2129/929 1032/1990/894
f 4021/1996/896 4043/2131/956 1153/350/98 1034/1997/896
f 1156/2132/957 1155/2036/957 1036/2001/899 1037/2000/899
f 4065/2133/1007 4012/2132/1007 4076/2000/902 4057/2005/902
f 4010/2134/932 1157/2133/932 1038/2005/903 4009/321/903
f 1170/2025/167 1068/2026/167 1074/2066/168 1171/2065/168
f 1039/321/182 1029/320/180 1158/354/206
f 1177/331/188 1070/2068/990 1059/324/184
f 1069/358/208 1075/329/141 1177/331/188
f 1163/2023/114 4034/2024/114 1162/2064/113 1164/2063/113
f 1161/2061/924 1067/2021/918 1175/2022/918 1176/2035/924
f 1173/2042/920 1172/2020/917 1061/2017/917 1071/2028/920
f 1165/327/71 1169/2045/108 1168/359/209
f 4046/361/211 1165/327/71 1064/360/210
f 1062/2020/170 1174/362/169 1063/361/170
f 1133/2113/114 1132/2112/114 1138/2128/113 1180/364/113
f 1060/2018/987 1167/2028/989 1166/2017/986
f 1060/2018/987 1070/2029/990 1167/2028/989
f 1059/2019/184 1070/2029/990 1060/2018/987
f 1181/364/212 1182/367/215 1134/365/213
f 1128/2106/116 1127/2108/117 4082/2123/115 1187/2114/118
f 1131/2110/167 1137/2116/168 1185/2111/167
f 1137/2116/168 4037/2126/168 1185/2111/167
f 1183/2104/917 1126/2105/917 4081/2118/920 1184/2122/920
f 1178/2101/170 1125/2102/170 4083/2119/169 1179/2118/169
f 1188/2103/1005 1124/344/199 1186/347/202 1189/346/201
f 4095/2135/1008 4105/2136/1009 1192/2137/1009 1202/2138/1008
f 1182/2117/215 1186/347/202 1124/344/199
f 1191/370/217 1201/369/216 4120/2138/1010
f 1194/2139/1011 1193/2136/1011 1203/2135/1012 4150/2140/1012
f 4093/2141/1013 4111/2142/1014 1195/2143/1015 1204/2144/1016
f 4154/2145/1017 1198/2146/1018 1197/2147/1018 4162/2148/1017
f 4144/2149/1019 4160/2146/1019 1207/2145/1020 4089/2150/1020
f 4117/2151/1021 4100/374/1022 1199/2149/1022 1208/2150/1021
f 4121/2152/1023 4120/2138/1010 1201/369/216 1210/2153/1024
f 4095/2135/1008 1202/2138/1008 1211/2152/1025 4096/2154/1025
f 1213/2155/1026 4150/2140/1012 1203/2135/1012 1212/2154/1026
f 4093/2141/1013 1204/2144/1016 1214/2156/1027 4094/2157/1028
f 1204/2144/1016 4133/2155/1029 1214/2156/1027
f 4154/2145/1017 4162/2148/1017 4156/2158/1030 1217/2159/1030
f 4090/2160/1031 4089/2150/1020 1207/2145/1020 4122/2159/1031
f 4117/2151/1021 1208/2150/1021 1218/2160/1032 4161/2161/1032
f 1201/375/216 1209/372/219 1219/2162/1033 1210/2163/1024
f 1335/415/256 4121/2152/1023 1210/2153/1024 1220/416/257
f 1341/414/255 4096/2154/1025 1211/2152/1025 1221/2164/255
f 1213/2155/1026 1212/2154/1026 1222/2165/320 1223/2166/320
f 1214/2156/1027 4133/2155/1029 4134/2166/307 1224/2167/306
f 1337/2168/1034 4094/2157/1028 1214/2156/1027 1224/2167/306
f 1227/2169/1035 1217/2159/1030 4156/2158/1030 1343/2170/1035
f 1332/411/252 4090/2160/1031 4122/2159/1031 4123/409/252
f 4161/2161/1032 1218/2160/1032 1228/2171/313 1339/2172/313
f 1220/2173/257 1210/2163/1024 1219/2162/1033 1230/408/251
f 1229/407/250 1230/408/251 1219/2162/1033
f 1233/413/254 1232/378/254 1240/2174/1036 1241/2175/1036
f 1275/2176/1037 1266/2177/1037 4088/2178/1037 4087/2179/1037 4149/2180/1037 1226/2181/1037 1216/2158/1037 1206/2148/1037 4106/2147/1037 4107/2182/1037 1312/2183/1037 1304/2184/1037 1296/2185/1037 4146/2186/1037
f 1238/2187/228 1239/377/222 1231/376/221
f 1331/2188/319 1342/2189/319 4110/2175/1038 4139/2190/1038
f 4104/2191/1039 1338/2192/1040 1334/380/225 1242/379/224
f 1245/2193/1041 1329/2194/312 1344/2195/312 1244/2179/1041
f 1225/2196/1042 1235/2197/1042 1243/2198/1042 4112/2199/1042 4113/2200/1042 4137/2201/1042 1284/2202/1042 1295/2203/1042 4084/2204/1042 4085/2205/1042 1322/2206/1042 1196/2207/1042 1205/2208/1042 1215/2209/1042
f 1333/410/253 1330/412/253 4159/2193/1043 4143/2210/1043
f 4115/2211/1044 1340/2212/314 1236/2213/314 1246/2210/1044
f 1345/382/227 1237/2214/1045 1247/2211/1046 1238/383/228
f 1249/387/231 1239/377/222 1238/2187/228 1248/2215/1047
f 1251/2216/1048 1241/2175/1036 1240/2174/1036 1250/386/1048
f 1249/387/231 4109/386/230 1239/377/222
f 1252/2217/1049 4139/2190/1038 4110/2175/1038 4148/2216/1049
f 4104/2191/1039 1242/379/224 1253/2218/1050 1254/2219/1051
f 1245/2193/1041 1244/2179/1041 1255/2178/1052 4142/2220/1052
f 4143/2210/1043 4159/2193/1043 1256/2220/1053 4114/2221/1053
f 4115/2211/1044 1246/2210/1044 1257/2221/1054 4116/2222/1054
f 1248/2223/1047 1238/383/228 1247/2211/1046 1258/2222/1055
f 1249/387/231 1248/2215/1047 1259/389/233 1260/385/229
f 1262/2224/1011 1251/2216/1048 1250/386/1048 1261/2225/1011
f 1252/2217/1049 4148/2216/1049 4140/2224/1009 4127/392/1009
f 1254/2219/1051 1253/2218/1050 1264/391/235 1265/2226/1056
f 1253/2218/1050 1263/392/236 1264/391/235
f 4142/2220/1052 1255/2178/1052 4147/2177/1057 4118/2227/1057
f 4099/2228/1058 4114/2221/1053 1256/2220/1053 1267/2227/1058
f 4116/2222/1054 1257/2221/1054 1268/2228/1019 1269/2229/1019
f 1259/2230/233 1248/2223/1047 1258/2222/1055 4163/2229/1059
f 1262/2224/1011 1261/2225/1011 1271/2231/1012 4141/2232/1012
f 1260/385/229 1270/388/232 4135/2231/1060
f 4128/2233/1008 4127/392/1009 4140/2224/1009 1272/2232/1008
f 1274/2234/1061 1265/2226/1056 1264/391/235 1273/390/234
f 4119/2235/1062 4118/2227/1057 4147/2177/1057 4145/2176/1062
f 4099/2228/1058 1267/2227/1058 1276/2235/1021 4097/2236/1021
f 1269/2229/1019 1268/2228/1019 1277/2236/1020 1278/393/1020
f 1279/395/239 1259/2230/233 4163/2229/1059 4124/393/237
f 1281/2237/1063 4135/2231/1060 1270/388/232 1280/2238/1064
f 1279/395/239 1270/2239/232 1259/2230/233
f 4141/2232/1012 1271/2231/1012 4129/2237/1026 4157/2240/1026
f 4128/2233/1008 1272/2232/1008 1282/2240/1025 4086/2241/1025
f 4138/2242/1065 1274/2234/1061 1273/390/234 1283/2243/1066
f 4091/2244/1067 4119/2235/1062 4145/2176/1062 1285/2186/1067
f 1287/2245/1032 4097/2236/1021 1276/2235/1021 1286/2244/1032
f 1278/393/1020 1277/2236/1020 4098/2245/1031 4125/2246/1031
f 1280/2247/1064 1270/2239/232 1279/395/239 1288/394/238
f 1281/2237/1063 1280/2238/1064 1290/421/262 1356/2248/1068
f 1280/2238/1064 1289/419/260 1290/421/262
f 4157/2240/1026 4129/2237/1026 1291/2249/320 1346/2250/320
f 4086/2241/1025 1282/2240/1025 1292/2250/255 1350/2251/255
f 4138/2242/1065 1283/2243/1066 1294/2252/316 1328/2253/1069
f 1283/2243/1066 1293/2254/1070 1294/2252/316
f 4091/2244/1067 1285/2186/1067 1327/2185/293 4092/2255/293
f 1287/2245/1032 1286/2244/1032 1297/2255/313 1352/2256/313
f 1299/417/252 4125/2246/1031 4098/2245/1031 1298/2256/252
f 1280/2247/1064 1288/394/238 1300/418/259 1289/2257/260
f 1288/394/238 4158/417/258 1300/418/259
f 1354/2258/1071 1303/2259/1072 1328/2253/1069 1294/2252/316
f 4167/2260/292 4092/2255/293 1327/2185/293 4153/2184/292
f 1357/2261/1073 1301/420/261 1306/401/245 1307/400/244
f 1347/2262/319 1358/2263/319 4165/400/1038 1308/2264/1038
f 4136/404/1036 1351/2265/254 4166/2262/254 4155/2264/1036
f 1310/403/247 1354/2258/1071 1302/2266/315 1309/404/248
f 1303/2259/1072 1354/2258/1071 1310/403/247 1311/2267/1074
f 4167/2260/292 4153/2184/292 4132/2183/1075 4102/2268/1075
f 1353/2269/314 1355/2270/314 1313/2268/1044 4126/2271/1044
f 1348/2272/253 1305/2273/253 1314/2271/1043 1315/2274/1043
f 1301/2275/261 1359/398/242 1316/397/241 1306/406/245
f 1308/2264/1038 4165/400/1038 4130/2276/1049 4108/2277/1049
f 1317/2278/249 1318/399/243 1306/401/245
f 4136/404/1036 4155/2264/1036 1319/2277/1048 1320/2279/1048
f 4131/2280/1076 1311/2267/1074 1310/403/247 1321/402/246
f 1324/2281/1077 4102/2268/1075 4132/2183/1075 1323/2182/1077
f 4151/2282/1054 4126/2271/1044 1313/2268/1044 4103/2281/1054
f 1315/2274/1043 1314/2271/1043 1325/2282/1053 4101/2283/1053
f 1318/399/243 1317/2278/249 1190/371/218 1191/370/217
f 1316/397/241 1326/2283/1078 1317/405/249
f 4105/2136/1009 4108/2277/1049 4130/2276/1049 1192/2137/1009
f 1194/2139/1011 1320/2279/1048 1319/2277/1048 1193/2136/1011
f 4111/2142/1014 4131/2280/1076 1321/402/246 1195/2143/1015
f 1198/2146/1018 1324/2281/1077 1323/2182/1077 1197/2147/1018
f 4144/2149/1019 4151/2282/1054 4103/2281/1054 4160/2146/1019
f 4101/2283/1053 1325/2282/1053 1199/2149/1022 4100/374/1022
f 1190/373/218 1317/405/249 1326/2283/1078 1200/374/220
f 1339/2172/313 1228/2171/313 1236/2213/314 1340/2212/314
f 1230/408/251 1345/382/227 1220/2173/257
f 1345/382/227 1231/384/221 1220/2173/257
f 1229/407/250 1237/2214/1045 1345/382/227
f 1329/2194/312 1227/2169/1035 1343/2170/1035 1344/2195/312
f 1337/2168/1034 1224/2167/306 1334/380/225 1338/2192/1040
f 1224/2167/306 4134/2166/307 1234/381/226 1334/380/225
f 1331/2188/319 1223/2166/320 1222/2165/320 1342/2189/319
f 1348/2272/253 1299/417/252 1298/2256/252 1305/2273/253
f 1221/2164/255 1232/378/254 1341/414/255
f 1231/376/221 1336/378/223 1335/415/256
f 1350/2251/255 1292/2250/255 4166/2262/254 1351/2265/254
f 1297/2255/313 1355/2270/314 1352/2256/313
f 1355/2270/314 1353/2269/314 1352/2256/313
f 1293/2254/1070 1354/2258/1071 1294/2252/316
f 1293/2254/1070 1302/2266/315 1354/2258/1071
f 4179/2284/1008 4190/2285/1009 1361/423/1009 1372/2286/1008
f 1291/2249/320 1347/2262/319 1346/2250/320
f 1291/2249/320 1358/2263/319 1347/2262/319
f 1290/421/262 1357/2261/1073 1356/2248/1068
f 1290/421/262 1301/420/261 1357/2261/1073
f 1300/418/259 1359/398/242 1289/2257/260
f 1359/398/242 1301/2275/261 1289/2257/260
f 1360/424/265 1370/428/269 1371/422/263
f 1363/425/1011 1362/2285/1011 1373/2284/1012 4236/2287/1012
f 1367/2288/1018 1366/2289/1018 4249/2290/1017 4240/2291/1017
f 1364/427/268 1374/426/267 4177/2292/1079
f 4173/2293/1020 4229/2294/1019 4247/2288/1019 1377/2291/1020
f 4202/2295/1021 4184/2296/1058 1368/2294/1058 1378/2293/1021
f 4179/2284/1008 1372/2286/1008 1381/2297/1025 4180/2298/1025
f 1379/2295/1080 1370/2299/269 1369/471/303
f 1360/2300/265 1369/471/303 1370/2299/269
f 1371/422/263 1380/429/270 4205/2297/1081
f 4236/2287/1012 1373/2284/1012 1382/2298/1026 1383/2301/1026
f 4177/2292/1079 1374/426/267 1384/2302/1027 4178/2303/1028
f 1374/426/267 4218/2301/1029 1384/2302/1027
f 4240/2291/1017 4249/2290/1017 4243/2304/1030 1387/2305/1030
f 4174/2306/1031 4173/2293/1020 1377/2291/1020 4206/2305/1031
f 4202/2295/1021 1378/2293/1021 1388/2306/1032 4248/2307/1032
f 1370/2299/269 1379/2295/1080 1389/2307/1082 1390/430/271
f 1503/2308/1083 4205/2297/1081 1380/429/270 1392/477/308
f 1390/430/271 1380/432/270 1370/2299/269
f 1391/478/272 1392/477/308 1380/429/270
f 4180/2298/1025 1381/2297/1025 1393/2309/255 1508/2310/255
f 1383/2301/1026 1382/2298/1026 1394/2311/1084 1395/2312/1084
f 1384/2302/1027 4218/2301/1029 4219/475/307 1396/474/306
f 1505/2313/1034 4178/2303/1028 1384/2302/1027 1396/474/306
f 1399/2314/1035 1387/2305/1030 4243/2304/1030 1511/2315/1035
f 1501/2316/252 4174/2306/1031 4206/2305/1031 4207/2317/252
f 4248/2307/1032 1388/2306/1032 1400/2316/313 1506/2318/313
f 1390/430/271 1389/2307/1082 1401/2319/1085 1391/431/272
f 4201/2320/1086 1504/2321/1087 1402/476/305 1410/2322/277
f 1386/2304/1037 1376/2290/1037 4191/2289/1037 4192/2323/1037 1481/2324/1037 1473/456/1037 1466/2325/1037 4231/2326/1037 1445/2327/1037 1436/2328/1037 4172/2329/1037 4171/2330/1037 4235/2331/1037 1398/2332/1037
f 1509/2333/254 1403/2334/254 1411/2320/1036 1412/2335/1036
f 1500/2336/319 1510/2337/319 4195/2335/1038 4224/2338/1038
f 4189/2339/1039 4188/2340/1040 1405/434/225 1413/433/224
f 1416/2341/1041 1498/2342/312 1512/2331/312 1415/2330/1041
f 1414/2343/1042 4196/2344/1042 4197/2345/1042 4222/2346/1042 1454/2347/1042 1465/2348/1042 4168/2349/1042 4169/2350/1042 1491/2351/1042 1365/2352/1042 1375/2353/1042 1385/2354/1042 1397/2355/1042 1406/2356/1042
f 4228/2357/1043 1502/2358/253 1499/2342/253 4246/2341/1043
f 4199/2359/1044 1507/2360/314 1407/2361/314 1417/2357/1044
f 1410/440/277 1402/473/305 1409/437/274 1418/436/273
f 4201/2320/1086 1410/2322/277 1420/443/280 4194/442/279
f 1410/2322/277 1419/2362/276 1420/443/280
f 1422/2363/1048 1412/2335/1036 1411/2320/1036 1421/442/1048
f 1423/2364/1049 4224/2338/1038 4195/2335/1038 4234/2363/1049
f 4189/2339/1039 1413/433/224 1424/446/283 1425/445/282
f 1416/2341/1041 1415/2330/1041 1426/2329/1052 4227/2365/1052
f 4228/2357/1043 4246/2341/1043 1427/2365/1053 4198/2366/1053
f 4199/2359/1044 1417/2357/1044 1428/2366/1054 4200/2367/1054
f 1420/443/280 1419/2362/276 1430/448/285 1431/441/278
f 1418/436/273 1429/2367/1088 1419/439/276
f 1422/2363/1048 1421/442/1048 1432/2368/1011 1433/2369/1011
f 1423/2364/1049 4234/2363/1049 4225/2369/1009 4212/450/1009
f 4203/2370/1057 4227/2365/1052 1426/2329/1052 4233/2328/1057
f 1434/450/287 1435/444/281 1424/446/283
f 4183/2371/1058 4198/2366/1053 1427/2365/1053 1437/2370/1058
f 1439/2372/1019 4200/2367/1054 1428/2366/1054 1438/2371/1019
f 1430/2373/285 1419/439/276 1429/2367/1088 4250/2372/1089
f 4226/2374/1012 1433/2369/1011 1432/2368/1011 1441/452/1012
f 1440/447/284 4220/452/289 1431/441/278
f 4213/2375/1008 4212/450/1009 4225/2369/1009 1442/2374/1008
f 4204/2376/1062 4203/2370/1057 4233/2328/1057 4230/2327/1062
f 1435/444/281 1443/449/286 1444/2377/1090
f 4183/2371/1058 1437/2370/1058 1446/2376/1021 4181/2378/1021
f 1439/2372/1019 1438/2371/1019 1447/2378/1020 1448/2379/1020
f 1430/2373/285 4250/2372/1089 4208/2379/1091 1449/453/290
f 4226/2374/1012 1441/452/1012 4214/2380/1026 4244/2381/1026
f 1449/453/290 1440/455/284 1430/2373/285
f 1450/2382/291 1451/451/288 1440/447/284
f 4213/2375/1008 1442/2374/1008 1452/2381/1025 4170/2383/1025
f 4223/2384/1092 1444/2377/1090 1443/449/286 1453/2385/1066
f 4175/2386/1093 4204/2376/1062 4230/2327/1062 1455/2326/1093
f 1457/2387/1032 4181/2378/1021 1446/2376/1021 1456/2386/1032
f 4209/2388/1031 1448/2379/1020 1447/2378/1020 4182/2387/1031
f 1449/453/290 4208/2379/1091 1458/2388/1094 1450/454/291
f 1460/494/321 1451/451/288 1450/2382/291 1459/498/311
f 4244/2381/1026 4214/2380/1026 1461/492/320 1513/491/320
f 1460/494/321 1522/496/323 1451/451/288
f 1517/2389/255 4170/2383/1025 1452/2381/1025 1462/2390/255
f 4223/2384/1092 1453/2385/1066 1464/487/316 1497/2391/1095
f 1453/2385/1066 1463/488/317 1464/487/316
f 4175/2386/1093 1455/2326/1093 1496/459/293 4176/458/293
f 1457/2387/1032 1456/2386/1032 1467/483/313 1519/485/313
f 1469/2392/252 4209/2388/1031 4182/2387/1031 1468/2393/252
f 1459/481/311 1450/454/291 1458/2388/1094 4245/479/309
f 1464/487/316 1471/489/318 1472/2394/1096 1497/2391/1095
f 1523/495/322 1470/497/324 1475/462/296 1476/461/295
f 1514/493/319 1524/490/319 4253/461/1038 1477/2395/1038
f 4221/465/1036 1518/486/254 4254/2396/254 4242/2395/1036
f 1479/464/298 1471/489/318 4255/486/315 1478/465/299
f 1472/2394/1096 1471/489/318 1479/464/298 1480/2397/1097
f 4232/457/292 4239/456/292 4217/2324/1075 4186/2398/1075
f 1520/484/314 1521/457/314 1482/2398/1044 4210/2399/1044
f 1515/2400/253 1474/2401/253 1483/2399/1043 1484/2402/1043
f 1485/466/300 1525/480/310 1516/482/312 4241/2402/1098
f 1470/2403/324 1525/480/310 1485/466/300 1475/468/296
f 1477/2395/1038 4253/461/1038 4215/2404/1049 4193/2405/1049
f 1486/469/301 1487/460/294 1475/462/296
f 1489/2406/1048 4221/465/1036 4242/2395/1036 1488/2405/1048
f 4216/470/302 1480/2397/1097 1479/464/298 1490/463/297
f 1493/2407/1077 4186/2398/1075 4217/2324/1075 1492/2323/1077
f 4237/2408/1054 4210/2399/1044 1482/2398/1044 4187/2407/1054
f 1484/2402/1043 1483/2399/1043 1494/2408/1053 4185/472/1053
f 1486/467/301 1485/466/300 4241/2402/1098 1495/472/304
f 4190/2285/1009 4193/2405/1049 4215/2404/1049 1361/423/1009
f 1487/460/294 1360/424/265 4211/423/264
f 1363/425/1011 1489/2406/1048 1488/2405/1048 1362/2285/1011
f 1367/2288/1018 1493/2407/1077 1492/2323/1077 1366/2289/1018
f 4252/425/266 1364/427/268 1490/463/297
f 4237/2408/1054 4187/2407/1054 4247/2288/1019 4229/2294/1019
f 4185/472/1053 1494/2408/1053 1368/2294/1058 4184/2296/1058
f 1506/2318/313 1400/2316/313 1407/2361/314 1507/2360/314
f 1369/471/303 1360/2300/265 1486/467/301
f 1401/2319/1085 1408/438/275 1391/431/272
f 1408/438/275 1409/437/274 1391/431/272
f 1502/2358/253 1501/2316/252 4207/2317/252 1499/2342/253
f 1498/2342/312 1399/2314/1035 1511/2315/1035 1512/2331/312
f 4188/2340/1040 1505/2313/1034 1396/474/306 1405/434/225
f 1500/2336/319 1395/2312/1084 1394/2311/1084 1510/2337/319
f 1509/2333/254 1508/2310/255 1393/2309/255 1403/2334/254
f 1469/2392/252 1468/2393/252 1474/2401/253 1515/2400/253
f 1392/477/308 1504/2321/1087 1503/2308/1083
f 1392/477/308 1402/476/305 1504/2321/1087
f 1517/2389/255 1462/2390/255 4254/2396/254 1518/486/254
f 3179/1198/735 3113/1197/734 3107/2409/1099 192/2410/1099
f 1460/494/321 1470/497/324 1523/495/322
f 1459/481/311 1525/480/310 1470/2403/324
f 183/2411/46 1688/1204/739 180/1203/738
f 1526/2412/1100 3109/2413/1101 191/1120/332 184/1119/697
f 1687/2414/344 1528/1198/344 174/2415/344
f 4257/2416/1102 4259/2417/1102 4261/2418/1103 4256/2419/1104
f 4256/2419/1104 4261/2418/1103 2990/2420/1105
f 4262/2421/1106 4258/2416/1107 1529/501/327 1533/500/326
f 4265/2422/1108 4262/2421/1106 1533/500/326 4263/2423/1109
f 4266/2422/1110 1535/2423/1111 4273/2424/1112 4271/2425/1110
f 1533/500/326 4264/963/627 4263/2423/1109
f 3001/965/629 4273/2424/1112 1535/2423/1111 2995/966/630
f 4268/2426/1113 4270/2427/1113 1530/2418/1113 4260/2417/1113
f 1539/2424/1114 1537/2427/1114 4269/2426/1114 4272/2425/1114
f 1534/2421/1115 1536/2422/1116 1540/2425/1116 1538/2426/1117
f 1534/2421/1115 1538/2426/1117 1532/2417/1118 1531/2416/1118
f 1741/2428/1119 4464/2429/1119 4275/2430/1120 4279/2431/1120
f 4279/2431/1120 4275/2430/1120 4274/2432/1121 4278/2433/1121
f 4278/2433/1121 4274/2432/1121 4276/2434/1122 4280/2435/1122
f 4280/2435/1122 4276/2434/1122 4277/2436/1123 4281/2437/1123
f 4481/2438/46 4480/2439/46 4479/2440/46 4478/2441/46 4477/2442/46 4476/2443/46 4474/2444/46 4475/2445/46 1545/2446/46 1546/2447/46 1547/2448/46 1548/2449/46 3027/985/46 1739/984/46 4484/2450/46 4483/2451/46 4482/2452/46
f 4281/2437/1123 4277/2436/1123 3022/979/35 1740/980/35
f 4289/504/47 4288/506/47 4283/2453/47 4292/502/47
f 1553/504/1124 1550/508/1124 4286/507/1124 1554/506/1124
f 4295/503/46 1557/502/46 1558/2453/46 4285/505/46
f 4284/505/35 4282/2453/35 4287/506/35
f 1551/2454/66 1549/2455/66 1555/503/66 1556/505/66
f 4298/2456/40 4296/2457/40 4301/2458/40 4299/2459/40
f 4297/2457/648 4494/510/648 4492/2460/648 4302/2458/648
f 1560/2456/1125 4755/511/1125 1757/510/1125 1563/2457/1125
f 4300/2459/46 1566/2458/46 1758/2460/46 4304/509/46
f 4303/509/41 4493/2460/41 4495/510/41
f 1561/2461/646 1559/2462/646 1564/2459/646 1565/509/646
f 1761/2463/761 4310/2464/761 4314/2465/761 4496/2466/761
f 4309/2464/651 4312/513/651 4306/2467/651 4313/2465/651
f 4757/2463/1126 4756/514/1126 1569/513/1126 1568/2464/1126
f 4497/2466/46 1571/2465/46 1572/2467/46 4308/512/46
f 4307/512/42 4305/2467/42 4311/513/42
f 1567/2468/649 1760/2469/649 1762/2466/649 1570/512/649
f 4324/2470/36 4323/2471/36 4326/2472/36 4327/2473/36
f 4322/2471/642 4321/516/642 4316/2474/642 4325/2472/642
f 1577/2471/1127 1574/2470/1127 4319/517/1127 1578/516/1127
f 1581/2472/46 1582/2474/46 4318/515/46 4328/2473/46
f 4317/515/37 4315/2474/37 4320/516/37
f 1575/2475/640 1573/2476/640 1579/2473/640 1580/515/640
f 1754/2477/645 4335/2478/645 4330/2479/645 4486/2480/645
f 4491/2477/1128 1753/2481/1128 1584/2482/1128 1585/2478/1128
f 4334/2478/39 4333/2483/39 4331/2484/39 4329/2479/39
f 4485/2480/46 1587/2479/46 4332/2484/46 4487/2485/46
f 1583/2486/643 1752/2487/643 4488/2485/643 1586/2484/643
f 4336/2488/357 4696/2489/357 4759/2490/357 4340/2491/357
f 4696/2489/357 4697/2492/357 1594/2493/357 4759/2490/357
f 4714/2494/357 1832/2495/357 1588/2496/357 4712/2497/357
f 4712/2497/357 1588/2496/357 4698/2498/357 4713/2499/357
f 4725/2500/357 1594/2493/357 4697/2492/357 4711/2501/357
f 4698/2502/357 4699/2503/357 4339/2504/357 4713/2505/357
f 4699/2506/357 4337/2507/357 4338/2508/357 4339/2509/357
f 4337/2507/357 4336/2488/357 4340/2491/357 4338/2508/357
f 4758/2496/661 4700/2495/662 4346/2510/659 1599/2511/660
f 1597/2512/64 1830/2503/65 1831/2502/63 1598/2513/656
f 4343/2514/357 1600/2515/357 1867/2516/357 1866/2517/357 1865/2518/357 4729/2519/357 4728/2520/357 1862/2521/357 4733/2522/357 4732/2523/357 4735/2524/357 4727/2525/357 4726/2526/357 4731/2527/357 1869/2528/357 1868/2529/357 4344/2530/357 4345/2531/357 4341/2532/357 4342/2533/357
f 4700/2495/662 1834/2534/684 4736/2535/683 4346/2510/659
f 1831/2498/63 4758/2496/661 1599/2511/660 1598/2536/656
f 1595/2537/652 1590/2488/653 1589/2507/654 1596/2538/655
f 1601/2539/676 4715/2540/675 1846/2494/682 1602/2541/681
f 1596/2538/655 1589/2507/654 1830/2506/65 1597/2542/64
f 1602/2541/681 1846/2494/682 1845/2497/678 1603/2543/677
f 1603/2543/677 1845/2497/678 1844/2499/672 1604/2544/671
f 1844/2505/672 1591/2504/670 1605/2545/669 1604/2546/671
f 1843/2547/666 1849/2548/680 1870/2549/679 1608/2550/663
f 1591/2509/670 1592/2508/668 1606/2551/667 1605/2552/669
f 1871/2553/673 1850/2554/674 4715/2540/675 1601/2539/676
f 1592/2508/668 1593/2491/665 1607/2555/664 1606/2551/667
f 4730/2556/657 1829/2557/658 1590/2488/653 1595/2537/652
f 1593/2491/665 1843/2547/666 1608/2550/663 1607/2555/664
f 4744/2558/357 1878/2559/357 4348/2560/357 4745/2561/357
f 4745/2561/357 4348/2560/357 4347/2562/357 4349/2563/357
f 4347/161/357 3093/163/357 3095/1106/357 4349/2564/357
f 1609/2560/661 4737/2559/662 4352/2565/659 4351/2566/660
f 4737/2559/662 1880/2567/684 4754/2568/683 4352/2565/659
f 1610/2562/63 1609/2560/661 4351/2566/660 4350/2569/656
f 1615/2570/676 4746/2571/675 1886/2558/682 1900/2572/681
f 1900/2572/681 1886/2558/682 1885/2561/678 1616/2573/677
f 1616/2573/677 1885/2561/678 1611/2563/672 1617/2574/671
f 1901/2575/673 1889/2576/674 4746/2571/675 1615/2570/676
f 173/1107/669 1617/2577/671 1611/1105/672
f 1631/2578/1129 4357/2579/1130 4358/2580/1131 1629/2581/1132
f 1629/2581/1132 4358/2580/1131 4359/519/329 1630/518/328
f 1630/518/328 1632/520/330 4355/2582/1133 4354/2583/1134
f 4353/2584/1135 1631/2578/1129 1629/2581/1132 4363/2585/1136
f 1632/520/330 4359/519/329 4360/2586/1137
f 1629/2581/1132 1630/518/328 4354/2583/1134 4363/2585/1136
f 191/522/332 3109/2587/1101 4364/2588/1138 1635/523/333
f 1631/2578/1129 4356/2589/1139 4357/2579/1130
f 1635/523/333 1628/2590/1140 1621/2591/1141 3111/521/331
f 4373/2592/344 4374/2593/344 1676/2594/344 4372/536/344
f 1676/2594/344 4374/2593/344 4412/2595/344
f 4377/2596/344 4373/2592/344 4372/536/344 4375/535/344
f 1677/2597/46 4387/2598/46 4386/2599/46 4385/2600/46
f 4414/2601/46 4387/2598/46 1677/2597/46
f 4385/2600/46 4386/2599/46 4389/525/46 4388/524/46
f 4396/539/337 1656/538/336 4390/525/1142 1648/2599/1143
f 1662/2602/1144 1679/2603/1145 4383/2604/1146 4380/527/1146
f 1647/2598/1147 4403/541/339 4396/539/337 1648/2599/1143
f 4381/531/66 4368/545/66 4400/2605/66 4401/532/66
f 4366/2606/66 4400/2605/66 4368/545/66
f 1639/2593/1148 1641/2592/1149 4392/2607/1150 4406/2608/1151
f 4429/2609/1152 1667/2608/1152 4393/2607/1152 4411/2610/1152
f 4409/2611/66 1653/540/66 4397/539/66 4422/2612/66
f 4427/2613/47 1666/2614/47 4407/2608/47 4428/2609/47
f 1661/2615/1153 4367/2606/1154 4370/2616/1154 1678/2617/1155
f 1659/2600/334 1649/524/335 4376/2618/335
f 1661/2615/1153 1678/2617/1155 1679/2619/1145 1662/530/1144
f 1640/536/334 1660/2620/343 1645/2621/343 1659/534/334
f 4391/2622/47 1642/535/47 1658/2623/47 4399/2624/47
f 1642/535/47 4391/2622/47 4378/2596/47
f 4392/2607/1150 1641/2592/1149 1643/2596/1156 1657/2625/1157
f 1658/2623/47 4398/2626/47 4399/2624/47
f 4394/2627/1158 1657/2625/1157 1656/2626/336 4395/2628/338
f 1657/2625/1157 4394/2627/1158 4392/2607/1150
f 4413/2595/1159 1639/2593/1148 4406/2608/1151 4417/2629/1160
f 4405/2630/341 4416/2631/340 4417/2629/1160
f 4406/2608/1151 4405/2630/341 4417/2629/1160
f 4415/2601/1161 4416/542/340 4403/541/339 1647/2598/1147
f 1638/2606/344 4369/545/344 1676/2632/344 4371/2616/344
f 4384/2633/46 4414/2601/46 1677/2597/46
f 1676/2594/344 4412/2595/344 4371/2634/344
f 1677/2635/46 4382/528/46 1646/527/46 4384/2604/46
f 4418/2636/1162 1672/2637/1163 1673/2638/1164 4419/2639/1165
f 1644/528/342 1645/2635/343 1660/2640/343
f 4420/2641/1166 1671/2642/1167 1672/2631/1163 4418/2643/1162
f 4420/2641/1166 4421/2644/1168 1670/2645/1169 1671/2642/1167
f 4421/2644/1168 1674/2634/1170 1668/2595/1170 1670/2645/1169
f 4419/2639/1165 1673/2638/1164 1669/2601/1171 1675/2633/1171
f 4404/541/47 1665/543/47 4426/2646/47 4424/2647/47
f 1651/2607/66 1652/2627/66 4408/2648/66 4410/2610/66
f 1654/539/1172 1664/541/1172 4425/2647/1172 4423/2612/1172
f 1665/2649/47 1666/2614/47 4427/2613/47 4426/2650/47
f 4408/2648/66 1652/2627/66 1653/2628/66 4409/2651/66
f 1683/2652/1173 1684/2653/1173 1685/2654/1173 1680/2655/1173 1681/2656/1173 1682/2657/1173
f 1620/2658/1174 1625/2659/1174 181/2660/1174 175/2661/1174
f 1686/1193/344 1626/2662/344 242/550/344
f 3112/1199/736 4430/962/1175 4365/2663/1176 3113/1197/734
f 1688/1204/739 1624/2664/1177 1623/2665/1178 1689/155/57
f 1619/549/344 1687/1200/344 242/550/344
f 1626/2662/344 1618/551/344 242/550/344
f 1622/2666/1179 1633/1202/737 1689/155/57
f 4431/2667/1180 4433/2668/1180 4435/2669/1180 4437/2670/1180
f 1627/958/46 1624/2664/1177 1688/1204/739
f 2987/959/46 1627/958/46 1688/1204/739
f 4443/2671/1180 4445/2672/1180 4447/2673/1180 4449/2674/1180
f 1696/2675/1181 1697/2676/1181 4438/2670/1181 4436/2669/1181
f 1695/2677/1182 4439/2675/1182 1693/2669/1182 4434/2668/1182
f 1694/2678/1183 4432/2667/1183 1692/2670/1183 4440/2676/1183
f 4442/2678/1184 4441/2677/1184 1690/2668/1184 1691/2667/1184
f 1704/2679/1181 1705/2680/1181 4450/2674/1181 4448/2673/1181
f 1703/2681/1182 4451/2679/1182 1701/2673/1182 4446/2672/1182
f 1702/2682/1183 4444/2671/1183 1700/2674/1183 4452/2680/1183
f 4454/2682/1184 4453/2681/1184 1698/2672/1184 1699/2671/1184
f 4456/2683/1185 4455/2684/1185 4458/2685/1185 4457/2686/1185
f 1711/2687/1186 1709/2686/1186 1708/2685/1186 1710/2688/1186
f 1707/2689/1187 1725/2690/1187 1724/561/1187 1706/2691/1187
f 1712/2692/1188 1714/552/345 1713/554/347
f 1715/2693/1189 1717/555/348 1716/557/350
f 1718/560/353 1720/559/352 1719/556/1190
f 1721/563/356 1723/562/355 1722/2694/1191
f 3219/1237/34 1738/2695/1192 1751/2696/1192 3231/1238/34
f 4463/2697/1193 4464/2429/1119 1741/2428/1119 1742/2698/1193
f 4465/2699/1194 4463/2697/1193 1742/2698/1193 1743/2700/1194
f 4466/2701/47 4465/2699/1194 1743/2700/1194 1744/2702/47
f 4467/2703/1195 4466/2701/47 1744/2702/47 1745/2704/1195
f 4468/2705/1196 4467/2703/1195 1745/2704/1195 1746/2706/1196
f 4469/2707/1197 4468/2705/1196 1746/2706/1196 1747/2708/1197
f 4470/2709/1198 4469/2707/1197 1747/2708/1197 1748/2710/1198
f 4471/2711/1199 4470/2709/1198 1748/2710/1198 1749/2712/1199
f 1728/2429/344 1729/2697/344 1730/2699/344 1731/2701/344 1732/2703/344 1733/2705/344 1734/2707/344 1735/2709/344 1736/2711/344 4472/2713/344 4473/2695/344 1726/1237/344 1727/979/344 1544/2436/344 1543/2434/344 1542/2432/344 1541/2430/344
f 1737/2713/1200 4471/2711/1199 1749/2712/1199 1750/2714/1200
f 1738/2695/1192 1737/2713/1200 1750/2714/1200 1751/2696/1192
f 1755/2485/38 4489/2481/38 4490/2477/38 1756/2480/38
f 4507/2715/1201 4504/2716/1201 4501/2717/1201 4498/2718/1201
f 4515/2719/1202 4502/2720/1202 4505/2721/1202 4511/2722/1202
f 4499/2718/1203 4519/2723/1203 4518/2724/1204 4508/2715/1204
f 1793/2725/1205 4520/2726/1206 4516/2719/1206 4512/2722/1205
f 4522/2727/1207 4506/2716/1207 4509/2715/1207 4525/2728/1207
f 4513/2722/1208 1794/2721/1208 4523/2729/1208 4529/2730/1208
f 4533/2731/1203 4524/2727/1203 4526/2728/1203 4536/2732/1203
f 1795/2729/1206 4534/2733/1206 4539/2734/1206 4530/2730/1206
f 4545/2735/1209 4542/2736/1201 4537/2732/1201 4527/2728/1209
f 4540/2734/1210 4543/2737/1210 1796/2738/1211 4531/2730/1211
f 4500/2718/1212 4503/2717/1212 4535/2731/1212 4538/2732/1212
f 1798/2733/1213 1791/2720/1213 4517/2719/1213 4541/2734/1213
f 1777/2732/1214 4544/2736/1214 4521/2723/1214 1763/2718/1214
f 1792/2726/1215 1797/2737/1215 1778/2734/1215 1764/2719/1215
f 4552/2739/1216 4549/2740/1216 4546/2741/1216 4510/2715/1216
f 4514/2722/1217 4547/2742/1217 4550/2743/1217 4556/2744/1217
f 4518/2724/1204 4560/2745/1218 4553/2739/1218 4508/2715/1204
f 1800/2746/1219 1793/2725/1205 4512/2722/1205 4557/2744/1219
f 4561/2747/1220 4551/2740/1220 4554/2739/1220 4564/2748/1220
f 4558/2744/1221 1801/2743/1221 4562/2749/1221 4568/2750/1221
f 4572/2751/1222 4563/2747/1222 4565/2748/1222 4528/2728/1222
f 1802/2749/1223 4573/2752/1223 4532/2730/1223 4569/2750/1223
f 4566/2748/1224 4575/2753/1224 4545/2735/1209 4527/2728/1209
f 4531/2730/1211 1796/2738/1211 1803/2754/1225 4570/2750/1225
f 1765/2715/1226 4548/2741/1226 4574/2751/1226 1779/2728/1226
f 1804/2752/1227 1799/2742/1227 1766/2722/1227 1780/2730/1227
f 4582/2755/1228 4579/2756/1228 4576/2757/1228 4555/2739/1228
f 4559/2744/1229 4577/2758/1229 4580/2759/1229 4586/2760/1229
f 4560/2745/1218 4590/2761/1230 4583/2755/1230 4553/2739/1218
f 1806/2762/1231 1800/2746/1219 4557/2744/1219 4587/2760/1231
f 4591/2763/1232 4581/2756/1232 4584/2755/1232 4594/2764/1232
f 4588/2760/1233 1807/2759/1233 4592/2765/1233 4598/2766/1233
f 4602/2767/1234 4593/2763/1234 4595/2764/1234 4567/2748/1234
f 4599/2766/1235 1808/2765/1235 4603/2768/1235 4571/2750/1235
f 4605/2769/1236 4575/2753/1224 4566/2748/1224 4596/2764/1236
f 4570/2750/1225 1803/2754/1225 1809/2770/1237 4600/2766/1237
f 1767/2739/1238 4578/2757/1238 4604/2767/1238 1781/2748/1238
f 1810/2768/1239 1805/2758/1239 1768/2744/1239 1782/2750/1239
f 4609/2771/1240 4606/2772/1240 4585/2755/1240 4612/2773/1240
f 4607/2774/1241 4610/2775/1241 4616/2776/1241 4589/2760/1241
f 4583/2755/1230 4590/2761/1230 4620/2777/1242 4613/2773/1242
f 4617/2776/1243 1812/2778/1243 1806/2762/1231 4587/2760/1231
f 4621/2779/1244 4611/2771/1244 4614/2773/1244 4624/2780/1244
f 4618/2776/1245 1813/2775/1245 4622/2781/1245 4628/2782/1245
f 4597/2764/1246 4632/2783/1246 4623/2779/1246 4625/2780/1246
f 1814/2781/1247 4633/2784/1247 4601/2766/1247 4629/2782/1247
f 4635/2785/1248 4605/2769/1236 4596/2764/1236 4626/2780/1248
f 1809/2770/1237 1815/2786/1249 4630/2782/1249 4600/2766/1237
f 1769/2755/1250 4608/2772/1250 4634/2783/1250 1783/2764/1250
f 1816/2784/1251 1811/2774/1251 1770/2760/1251 1784/2766/1251
f 4639/2787/1252 4636/2788/1252 4615/2773/1252 4642/2789/1252
f 4637/2790/1253 4640/2791/1253 4646/2792/1253 4619/2776/1253
f 4613/2773/1242 4620/2777/1242 4650/2793/1254 4643/2789/1254
f 4647/2792/1255 1818/2794/1255 1812/2778/1243 4617/2776/1243
f 4651/2795/1256 4641/2787/1256 4644/2789/1256 4654/2796/1256
f 4648/2792/1257 1819/2791/1257 4652/2797/1257 4658/2798/1257
f 4627/2780/1258 4662/2799/1258 4653/2795/1258 4655/2796/1258
f 4659/2798/1259 1820/2797/1259 4663/2800/1259 4631/2782/1259
f 4665/2801/1260 4635/2785/1248 4626/2780/1248 4656/2796/1260
f 1815/2786/1249 1821/2802/1261 4660/2798/1261 4630/2782/1249
f 1771/2773/1262 4638/2788/1262 4664/2799/1262 1785/2780/1262
f 1822/2800/1263 1817/2790/1263 1772/2776/1263 1786/2782/1263
f 4669/2803/1264 4666/2804/1264 4645/2789/1264 4672/2805/1264
f 4667/2806/1265 4670/2807/1265 4675/2808/1265 4649/2792/1265
f 4650/2793/1254 4678/2809/1266 4673/2805/1266 4643/2789/1254
f 4676/2808/1267 4679/2810/1267 1818/2794/1255 4647/2792/1255
f 4681/2811/1268 4671/2803/1268 4674/2805/1268 4684/2812/1268
f 4677/2808/1269 1825/2807/1269 4682/2813/1269 4687/2814/1269
f 4680/2809/1270 4690/2815/1270 4685/2812/1270 1775/2805/1270
f 4688/2814/1271 4691/2816/1271 1824/2810/1271 1776/2808/1271
f 4657/2796/1266 4693/2817/1266 4683/2811/1266 4686/2812/1266
f 4689/2814/1267 1827/2813/1267 4694/2818/1267 4661/2798/1267
f 1789/2812/1272 4692/2815/1272 4665/2801/1260 4656/2796/1260
f 1821/2802/1261 1826/2816/1273 1790/2814/1273 4660/2798/1261
f 1773/2789/1274 4668/2804/1274 4695/2817/1274 1787/2796/1274
f 1828/2818/1275 1823/2806/1275 1774/2792/1275 1788/2798/1275
f 4722/2819/357 4708/2820/357 4707/2821/357 4721/2822/357
f 1847/2823/357 1833/2824/357 1832/2495/357 4714/2494/357
f 4723/2825/357 4709/2826/357 4708/2820/357 4722/2819/357
f 1848/2827/357 4701/2828/357 1833/2824/357 1847/2823/357
f 4724/2829/357 4710/2830/357 4709/2826/357 4723/2825/357
f 4717/2831/357 4716/2832/357 4702/2833/357 4703/2834/357
f 4725/2500/357 4711/2501/357 4710/2830/357 4724/2829/357
f 4716/2832/357 4718/2835/357 4704/2836/357 4702/2833/357
f 4703/2834/357 4701/2828/357 1848/2827/357 4717/2831/357
f 4718/2835/357 4719/2837/357 4705/2838/357 4704/2836/357
f 4719/2837/357 4720/2839/357 4706/2840/357 4705/2838/357
f 4721/2822/357 4707/2821/357 4706/2840/357 4720/2839/357
f 1863/2841/842 1864/2842/843 1836/2843/840 1837/2836/841
f 1861/2844/670 1839/2840/669 1840/2821/671 1860/2845/672
f 1861/2844/670 4734/2846/668 1838/2838/667 1839/2840/669
f 1860/2845/672 1840/2821/671 1841/2820/677 1859/2847/678
f 1858/2848/836 1842/2826/837 1835/2849/838 1857/2850/839
f 1864/2842/843 4736/2535/683 1834/2534/684 1836/2843/840
f 1872/2851/849 1851/2835/848 1850/2554/674 1871/2553/673
f 1873/2852/654 1852/2837/655 1851/2835/848 1872/2851/849
f 1874/2853/65 1853/2839/847 1852/2837/655 1873/2852/654
f 4734/2846/668 1863/2841/842 1837/2836/841 1838/2838/667
f 1874/2853/65 1875/2854/63 1854/2822/846 1853/2839/847
f 1857/2850/839 1835/2849/838 1829/2557/658 4730/2556/657
f 1875/2854/63 1876/2855/661 1855/2819/660 1854/2822/846
f 1876/2855/661 1877/2856/845 1856/2825/844 1855/2819/660
f 1877/2856/845 1870/2549/679 1849/2548/680 1856/2825/844
f 1859/2847/678 1841/2820/677 1842/2826/837 1858/2848/836
f 1887/2857/357 1879/2858/357 1878/2559/357 4744/2558/357
f 1888/2859/357 4738/2860/357 1879/2858/357 1887/2857/357
f 4748/2861/357 4747/2862/357 4739/2863/357 4740/2864/357
f 4747/2862/357 4749/2865/357 4741/2866/357 4739/2863/357
f 4748/2861/357 4740/2864/357 4738/2860/357 1888/2859/357
f 4749/2865/357 4750/2867/357 4742/2868/357 4741/2866/357
f 4750/2867/357 3499/565/357 4743/564/357 4742/2868/357
f 4751/2869/842 4752/2870/843 1881/2871/840 1882/2866/841
f 3502/1426/670 4753/2872/668 1883/2868/667 1884/564/669
f 4752/2870/843 4754/2568/683 1880/2567/684 1881/2871/840
f 1902/2873/849 1890/2865/848 1889/2576/674 1901/2575/673
f 1903/2874/654 1891/2867/655 1890/2865/848 1902/2873/849
f 1904/1425/65 1892/1424/847 1891/2867/655 1903/2874/654
f 4753/2872/668 4751/2869/842 1882/2866/841 1883/2868/667
f 4777/2875/850 4770/573/850 4768/2876/850 4776/2877/850
f 4350/2878/656 3096/162/64 1610/161/63
f 1909/2879/66 1905/2880/66 1922/2881/66
f 4772/2882/850 4779/2883/850 5513/2884/850 4774/570/850
f 1906/2885/852 1914/2886/852 1915/2887/852 1908/2888/852
f 1916/2889/1276 1913/2890/1276 4765/2891/1276 4767/2892/1276
f 4762/2893/853 4760/2894/853 4780/2895/853 4782/2896/853
f 4764/2897/1277 4783/2898/1277 4784/2899/1277 4766/2900/1277
f 1918/2901/47 1921/2902/47 1923/577/47 1911/576/47
f 1909/2879/66 1922/2881/66 1920/575/66 4778/574/66
f 1910/2903/66 1925/2904/66 1994/572/66 4781/571/66
f 1919/2905/47 1924/2906/47 1926/568/47 1912/567/47
f 4800/2907/854 1943/2908/854 1942/2909/854 1938/2910/854
f 1933/2911/855 1932/2912/855 4785/2913/855 4788/2914/855
f 1941/2915/855 1940/2916/855 4793/2917/855 4796/2918/855
f 4792/2919/854 1935/2920/854 1934/2921/854 1930/2922/854
f 1936/2913/856 4786/2912/856 4789/2922/856 4790/2921/856
f 1931/2923/858 4787/2911/858 1937/2914/858 4791/2924/858
f 1944/2917/856 4794/2916/856 4797/2910/856 4798/2909/856
f 1939/2925/857 4795/2915/857 1945/2918/857 4799/2926/857
f 4808/2927/859 1951/2928/859 1950/2929/859 1946/2930/859
f 1949/2931/861 1948/2932/861 4801/2933/861 4804/2934/861
f 1952/2933/856 4802/2932/856 4805/2930/856 4806/2929/856
f 1947/2935/858 4803/2931/858 1953/2934/858 4807/2936/858
f 1959/2937/859 1958/2938/859 1954/2939/859 4816/2940/859
f 1957/2941/855 1956/2942/855 4809/2943/855 4812/2944/855
f 1960/2943/856 4810/2942/856 4813/2939/856 4814/2938/856
f 4811/2941/858 1961/2944/858 4815/2945/858 1955/2946/858
f 1967/2947/859 1966/2948/859 1962/2949/859 4824/2950/859
f 1965/2951/855 1964/2952/855 4817/2953/855 4820/2954/855
f 1968/2953/856 4818/2952/856 4821/2949/856 4822/2948/856
f 1963/2955/858 4819/2951/858 1969/2954/858 4823/2956/858
f 4832/2957/859 1975/2958/859 1974/2959/859 1970/2960/859
f 1973/2961/861 1972/2962/861 4825/2963/861 4828/2964/861
f 1976/2963/856 4826/2962/856 4829/2960/856 4830/2959/856
f 1971/2965/857 4827/2961/857 1977/2964/857 4831/2966/857
f 1983/2967/859 1982/2968/859 1978/2969/859 4840/2970/859
f 1981/2971/855 1980/2972/855 4833/2973/855 4836/2974/855
f 1984/2973/856 4834/2972/856 4837/2969/856 4838/2968/856
f 4835/2971/858 1985/2974/858 4839/2975/858 1979/2976/858
f 4848/2977/854 1991/2978/854 1990/2979/854 1986/2980/854
f 1989/2981/855 1988/2982/855 4841/2983/855 4844/2984/855
f 4846/2985/860 1992/2983/860 4842/2982/860 4845/2986/860
f 1987/2977/857 4843/2981/857 1993/2984/857 4847/2978/857
f 4856/2987/859 2000/2988/859 1999/2989/859 1995/2990/859
f 4773/2882/47 1921/2902/47 1918/2901/47
f 4769/2876/47 1924/2906/47 1919/2905/47
f 1910/2903/66 4761/2991/66 1925/2904/66
f 1998/2992/855 1997/2993/855 4849/2994/855 4852/2995/855
f 2001/2994/860 4850/2993/860 4853/2990/860 4854/2989/860
f 1996/2996/857 4851/2992/857 2002/2995/857 4855/2997/857
f 1614/2998/357 1899/2999/357 1898/3000/357 1897/3001/357 1896/3002/357 1895/3003/357 1894/3004/357 1893/3005/357 438/1560/357 1612/1559/357 1613/3006/357
f 4863/3007/47 4861/3008/47 4877/3009/47 4879/3010/47
f 4864/3007/1278 4858/3011/1278 4865/3012/1278 4867/3013/1278
f 4868/3013/47 4866/3012/47 4869/3014/47 4871/3015/47
f 4887/3016/1279 4862/3017/1279 4872/3015/1279 4889/3018/1279
f 4870/3014/1280 2009/3012/1280 4857/3011/1280 4859/3019/1280
f 2006/3007/1281 2010/3013/1281 2008/3015/1281 2004/3008/1281
f 4875/3020/47 4860/3019/47 2005/3011/47 4873/3021/47
f 2005/3011/47 4863/3007/47 4879/3010/47 4873/3021/47
f 4861/3017/47 4860/3019/47 4875/3020/47 4877/3022/47
f 4878/3022/34 4876/3020/34 2015/3023/34 4882/3024/34
f 4880/3010/344 2012/3009/344 2016/3025/344 4883/3026/344
f 2011/3020/46 4874/3021/46 4884/3027/46 4881/3023/46
f 2013/3021/35 2014/3010/35 2018/3026/35 2017/3027/35
f 4896/3028/1282 4888/3016/1282 4890/3018/1282 4898/3029/1282
f 4889/3018/1279 4872/3015/1279 2007/3014/1279 4891/3030/1279
f 2003/3019/1279 4862/3017/1279 4887/3016/1279 4885/3031/1279
f 2007/3014/1279 2003/3019/1279 4885/3031/1279 4891/3030/1279
f 4897/3032/1279 4899/3033/1279 4893/3034/1279 4895/3035/1279
f 2021/3018/1283 4892/3030/1283 4900/3036/1283 2025/3029/1283
f 2022/3030/1284 4886/3031/1284 4894/3037/1284 2026/3036/1284
f 2019/3031/1285 2020/3016/1285 2024/3028/1285 2023/3037/1285
f 4923/3038/47 4907/3039/47 4905/3040/47 4921/3041/47
f 4908/3039/1278 4902/3042/1278 4909/3043/1278 4911/3044/1278
f 4912/3044/47 4910/3043/47 4913/3045/47 4915/3046/47
f 4931/3047/1279 4906/3048/1279 4916/3046/1279 4933/3049/1279
f 2033/3043/1280 4901/3042/1280 4903/3050/1280 4914/3045/1280
f 2028/3040/1281 2030/3039/1281 2034/3044/1281 2032/3046/1281
f 4904/3050/47 2029/3042/47 4917/3051/47 4919/3052/47
f 4917/3051/47 2029/3042/47 4907/3039/47 4923/3038/47
f 4921/3053/47 4905/3048/47 4904/3050/47 4919/3052/47
f 4922/3053/34 4920/3052/34 2039/3054/34 4926/3055/34
f 4924/3038/344 2036/3041/344 2040/3056/344 4927/3057/344
f 4925/3054/46 2035/3052/46 4918/3051/46 4928/3058/46
f 2037/3051/35 2038/3038/35 2042/3057/35 2041/3058/35
f 4940/3059/1282 4932/3047/1282 4934/3049/1282 4942/3060/1282
f 4916/3046/1279 2031/3045/1279 4935/3061/1279 4933/3049/1279
f 2027/3050/1279 4906/3048/1279 4931/3047/1279 4929/3062/1279
f 2031/3045/1279 2027/3050/1279 4929/3062/1279 4935/3061/1279
f 4939/3063/1279 4941/3064/1279 4943/3065/1279 4937/3066/1279
f 2045/3049/1283 4936/3061/1283 4944/3067/1283 2049/3060/1283
f 2046/3061/1284 4930/3062/1284 4938/3068/1284 2050/3067/1284
f 2043/3062/1285 2044/3047/1285 2048/3059/1285 2047/3068/1285
f 4946/3069/66 4945/3070/66 4950/3071/66 4948/3072/66
f 4949/3072/35 2053/3071/35 4953/3073/35 4951/3074/35
f 4952/3074/47 2057/3073/47 4956/3075/47 4954/3076/47
f 4955/3076/34 2055/3075/34 2051/3070/34 4947/3069/34
f 4958/3077/66 4957/3078/66 4962/3079/66 4960/3080/66
f 2054/3072/344 2058/3074/344 2056/3076/344 2052/3069/344
f 4961/3080/35 2061/3079/35 4965/3081/35 4963/3082/35
f 4964/3082/47 2065/3081/47 4968/3083/47 4966/3084/47
f 4967/3084/34 2063/3083/34 2059/3078/34 4959/3077/34
f 2062/3080/344 2066/3082/344 2064/3084/344 2060/3077/344
f 4970/3085/66 4969/3086/66 4974/3087/66 4972/3088/66
f 4973/3088/35 2069/3087/35 4977/3089/35 4975/3090/35
f 4976/3090/47 2073/3089/47 4980/3091/47 4978/3092/47
f 4979/3092/34 2071/3091/34 2067/3086/34 4971/3085/34
f 2070/3088/344 2074/3090/344 2072/3092/344 2068/3085/344
f 4982/3093/66 4981/3094/66 4986/3095/66 4984/3096/66
f 4985/3096/35 2077/3095/35 4989/3097/35 4987/3098/35
f 4988/3098/47 2081/3097/47 4992/3099/47 4990/3100/47
f 4991/3100/34 2079/3099/34 2075/3094/34 4983/3093/34
f 2078/3096/344 2082/3098/344 2080/3100/344 2076/3093/344
f 4994/3101/66 4993/3102/66 4998/3103/66 4996/3104/66
f 4997/3104/35 2085/3103/35 5001/3105/35 4999/3106/35
f 5000/3106/47 2089/3105/47 5004/3107/47 5002/3108/47
f 5003/3108/34 2087/3107/34 2083/3102/34 4995/3101/34
f 2086/3104/344 2090/3106/344 2088/3108/344 2084/3101/344
f 5008/3109/66 5006/3110/66 5005/3111/66 5010/3112/66
f 5009/3109/35 2093/3112/35 5013/3113/35 5011/3114/35
f 5012/3114/47 2097/3113/47 5016/3115/47 5014/3116/47
f 5015/3116/34 2095/3115/34 2091/3111/34 5007/3110/34
f 2092/3110/344 2094/3109/344 2098/3114/344 2096/3116/344
f 5018/3117/66 5017/3118/66 5022/3119/66 5020/3120/66
f 5021/3120/35 2101/3119/35 5025/3121/35 5023/3122/35
f 5024/3122/47 2105/3121/47 5028/3123/47 5026/3124/47
f 5027/3124/34 2103/3123/34 2099/3118/34 5019/3117/34
f 2102/3120/344 2106/3122/344 2104/3124/344 2100/3117/344
f 5051/3125/1286 5054/3126/1286 5053/3127/1286 2129/3128/1286
f 2136/3129/1287 2135/3130/1287 2128/3127/1287 2127/3126/1287
f 5034/3131/872 5033/3132/872 5036/3133/872 5035/3134/872
f 2146/3135/1288 2145/3136/1288 5063/3137/1288 5064/3138/1288
f 2126/3139/1289 2125/3140/1289 5037/3141/1289 5038/3142/1289
f 2112/3134/875 2111/3133/875 5040/3143/875 5039/3144/875
f 2132/3145/1290 2130/3125/1290 5052/3128/1290 5056/3146/1290
f 5029/3147/1291 5030/3148/1291 5048/3140/1291 5047/3139/1291
f 2114/3144/34 2113/3143/34 5044/3149/34 5043/3150/34
f 5031/3151/1292 5032/3152/1292 5042/3153/1292 2122/3154/1292
f 5041/3154/1293 2121/3153/1293 2123/3155/1293 2124/3156/1293
f 2116/3150/880 2115/3149/880 5046/3157/880 5045/3158/880
f 5055/3145/1294 2131/3146/1294 5050/3159/1294 5049/3160/1294
f 2134/3161/1295 2133/3162/1295 5058/3130/1295 5057/3129/1295
f 2118/3158/883 2117/3157/883 2109/3163/883 2110/3164/883
f 2120/3151/1296 2107/3142/1296 2108/3141/1296 2119/3152/1296
f 5059/3165/1297 5060/3166/1297 5068/3136/1297 5067/3135/1297
f 5061/3167/1298 5062/3168/1298 5066/3169/1298 2142/3170/1298
f 5065/3170/1299 2141/3169/1299 2143/3166/1299 2144/3165/1299
f 2137/3171/1300 2138/3172/1300 2139/3168/1300 2140/3167/1300
f 2157/582/361 2147/3173/1301 5110/3174/1302 5104/3175/1303
f 2158/3175/1304 2148/3174/1305 5089/3176/1305 5080/3177/1304
f 2159/3177/1306 2149/3176/1307 2150/3178/1307 5136/3179/1306
f 5149/3180/1308 2153/3181/1309 2154/3182/1309 5140/3183/1308
f 5152/3178/1310 2151/579/358 2160/581/360
f 5074/3184/1311 2163/3183/1311 5147/3182/1312 5129/3185/1312
f 5101/3186/1313 2164/3184/1313 2155/3185/1314 5085/3187/1314
f 2165/589/366 2156/3188/1315 2147/3189/1301 2157/587/361
f 2168/3190/1316 2158/3175/1304 5080/3177/1304 5081/3191/1316
f 2157/582/361 5104/3175/1303 2167/583/362
f 2169/3191/1317 2159/3177/1306 5136/3179/1306 2170/586/1317
f 2171/585/364 2160/581/360 5078/580/359 5079/3192/1318
f 5143/3193/1319 5149/3180/1308 5140/3183/1308 2174/3194/1319
f 5075/3195/1320 5105/3194/1320 2163/3183/1311 5074/3184/1311
f 5148/3196/1321 2175/3195/1321 2164/3184/1313 5101/3186/1313
f 2178/3197/454 2168/3190/1316 5081/3191/1316 2299/3198/454
f 2165/589/366 2166/588/363 2176/3196/1322
f 2179/634/405 2169/3191/1317 2170/586/1317 2180/631/405
f 5118/631/403 5117/586/365 2171/585/364 2181/630/402
f 2295/628/400 2181/630/402 2171/585/364 5079/3192/1318
f 2184/3199/451 2302/3200/451 5143/3193/1319 2174/3194/1319
f 2289/3201/399 5106/627/399 5105/3194/1320 5075/3195/1320
f 2297/3202/408 2185/3203/408 2175/3195/1321 5148/3196/1321
f 2186/622/395 2176/3196/1322 2166/588/363 2187/593/369
f 2183/3200/919 5135/3204/919 5072/3205/919 5073/3206/919 2220/3207/919 2230/3208/919 5131/3209/919 2250/3210/919 2260/3211/919 2270/3212/919 5091/3213/919 5090/3181/919 2162/3180/919 2173/3193/919
f 5100/3214/1323 2193/595/371 2292/594/370 2294/3215/1324
f 2194/3214/1325 2188/3216/455 2300/3217/455 2195/3218/1325
f 5094/3218/1326 2301/633/406 5123/632/406 5124/3219/1326
f 2196/3219/1327 2189/632/404 2291/629/401 2197/597/373
f 2291/629/401 2296/3220/453 2197/597/373
f 2200/3221/1328 2199/3205/1328 2303/3204/452 2286/3222/452
f 2172/3223/925 2161/3224/925 2152/3225/925 2279/3226/925 5070/3227/925 5069/3228/925 2249/3229/925 2238/3230/925 5121/3231/925 5096/3232/925 5095/3233/925 2198/3234/925 2190/3235/925 2182/3236/925
f 5128/3237/1329 5146/3221/1329 2287/626/398 2290/625/398
f 5098/3238/1330 2201/3237/1330 2191/625/407 2298/3239/407
f 2202/600/376 2304/623/396 2288/3240/372 2193/3241/371
f 2192/624/397 2304/623/396 2202/600/376
f 2203/603/379 2193/595/371 5100/3214/1323 5093/606/382
f 2205/3242/1331 2204/606/1331 2194/3214/1325 2195/3218/1325
f 2206/3243/1332 5134/3242/1332 5094/3218/1326 5124/3219/1326
f 2209/3206/1333 2199/3205/1328 2200/3221/1328 5127/3244/1333
f 2196/3219/1327 2197/597/373 2207/599/375
f 2210/3244/1334 5146/3221/1329 5128/3237/1329 5097/3245/1334
f 2211/3245/1335 2201/3237/1330 5098/3238/1330 5099/602/1335
f 2213/601/377 2202/600/376 2193/3241/371 2203/3246/379
f 2217/3247/1336 2216/3248/1336 2204/606/1331 2205/3242/1331
f 5125/3247/1305 5134/3242/1332 2206/3243/1332 5111/3249/1305
f 2219/3250/1337 2218/3251/1338 2207/599/375 2208/598/374
f 5102/3252/1339 5133/3207/1339 2209/3206/1333 5127/3244/1333
f 5084/3253/1314 2221/3252/1314 2210/3244/1334 5097/3245/1334
f 2223/3254/1312 2222/3253/1312 2211/3245/1335 5099/602/1335
f 5150/3254/1340 2212/602/378 2213/601/377 2214/3255/381
f 2225/3256/1341 2224/3257/1342 2214/605/381 2215/604/380
f 2213/601/377 2203/3246/379 2214/3255/381
f 5126/3258/1306 2226/3259/1306 2216/3248/1336 2217/3247/1336
f 2215/604/380 5119/3259/1343 2225/3256/1341
f 5112/3260/1304 2227/3258/1304 5125/3247/1305 5111/3249/1305
f 2229/3261/1344 2228/3262/1345 2218/3251/1338 2219/3250/1337
f 5130/3208/1346 5133/3207/1339 5102/3252/1339 5103/3263/1346
f 2231/3263/1313 2221/3252/1314 5084/3253/1314 5082/3264/1313
f 2232/3264/1311 2222/3253/1312 2223/3254/1312 2233/3265/1311
f 5107/3265/1347 5150/3254/1340 2214/3255/381 2224/3266/1342
f 2234/3267/1348 2224/3257/1342 2225/3256/1341 2235/3268/1349
f 5113/3269/1317 2226/3259/1306 5126/3258/1306 5144/3270/1317
f 2225/3256/1341 5119/3259/1343 2235/3268/1349
f 2236/3270/1316 2227/3258/1304 5112/3260/1304 5071/3271/1316
f 5122/3272/1350 2237/607/383 2228/3262/1345 2229/3261/1344
f 5076/3273/1351 2239/3209/1351 5130/3208/1346 5103/3263/1346
f 2241/3274/1321 2240/3273/1321 2231/3263/1313 5082/3264/1313
f 5108/3275/1320 5083/3274/1320 2232/3264/1311 2233/3265/1311
f 2242/3275/1352 5107/3265/1347 2224/3266/1342 2234/3276/1348
f 2243/3277/412 2234/3267/1348 2235/3268/1349 2244/3278/1353
f 2305/3279/405 2245/3280/405 5113/3269/1317 5144/3270/1317
f 2235/3268/1349 2314/3281/1354 2244/3278/1353
f 2246/3279/454 2236/3270/1316 5071/3271/1316 2309/609/454
f 2248/608/384 2237/607/383 5122/3272/1350 2285/3282/1355
f 2284/3210/1356 2239/3209/1351 5076/3273/1351 5077/3283/1356
f 2251/639/408 2240/3273/1321 2241/3274/1321 2311/637/408
f 2252/637/399 5083/3274/1320 5108/3275/1320 2253/3284/399
f 2254/642/411 5145/3284/497 2242/3275/1352 2234/3276/1348
f 2258/640/409 2248/608/384 2285/3282/1355 2259/3285/1357
f 2234/3276/1348 2243/643/412 2254/642/411
f 5132/3286/1358 5139/3211/1358 2284/3210/1356 5077/3283/1356
f 2264/611/387 2255/610/386 2256/3287/1359 2265/3288/1360
f 2266/3289/1326 5153/3288/1326 2315/3287/406 2306/3290/406
f 5120/619/1325 5142/3289/1325 2307/3291/455 2310/3292/455
f 2268/617/391 2267/619/393 2257/641/410 2258/640/409
f 2268/617/391 2258/640/409 2259/3285/1357 2269/3293/1361
f 5116/3212/1362 5139/3211/1358 5132/3286/1358 5087/3294/1362
f 2271/3294/1363 2313/638/407 2312/636/407 5109/3295/1363
f 2272/3295/1329 2261/636/398 2308/635/398 2273/3296/1329
f 2263/614/388 5141/3296/1364 5154/3297/498 2262/615/389
f 2274/616/390 2264/611/387 2265/3288/1360 2275/3298/1365
f 5114/3298/1332 5153/3288/1326 2266/3289/1326 5092/3299/1332
f 2276/3299/1331 5142/3289/1325 5120/619/1325 2277/3300/1331
f 5115/3301/1366 2278/618/392 2268/617/391 2269/3293/1361
f 2281/3302/1367 2280/3213/1367 5116/3212/1362 5087/3294/1362
f 5137/3303/1335 5088/3302/1335 2271/3294/1363 5109/3295/1363
f 2282/3303/1334 2272/3295/1329 2273/3296/1329 5086/3304/1334
f 5110/3174/1302 2147/3173/1301 2274/616/390 2275/3298/1365
f 5141/3296/1364 2263/614/388 2283/621/394
f 5089/3176/1305 2148/3174/1305 5114/3298/1332 5092/3299/1332
f 2150/3178/1307 2149/3176/1307 2276/3299/1331 2277/3300/1331
f 2153/3181/1309 2280/3213/1367 2281/3302/1367 2154/3182/1309
f 2278/618/392 2151/579/358 5152/3178/1310
f 2278/618/392 5115/3301/1366 2151/579/358
f 5147/3182/1312 5088/3302/1335 5137/3303/1335 5129/3185/1312
f 2155/3185/1314 2282/3303/1334 5086/3304/1334 5085/3187/1314
f 2147/3189/1301 2156/3188/1315 2283/621/394 2274/620/390
f 2288/3240/372 2304/623/396 2187/593/369 2177/592/367
f 2191/625/407 2185/3203/408 2297/3202/408 2298/3239/407
f 2186/622/395 2187/593/369 2304/623/396
f 2286/3222/452 2303/3204/452 2302/3200/451 2184/3199/451
f 2289/3201/399 2290/625/398 5106/627/399
f 2300/3217/455 2188/3216/455 2178/3197/454 2299/3198/454
f 2291/629/401 2295/628/400 2296/3220/453
f 2181/630/402 2291/629/401 5118/631/403
f 2301/633/406 2180/631/405 5123/632/406
f 2262/615/389 5154/3297/498 5145/3284/497 2254/642/411
f 2293/591/368 2294/3215/1324 2292/594/370
f 2177/590/367 2292/594/370 2288/596/372
f 2310/3292/455 2307/3291/455 2246/3279/454 2309/609/454
f 2252/637/399 2253/3284/399 2308/635/398
f 2251/639/408 2311/637/408 2312/636/407
f 2248/608/384 2258/640/409 2247/609/385
f 2306/3290/406 2315/3287/406 2245/3280/405 2305/3279/405
f 2256/3287/1359 2255/610/386 2244/3278/1353 2314/3281/1354
f 2328/3305/1304 2317/647/1305 5175/3306/1305 5166/3307/1304
f 2243/3277/412 2244/3278/1353 2255/610/386
f 2243/643/412 2255/613/386 2262/615/389
f 2329/3307/1306 2318/3306/1307 2319/3308/1307 5222/3309/1306
f 2330/653/420 2320/3310/1368 5181/3311/1368 5164/3312/1369
f 5235/3313/1308 2322/3314/1309 2323/3315/1309 5226/3316/1308
f 5160/3317/1311 2333/3316/1311 5233/3315/1312 5215/3318/1312
f 5188/3319/1313 2334/3317/1313 2324/3318/1314 5171/3320/1314
f 2337/652/419 2336/657/424 2326/646/415 2327/645/414
f 2325/650/417 2326/649/415 2335/3319/1370
f 2338/651/1316 2328/3305/1304 5166/3307/1304 5167/3321/1316
f 2339/3321/1317 2329/3307/1306 5222/3309/1306 2340/655/1317
f 2341/654/421 2330/653/420 5164/3312/1369 5165/3322/1371
f 5229/3323/1319 5235/3313/1308 5226/3316/1308 2344/3324/1319
f 5161/3325/1320 5192/3324/1320 2333/3316/1311 5160/3317/1311
f 5234/3326/1321 2345/3325/1321 2334/3317/1313 5188/3319/1313
f 2346/3326/1372 2335/3319/1370 2326/649/415 2336/658/424
f 2465/716/456 2347/656/423 2337/652/419 5191/651/418
f 2348/713/454 2338/651/1316 5167/3321/1316 2471/3327/454
f 2349/3328/405 2339/3321/1317 2340/655/1317 2350/712/405
f 5206/712/403 5205/655/422 2341/654/421 2351/708/402
f 2467/3329/400 2351/708/402 2341/654/421 5165/3322/1371
f 2354/705/451 2474/707/451 5229/3323/1319 2344/3324/1319
f 2462/3330/399 5193/704/399 5192/3324/1320 5161/3325/1320
f 2469/3331/408 2355/702/408 2345/3325/1321 5234/3326/1321
f 2356/3331/395 2346/3326/1372 2336/658/424 2357/660/425
f 2353/3332/919 5221/3333/919 5158/3334/919 5159/3335/919 2392/3336/919 2404/3337/919 5217/3338/919 2424/3339/919 2433/3340/919 2443/3341/919 5177/3342/919 5176/3314/919 2332/3313/919 2343/3323/919
f 5187/669/432 2366/662/426 2464/661/370 2466/3343/1324
f 2367/669/1325 2358/715/455 2472/714/455 2368/3344/1325
f 5180/3344/1326 2473/3345/406 2460/3346/406 5210/3347/1326
f 2369/3347/1327 2359/711/404 2360/710/401 2370/670/373
f 2360/710/401 2468/709/453 2370/670/373
f 2373/3348/1373 2372/3334/1373 2475/706/452 2362/703/452
f 5208/3349/925 5183/3350/925 5182/3351/925 2371/3352/925 2361/3353/925 2352/3354/925 2342/3355/925 2331/3356/925 2321/3357/925 2452/3358/925 5156/3359/925 5155/3360/925 2423/3361/925 2412/3362/925
f 5214/3363/1329 5232/3348/1329 2459/703/398 2463/701/398
f 2374/3363/1330 2363/701/407 2470/700/407 5185/3364/1330
f 2375/665/429 2365/664/428 2461/699/427 2366/675/426
f 2379/3365/1331 2378/3366/1331 2367/669/1325 2368/3344/1325
f 2380/3367/1332 5220/3365/1332 5180/3344/1326 5210/3347/1326
f 2383/3335/1333 2372/3334/1373 2373/3348/1373 5213/3368/1333
f 2369/3347/1327 2370/670/373 2381/672/434
f 2384/3368/1334 5232/3348/1329 5214/3363/1329 5184/3369/1334
f 2385/3369/1335 2374/3363/1330 5185/3364/1330 5186/674/1335
f 2388/679/1307 2378/3366/1331 2379/3365/1331 2389/3370/1307
f 2377/667/430 5179/679/438 2387/676/436
f 5211/3370/1305 5220/3365/1332 2380/3367/1332 5199/3371/1305
f 2391/3372/1374 2390/681/440 2381/672/434 2382/671/433
f 5189/3373/1339 5219/3336/1339 2383/3335/1333 5213/3368/1333
f 5170/3374/1314 2393/3373/1314 2384/3368/1334 5184/3369/1334
f 2394/3374/1312 2385/3369/1335 5186/674/1335 2395/3375/1312
f 5212/3376/1306 2399/3377/1306 2388/679/1307 2389/3370/1307
f 2386/674/435 2376/673/431 2396/678/437
f 2387/676/436 2398/680/439 2397/3378/1375
f 5200/683/1304 2400/3376/1304 5211/3370/1305 5199/3371/1305
f 2402/682/441 2390/681/440 2391/3372/1374 2403/3379/1376
f 5190/3380/1346 5216/3337/1346 5219/3336/1339 5189/3373/1339
f 2405/3380/1313 2393/3373/1314 5170/3374/1314 5168/3381/1313
f 2407/3382/1311 2406/3381/1311 2394/3374/1312 2395/3375/1312
f 2408/3383/1377 2397/3378/1375 2398/680/439 2409/3384/1378
f 2396/678/437 2397/3385/1375 5194/3382/1379
f 2396/678/437 2387/677/436 2397/3385/1375
f 5230/3386/1317 5201/3387/1317 2399/3377/1306 5212/3376/1306
f 2410/3386/1316 2400/3376/1304 5200/683/1304 5157/3388/1316
f 5209/3389/1380 2411/684/443 2402/682/441 2403/3379/1376
f 5162/3390/1351 2413/3338/1351 5216/3337/1346 5190/3380/1346
f 2415/3391/1321 2414/3390/1321 2405/3380/1313 5168/3381/1313
f 5195/3392/1320 5169/3391/1320 2406/3381/1311 2407/3382/1311
f 2416/3392/1381 5194/3382/1379 2397/3385/1375 2408/3393/1377
f 2418/731/460 2417/3394/1382 2408/3383/1377 2409/3384/1378
f 2476/728/405 2419/730/405 5201/3387/1317 5230/3386/1317
f 2409/3384/1378 2484/3395/1383 2418/731/460
f 2420/727/454 2410/3386/1316 5157/3388/1316 2480/725/454
f 2422/685/384 2411/684/443 5209/3389/1380 2458/3396/1355
f 2457/3397/1384 2413/3338/1351 5162/3390/1351 5163/3398/1384
f 2425/3399/408 2414/3390/1321 2415/3391/1321 2482/3400/408
f 2426/722/399 5169/3391/1320 5195/3392/1320 2427/3401/399
f 2428/718/458 5231/717/457 2416/3392/1381 2408/3393/1377
f 2458/3396/1355 2432/3402/1357 2431/723/409 2422/685/384
f 2408/3393/1377 2417/3403/1382 2428/718/458
f 5163/3398/1384 5218/3404/1358 5225/3340/1358 2457/3397/1384
f 2437/688/445 2429/687/444 2485/729/461 2438/3405/1385
f 5237/3405/1326 5239/729/406 2477/3406/406 2439/3407/1326
f 5207/696/1325 5228/3407/1325 2478/726/455 2481/3408/455
f 2441/694/391 2440/696/393 2430/724/410 2431/723/409
f 2441/694/391 2431/723/409 2432/3402/1357 2442/3409/1361
f 5204/3341/1362 5225/3340/1358 5218/3404/1358 5173/3410/1362
f 2444/3410/1363 2483/3404/407 5196/3411/407 5197/3412/1363
f 2445/3412/1329 2434/721/398 2479/720/398 2446/3413/1329
f 2436/691/446 5227/3413/1386 5238/719/459 2435/692/447
f 2447/693/448 2437/688/445 2438/3405/1385 2448/3414/1387
f 5202/3414/1332 5237/3405/1326 2439/3407/1326 5178/3415/1332
f 2449/3415/1331 5228/3407/1325 5207/696/1325 2450/3416/1331
f 5203/3417/1388 2451/695/449 2441/694/391 2442/3409/1361
f 2454/3418/1367 2453/3342/1367 5204/3341/1362 5173/3410/1362
f 5223/3419/1335 5174/3418/1335 2444/3410/1363 5197/3412/1363
f 2455/3419/1334 2445/3412/1329 2446/3413/1329 5172/3420/1334
f 5198/647/416 2316/644/413 2447/693/448 2448/3414/1387
f 5227/3413/1386 2436/691/446 2456/698/450
f 5175/3306/1305 2317/647/1305 5202/3414/1332 5178/3415/1332
f 2319/3308/1307 2318/3306/1307 2449/3415/1331 2450/3416/1331
f 5181/3311/1368 2320/3310/1368 2451/695/449 5203/3417/1388
f 2322/3314/1309 2453/3342/1367 2454/3418/1367 2323/3315/1309
f 5215/3318/1312 5233/3315/1312 5174/3418/1335 5223/3419/1335
f 2324/3318/1314 2455/3419/1334 5172/3420/1334 5171/3320/1314
f 2325/650/417 2456/698/450 2447/697/448 2316/648/413
f 2365/664/428 2364/666/397 2356/3331/395 2357/660/425
f 2357/660/425 2347/659/423 2461/699/427
f 2460/3346/406 2473/3345/406 2349/3328/405 2350/712/405
f 2469/3331/408 2470/700/407 2355/702/408
f 5193/704/399 2462/3330/399 2463/701/398
f 2354/705/451 2362/703/452 2475/706/452
f 2351/708/402 2467/3329/400 2468/709/453
f 2359/711/404 2351/708/402 2360/710/401
f 2483/3404/407 2425/3399/408 2482/3400/408 5196/3411/407
f 2471/3327/454 2472/714/455 2348/713/454
f 2465/716/456 2466/3343/1324 2464/661/370
f 2347/656/423 2464/661/370 2461/663/427
f 2428/718/458 2435/692/447 5238/719/459
f 2426/722/399 2427/3401/399 2479/720/398
f 2435/692/447 2428/718/458 2417/3403/1382 2429/690/444
f 2422/685/384 2431/723/409 2421/686/385
f 2478/726/455 2480/725/454 2481/3408/455
f 2476/728/405 2477/3406/406 5239/729/406
f 2484/3395/1383 2485/729/461 2418/731/460
f 2417/3394/1382 2418/731/460 2429/687/444
f 5274/3421/1389 2496/735/462 2486/778/492 5280/780/494
f 5251/3422/1304 2497/3421/1304 2487/780/1305 5260/3423/1305
f 2498/3422/1306 2488/3423/1336 2489/3424/1336 5305/3425/1306
f 5318/3426/1308 2492/3427/1309 2493/3428/1309 5309/3429/1308
f 5321/3424/1310 2490/732/358 2499/734/360
f 5245/3430/1311 2502/3429/1311 5316/3428/1312 5298/3431/1312
f 5271/3432/1313 2503/3430/1313 2494/3431/1314 5256/3433/1314
f 2504/742/465 2495/3434/1390 2486/3435/492 2496/740/462
f 5252/3436/1316 2507/3437/1316 2497/3421/1304 5251/3422/1304
f 2496/735/462 5274/3421/1389 2506/736/463
f 2508/3436/1317 2498/3422/1306 5305/3425/1306 2509/739/1317
f 2510/738/364 2499/734/360 5249/733/359 5250/3438/1318
f 5312/3439/1319 5318/3426/1308 5309/3429/1308 2513/3440/1319
f 5246/3441/1320 5275/3440/1320 2502/3429/1311 5245/3430/1311
f 5317/3442/1321 2514/3441/1321 2503/3430/1313 5271/3432/1313
f 2634/786/454 2517/3443/454 2507/3437/1316 5252/3436/1316
f 2504/742/465 2505/741/464 2515/3442/1322
f 2518/786/405 2508/3436/1317 2509/739/1317 2519/787/405
f 5288/3444/403 5287/739/365 2510/738/364 2520/783/402
f 2630/3445/400 2520/783/402 2510/738/364 5250/3438/1318
f 2523/3446/451 2637/3447/451 5312/3439/1319 2513/3440/1319
f 2625/3448/399 5276/3446/399 5275/3440/1320 5246/3441/1320
f 2632/781/408 2524/3448/408 2514/3441/1321 5317/3442/1321
f 2525/781/395 2515/3442/1322 2505/741/464 2526/746/468
f 2535/3449/1391 2534/3450/470 2527/790/469 2627/789/496
f 5262/3451/919 5261/3427/919 2501/3426/919 2512/3439/919 2522/3452/919 5304/3453/919 5243/3454/919 5244/3455/919 2562/3456/919 2572/3457/919 5300/3458/919 2592/3459/919 2599/3460/919 2607/3461/919
f 2536/3462/1325 2528/3463/455 2635/3464/455 2537/3465/1325
f 2627/789/496 2629/3463/1392 2535/3449/1391
f 5265/3465/1326 2636/788/406 5292/3466/406 5293/3467/1326
f 2538/3467/1393 2529/3466/404 2530/785/401 2539/750/472
f 2530/785/401 2631/784/453 2539/750/472
f 2616/3468/925 5241/3469/925 5240/3470/925 2591/3471/925 2580/3472/925 5290/3473/925 5267/3474/925 5266/3475/925 2540/3476/925 2531/3477/925 2521/3478/925 2511/3479/925 2500/3480/925 2491/3481/925
f 2542/3482/1373 2541/3454/1373 2638/3483/452 2623/3484/452
f 5297/3485/1329 5315/3482/1329 2624/3486/398 2626/3487/398
f 5269/3488/1330 2543/3485/1330 2532/3487/407 2633/3489/407
f 2544/3488/1394 2533/782/495 2639/749/471 2534/748/470
f 2547/3490/1331 2546/756/1331 2536/3462/1325 2537/3465/1325
f 2534/3450/470 2535/3449/1391 2545/753/475
f 2535/3449/1391 5264/756/478 2545/753/475
f 2548/3491/1332 5303/3490/1332 5265/3465/1326 5293/3467/1326
f 5296/3492/1333 2551/3455/1333 2541/3454/1373 2542/3482/1373
f 2538/3467/1393 2539/750/472 2549/752/474
f 2552/3492/1334 5315/3482/1329 5297/3485/1329 5268/3493/1334
f 2553/3493/1335 2543/3485/1330 5269/3488/1330 5270/3494/1335
f 2555/3495/1395 2554/3494/1396 2544/3488/1394 2534/748/470
f 2559/3496/1336 2558/3497/1336 2546/756/1331 2547/3490/1331
f 2534/748/470 2545/3498/475 2555/3495/1395
f 5294/3496/1305 5303/3490/1332 2548/3491/1332 5281/758/1305
f 5272/3499/1339 5302/3456/1339 2551/3455/1333 5296/3492/1333
f 5255/3500/1314 2563/3499/1314 2552/3492/1334 5268/3493/1334
f 2564/3500/1312 2553/3493/1335 5270/3494/1335 2565/3501/1312
f 2556/3502/477 5319/3501/1397 2554/3494/1396 2555/3495/1395
f 2567/3503/1398 2566/3504/1399 2556/755/477 2557/754/476
f 2555/3495/1395 2545/3498/475 2556/3502/477
f 5295/3505/1306 2568/3506/1306 2558/3497/1336 2559/3496/1336
f 2569/3505/1304 5294/3496/1305 5281/758/1305 5282/3507/1304
f 5299/3457/1346 5302/3456/1339 5272/3499/1339 5273/3508/1346
f 2560/758/480 2561/757/479 2570/760/482
f 5253/3509/1313 2573/3508/1313 2563/3499/1314 5255/3500/1314
f 2574/3509/1311 2564/3500/1312 2565/3501/1312 2575/3510/1311
f 5277/3510/1400 5319/3501/1397 2556/3502/477 2566/3511/1399
f 2576/3512/1401 2566/3504/1399 2567/3503/1398 2577/761/483
f 5313/3513/1317 5283/3514/1317 2568/3506/1306 5295/3505/1306
f 2578/3513/1316 2569/3505/1304 5282/3507/1304 5242/3515/1316
f 5291/3516/1350 2579/764/383 2570/760/482 2571/759/481
f 5247/3517/1351 2581/3458/1351 5299/3457/1346 5273/3508/1346
f 2583/3518/1402 2582/3517/1402 2573/3508/1313 5253/3509/1313
f 5278/3519/1320 5254/3518/1320 2574/3509/1311 2575/3510/1311
f 2584/3519/1352 5277/3510/1400 2566/3511/1399 2576/3520/1401
f 2585/3521/499 2576/3512/1401 2577/761/483 2586/763/485
f 2587/762/405 5283/3514/1317 5313/3513/1317 2640/794/405
f 2644/766/454 2588/794/454 2578/3513/1316 5242/3515/1316
f 2590/765/384 2579/764/383 5291/3516/1350 2622/3522/1355
f 2621/3523/1384 2581/3458/1351 5247/3517/1351 5248/3524/1384
f 2646/3525/1403 2593/3524/1403 2582/3517/1402 2583/3518/1402
f 2595/3526/399 2594/3527/399 5254/3518/1320 5278/3519/1320
f 2596/792/411 5314/791/497 2584/3519/1352 2576/3520/1401
f 2648/3528/409 2590/765/384 2622/3522/1355 2598/3529/1357
f 2576/3520/1401 2585/797/499 2596/792/411
f 5301/3530/1358 5308/3460/1358 2621/3523/1384 5248/3524/1384
f 5322/3531/1326 2652/3532/406 2641/796/406 2603/3533/1326
f 5289/776/1325 5311/3533/1325 2642/796/455 2645/795/455
f 2605/774/391 2604/776/393 5324/3534/410 2648/3528/409
f 2605/774/391 2648/3528/409 2598/3529/1357 2606/3535/1361
f 5286/3461/1362 5308/3460/1358 5301/3530/1358 5258/3536/1362
f 2608/3536/1363 2649/3530/407 2647/3537/407 5279/3538/1363
f 2609/3538/1329 5325/3539/398 2643/3540/398 2610/3541/1329
f 2601/772/488 5310/3541/1404 5323/793/498 2600/773/490
f 2611/779/493 2601/769/488 2602/768/487 2612/777/491
f 5284/3542/1332 5322/3531/1326 2603/3533/1326 5263/3543/1332
f 2613/3543/1331 5311/3533/1325 5289/776/1325 2614/3544/1331
f 5285/3545/1366 2615/775/392 2605/774/391 2606/3535/1361
f 2618/3546/1367 2617/3451/1367 5286/3461/1362 5258/3536/1362
f 5306/3547/1335 5259/3546/1335 2608/3536/1363 5279/3538/1363
f 5257/3548/1334 2619/3547/1334 2609/3538/1329 2610/3541/1329
f 2611/3549/493 2620/3548/1405 5310/3541/1404 2601/772/488
f 5260/3423/1305 2487/780/1305 5284/3542/1332 5263/3543/1332
f 2489/3424/1336 2488/3423/1336 2613/3543/1331 2614/3544/1331
f 2492/3427/1309 2617/3451/1367 2618/3546/1367 2493/3428/1309
f 2615/775/392 2490/732/358 5321/3424/1310
f 2615/775/392 5285/3545/1366 2490/732/358
f 5316/3428/1312 5259/3546/1335 5306/3547/1335 5298/3431/1312
f 2494/3431/1314 2619/3547/1334 5257/3548/1334 5256/3433/1314
f 2532/3487/407 2524/3448/408 2632/781/408 2633/3489/407
f 2620/3548/1405 2611/3549/493 2495/3434/1390
f 2611/3549/493 2486/3435/492 2495/3434/1390
f 2516/745/466 2527/747/469 2639/749/471
f 2525/781/395 2526/746/468 2639/749/471
f 2626/3487/398 2624/3486/398 5276/3446/399 2625/3448/399
f 2623/3484/452 2638/3483/452 2637/3447/451 2523/3446/451
f 2530/785/401 2529/3466/404 5288/3444/403 2520/783/402
f 2520/783/402 2630/3445/400 2631/784/453
f 2635/3464/455 2528/3463/455 2517/3443/454 2634/786/454
f 2636/788/406 2519/787/405 5292/3466/406
f 2643/3540/398 5325/3539/398 2594/3527/399 2595/3526/399
f 2628/744/467 2629/3463/1392 2627/789/496
f 2596/792/411 2600/773/490 5323/793/498
f 2647/3537/407 2649/3530/407 2593/3524/1403 2646/3525/1403
f 5324/3534/410 2589/766/385 2590/765/384 2648/3528/409
f 2641/796/406 2652/3532/406 2587/762/405 2640/794/405
f 2644/766/454 2645/795/455 2588/794/454
f 2665/3550/1406 2664/3551/1407 2653/854/549 2654/853/548
f 2586/763/485 2650/762/484 2651/770/489
f 2585/3521/499 2586/763/485 2597/767/486
f 2585/797/499 2597/771/486 2600/773/490
f 2666/3552/1408 2655/3553/1409 5348/3554/1409 5337/3555/1408
f 2667/3555/1410 2656/3554/1411 2657/3556/1411 5394/3557/1410
f 5408/3558/1412 2660/3559/1413 2661/3560/1413 5398/3561/1412
f 5410/3556/1414 2658/798/500 2668/800/502
f 2671/3561/1415 5406/3560/1416 5387/3562/1416 5331/3563/1415
f 2672/3563/1417 2662/3562/1418 5342/3564/1418 5361/3565/1417
f 2673/3565/1419 2663/3564/1420 2653/3566/549 2664/3567/1407
f 2675/803/505 2674/805/507 2664/3551/1407 2665/3550/1406
f 5338/3568/1421 2676/3569/1421 2666/3552/1408 5337/3555/1408
f 2677/3568/1422 2667/3555/1410 5394/3557/1410 2678/802/1422
f 2679/801/503 2668/800/502 5335/799/501 5336/3570/1423
f 5402/3571/1424 5408/3558/1412 5398/3561/1412 2682/3572/1424
f 5364/3572/1425 2671/3561/1415 5331/3563/1415 5332/3573/1425
f 5407/3574/1426 2683/3573/1426 2672/3563/1417 5361/3565/1417
f 2684/3574/1427 2673/3565/1419 2664/3567/1407 2674/807/507
f 2686/3575/625 2676/3569/1421 5338/3568/1421 2800/3576/625
f 2687/3577/1428 2677/3568/1422 2678/802/1422 2688/3578/1428
f 5376/869/561 5375/802/504 2679/801/503 2689/868/560
f 2797/867/559 2689/868/560 2679/801/503 5336/3570/1423
f 2692/865/557 2803/864/557 5402/3571/1424 2682/3572/1424
f 2794/862/555 5365/861/555 5364/3572/1425 5332/3573/1425
f 2693/858/553 2683/3573/1426 5407/3574/1426 2798/859/553
f 2694/857/552 2684/3574/1427 2674/807/507 2695/809/509
f 2681/3571/1429 2691/3579/1429 5393/3580/1429 5329/3581/1429 5330/3582/1429 2730/3583/1429 2741/3584/1429 5389/3585/1429 2761/3586/1429 2769/3587/1429 2777/3588/1429 5350/3589/1429 5349/3559/1429 2670/3558/1429
f 2706/810/1430 2698/3590/626 2801/3591/626 2707/3592/1430
f 5354/3592/1431 2802/3591/623 5381/3593/623 5382/3594/1431
f 5347/3595/1432 2708/816/516 2700/815/515 5346/3596/1433
f 2786/3597/1434 5327/3598/1434 5326/3599/1434 2760/3600/1434 2749/3601/1434 5379/3602/1434 5356/3603/1434 5355/3604/1434 2709/3605/1434 2701/3606/1434 2690/3607/1434 2680/3608/1434 2669/3609/1434 2659/3610/1434
f 2711/3611/1435 2710/3581/1435 2804/866/558 2702/863/558
f 5386/3612/1436 5405/3611/1436 2793/863/556 5412/3613/556
f 5358/3614/1437 2712/3612/1437 2703/860/554 2799/3615/554
f 2714/3616/1438 2705/811/511 5360/810/510 5352/3617/1439
f 2716/3618/1440 2715/3617/1440 2706/810/1430 2707/3592/1430
f 2717/823/1441 5392/3618/1441 5354/3592/1431 5382/3594/1431
f 2718/822/520 2708/816/516 5347/3595/1432 2719/3619/1442
f 2720/3582/1443 2710/3581/1435 2711/3611/1435 5385/3620/1443
f 2721/3620/1444 5405/3611/1436 5386/3612/1436 5357/3621/1444
f 2722/3621/1445 2712/3612/1437 5358/3614/1437 5359/825/1445
f 2724/824/522 2713/819/518 2705/821/511 2714/3622/1438
f 2725/828/526 2714/3616/1438 5352/3617/1439 5353/3623/1446
f 2726/3623/1411 2715/3617/1440 2716/3618/1440 2727/3624/1411
f 5369/3625/1409 5383/3624/1409 5392/3618/1441 2717/823/1441
f 2729/831/529 2728/826/524 2718/822/520 2719/3619/1442
f 5362/3626/1447 5391/3583/1448 2720/3582/1443 5385/3620/1443
f 2731/3626/1418 2721/3620/1444 5357/3621/1444 5341/3627/1418
f 2733/3628/1416 2732/3627/1416 2722/3621/1445 5359/825/1445
f 2725/3629/526 2734/827/525 2724/824/522 2714/3622/1438
f 2736/829/527 2725/828/526 5353/3623/1446 5377/3630/1449
f 5384/3631/1410 2737/3630/1410 2726/3623/1411 2727/3624/1411
f 5370/834/1408 2738/3631/1408 5383/3624/1409 5369/3625/1409
f 5363/3632/1450 5388/3584/1450 5391/3583/1448 5362/3626/1447
f 2728/826/524 2740/832/530 2739/834/532
f 2742/3632/1417 2731/3626/1418 5341/3627/1418 5339/3633/1417
f 2743/3633/1415 2732/3627/1416 2733/3628/1416 2744/3634/1415
f 2745/3635/1451 2735/830/528 2736/829/527 2746/836/534
f 2734/827/525 2735/3636/528 5366/3634/1452
f 2734/827/525 2725/3629/526 2735/3636/528
f 5371/3637/1422 2737/3630/1410 5384/3631/1410 5403/3638/1422
f 2736/829/527 5377/3630/1449 2746/836/534
f 2747/3638/1421 2738/3631/1408 5370/834/1408 5328/3639/1421
f 5333/3640/1453 2750/3585/1453 5388/3584/1450 5363/3632/1450
f 2752/3641/1426 2751/3640/1426 2742/3632/1417 5339/3633/1417
f 5367/3642/1425 5340/3641/1425 2743/3633/1415 2744/3634/1415
f 2753/3642/1454 5366/3634/1452 2735/3636/528 2745/3643/1451
f 2755/838/536 2754/879/566 2745/3635/1451 2746/836/534
f 2756/3644/622 5371/3637/1422 5403/3638/1422 2805/3645/622
f 2809/3646/625 2757/3647/625 2747/3638/1421 5328/3639/1421
f 2759/839/537 2748/833/531 5380/835/533 2792/3648/1455
f 2791/3649/1456 2750/3585/1453 5333/3640/1453 5334/3650/1456
f 2811/3651/553 2762/877/553 2751/3640/1426 2752/3641/1426
f 2764/873/555 2763/872/555 5340/3641/1425 5367/3642/1425
f 2754/3652/566 5404/870/562 2753/3642/1454 2745/3643/1451
f 2767/3653/1457 2759/839/537 2792/3648/1455 2768/3654/1458
f 5334/3650/1456 5390/3655/1459 5397/3587/1459 2791/3649/1456
f 2771/842/540 2765/841/539 2815/878/565 2772/3656/1460
f 2773/3657/1431 5411/3656/1431 2816/878/623 2806/3658/623
f 5378/850/1430 5401/3657/1430 2807/3658/626 2810/3659/626
f 2775/848/544 2774/850/546 2766/3660/1461 2767/3653/1457
f 2775/848/544 2767/3653/1457 2768/3654/1458 2776/3661/1462
f 5374/3588/1463 5397/3587/1459 5390/3655/1459 5344/3662/1463
f 2778/3662/1437 2813/876/554 2812/875/554 5368/3663/1437
f 2779/3663/1436 5414/874/564 2808/3664/564 2780/3665/1436
f 2770/845/541 5400/3665/1464 5413/871/563 2817/846/542
f 2781/847/543 2771/842/540 2772/3656/1460 2782/855/550
f 5351/3666/1441 5372/855/1441 5411/3656/1431 2773/3657/1431
f 2783/3666/1440 5401/3657/1430 5378/850/1430 2784/3667/1440
f 5373/856/551 2785/849/545 2775/848/544 2776/3661/1462
f 2788/3668/1465 2787/3589/1465 5374/3588/1463 5344/3662/1463
f 5395/3669/1445 5345/3668/1445 2778/3662/1437 5368/3663/1437
f 5343/3670/1444 2789/3669/1444 2779/3663/1436 2780/3665/1436
f 5348/3554/1409 2655/3553/1409 5372/855/1441 5351/3666/1441
f 5400/3665/1464 2770/845/541 2790/852/547
f 2657/3556/1411 2656/3554/1411 2783/3666/1440 2784/3667/1440
f 2660/3559/1413 2787/3589/1465 2788/3668/1465 2661/3560/1413
f 2785/849/545 2658/798/500 5410/3556/1414
f 5406/3560/1416 5345/3668/1445 5395/3669/1445 5387/3562/1416
f 2662/3562/1418 2789/3669/1444 5343/3670/1444 5342/3564/1418
f 5381/3593/623 2802/3591/623 2687/3577/1428 2688/3578/1428
f 2790/852/547 2653/3566/549 2663/3564/1420
f 2790/852/547 2781/851/543 2653/3566/549
f 2695/809/509 2685/808/506 2696/818/514
f 2695/809/509 2696/818/514 2704/820/519
f 2798/859/553 2799/3615/554 2703/860/554
f 2794/862/555 5412/3613/556 2793/863/556
f 2692/865/557 2702/863/558 2804/866/558
f 2700/815/515 2797/867/559 5346/3596/1433
f 2689/868/560 2700/815/515 5376/869/561
f 2801/3591/626 2698/3590/626 2686/3575/625 2800/3576/625
f 2697/812/512 2685/804/506 2795/806/508 2796/813/513
f 2767/3653/1457 2766/3660/1461 2758/840/538 2759/839/537
f 2696/814/514 2685/804/506 2697/812/512
f 5404/870/562 2754/3652/566 2817/846/542
f 2764/873/555 2808/3664/564 5414/874/564
f 2762/877/553 2811/3651/553 2812/875/554
f 2810/3659/626 2807/3658/626 2757/3647/625 2809/3646/625
f 2806/3658/623 2816/878/623 2756/3644/622 2805/3645/622
f 2830/884/571 2829/3671/1466 2818/3672/617 2819/934/615
f 2814/837/535 2815/878/565 2755/838/536
f 2817/846/542 2754/3652/566 2765/844/539
f 5426/3673/1408 2831/3674/1408 2820/3675/1409 5436/3676/1409
f 2832/3673/1410 2821/3676/1411 2822/882/1411 5482/3677/1410
f 5496/3678/1412 2825/3679/1467 2826/3680/1467 5486/3681/1412
f 2836/3681/1415 5494/3680/1416 5475/3682/1416 5420/3683/1415
f 5449/3684/1417 2837/3683/1417 2827/3682/1418 5431/937/1418
f 2838/3684/1468 2828/937/618 2818/936/617 2829/3685/1466
f 2840/885/1421 2831/3674/1408 5426/3673/1408 5427/3686/1421
f 2829/3671/1466 2830/884/571 2839/886/573
f 2841/3686/1422 2832/3673/1410 5482/3677/1410 2842/888/1422
f 2843/887/503 2833/881/568 5424/883/570 5425/3687/1423
f 5490/3688/1424 5496/3678/1412 5486/3681/1412 2846/3689/1424
f 5421/3690/1425 5453/3689/1425 2836/3681/1415 5420/3683/1415
f 2847/3690/1426 2837/3683/1417 5449/3684/1417 5495/3691/1426
f 2848/3691/1469 2838/3684/1468 2829/3685/1466 2849/3692/1470
f 2962/3693/1471 2851/949/624 2839/886/573 5452/885/572
f 2829/3685/1466 2839/3694/573 2849/3692/1470
f 2839/886/573 2851/949/624 2850/950/619
f 2852/3695/625 2840/885/1421 5427/3686/1421 2967/3696/625
f 2853/948/622 2841/3686/1422 2842/888/1422 2854/946/622
f 5465/945/561 5464/888/504 2843/887/503 2855/944/560
f 2964/943/559 2855/944/560 2843/887/503 5425/3687/1423
f 2858/3697/557 2968/3698/557 5490/3688/1424 2846/3689/1424
f 2959/3699/555 5454/3697/555 5453/3689/1425 5421/3690/1425
f 2859/942/621 2847/3690/1426 5495/3691/1426 2966/940/621
f 2860/940/620 2848/3691/1469 2849/3692/1470 2850/938/619
f 2849/3692/1470 2839/3694/573 2850/938/619
f 5448/3700/510 2868/890/575 2961/889/574 2963/3701/1472
f 5438/3702/1429 5437/3679/1429 2835/3678/1429 2845/3688/1429 2857/3703/1429 5481/3704/1429 5418/3705/1429 5419/3706/1429 2893/3707/1429 2903/3708/1429 5477/3709/1429 2922/3710/1429 2929/3711/1429 2939/3712/1429
f 2869/3700/1430 2861/3713/626 2862/3714/626 2870/3715/1430
f 5441/3715/1431 5502/947/623 2957/3716/623 5470/3717/1431
f 5435/900/584 2871/893/577 2960/892/515 2965/3718/1433
f 2948/3719/1434 5416/3720/1434 5415/3721/1434 2921/3722/1434 2911/3723/1434 5468/3724/1434 5443/3725/1434 5442/3726/1434 2872/3727/1434 2864/3728/1434 2856/3729/1434 2844/3730/1434 2834/3731/1434 2824/3732/1434
f 2874/3733/1435 2873/3705/1435 2969/3734/558 2955/3735/558
f 5474/3736/1436 5493/3733/1436 2956/3737/556 5501/3738/556
f 5446/3739/1437 2875/3736/1437 2865/941/554 5445/3740/554
f 2868/3741/575 2876/896/580 2867/895/579 2958/939/576
f 2877/903/587 2868/890/575 5448/3700/510 5440/906/590
f 2879/3742/1440 2878/906/1440 2869/3700/1430 2870/3715/1430
f 2880/899/1441 5480/3742/1441 5441/3715/1431 5470/3717/1431
f 2882/3706/1473 2873/3705/1435 2874/3733/1435 5473/3743/1473
f 2883/3743/1444 5493/3733/1436 5474/3736/1436 5444/3744/1444
f 2884/3744/1445 2875/3736/1437 5446/3739/1437 5447/902/1445
f 2886/901/585 2876/896/580 2868/3741/575 2877/3745/587
f 2890/3746/1411 2889/3747/1411 2878/906/1440 2879/3742/1440
f 5471/3746/1409 5480/3742/1441 2880/899/1441 5458/3748/1409
f 5450/3749/1448 5479/3707/1448 2882/3706/1473 5473/3743/1473
f 5487/899/583 2881/898/582 2891/908/592
f 5430/3750/1418 2894/3749/1418 2883/3743/1444 5444/3744/1444
f 2895/3750/1416 2884/3744/1445 5447/902/1445 2896/3751/1416
f 5497/3751/1474 2885/902/586 2886/901/585 2887/3752/589
f 2898/910/594 2897/912/596 2887/905/589 2888/904/588
f 2886/901/585 2877/3745/587 2887/3752/589
f 5472/3753/1410 2899/909/1410 2889/3747/1411 2890/3746/1411
f 5459/3754/1408 2900/3753/1408 5471/3746/1409 5458/3748/1409
f 2902/3755/1475 2901/3756/1476 2891/908/592 2892/907/591
f 5476/3708/1450 5479/3707/1448 5450/3749/1448 5451/3757/1450
f 2904/3757/1417 2894/3749/1418 5430/3750/1418 5428/3758/1417
f 2906/915/1415 2905/3758/1415 2895/3750/1416 2896/3751/1416
f 5455/915/598 5497/3751/1474 2887/3752/589 2897/913/596
f 2908/3759/1477 2907/911/595 2898/910/594 5466/909/593
f 5460/3759/1422 2899/909/1410 5472/3753/1410 5491/3760/1422
f 2909/3760/1421 2900/3753/1408 5459/3754/1408 5417/3761/1421
f 5469/3762/1478 2910/916/599 2901/3756/1476 2902/3755/1475
f 5422/3763/1479 2912/3709/1479 5476/3708/1450 5451/3757/1450
f 2914/3764/1426 2913/3763/1426 2904/3757/1417 5428/3758/1417
f 5456/3765/1425 5429/3764/1425 2905/3758/1415 2906/915/1415
f 2916/3766/1480 2907/911/595 2908/3759/1477 2982/3767/1481
f 2897/913/596 2907/3768/595 2915/914/597
f 2917/3767/1428 5460/3759/1422 5491/3760/1422 2970/3769/1428
f 2918/954/625 2909/3760/1421 5417/3761/1421 2976/3770/625
f 2920/917/600 2910/916/599 5469/3762/1478 2954/3771/1482
f 2953/3772/1456 2912/3709/1479 5422/3763/1479 5423/3773/1456
f 2923/3774/553 2913/3763/1426 2914/3764/1426 2978/3775/553
f 2925/3776/555 2924/953/555 5429/3764/1425 5456/3765/1425
f 2926/919/602 2915/914/597 2907/3768/595 2916/3777/1480
f 2928/3778/1483 2927/921/604 2920/917/600 2954/3771/1482
f 5423/3773/1456 5478/3779/1459 5485/3711/1459 2953/3772/1456
f 2933/927/610 2932/929/608 2975/3780/607 2980/3781/1484
f 2933/927/610 2980/3781/1484 2983/3782/1485 2934/3783/1486
f 5500/3783/1431 5503/3784/623 2971/3785/623 2935/3786/1431
f 5467/923/1430 5489/3786/1430 2972/956/626 2977/955/626
f 2937/922/605 2927/921/604 2928/3778/1483 2938/3787/1487
f 5463/3712/1463 5485/3711/1459 5478/3779/1459 5433/3788/1463
f 2940/3788/1437 2981/3789/554 2979/3790/554 5457/3791/1437
f 2941/3791/1436 2930/952/556 2973/951/556 2942/3792/1436
f 2932/925/608 5488/3792/1464 2974/3793/563 2931/926/609
f 2943/928/611 2933/927/610 2934/3783/1486 2944/933/614
f 5461/933/1441 5500/3783/1431 2935/3786/1431 5439/3794/1441
f 2945/3794/1440 5489/3786/1430 5467/923/1430 2946/3795/1440
f 5462/935/616 2947/930/612 2937/922/605 2938/3787/1487
f 2950/3796/1465 2949/3702/1465 5463/3712/1463 5433/3788/1463
f 5483/3797/1445 5434/3796/1445 2940/3788/1437 5457/3791/1437
f 2951/3797/1444 2941/3791/1436 2942/3792/1436 5432/3798/1444
f 5436/3676/1409 2820/3675/1409 5461/933/1441 5439/3794/1441
f 5488/3792/1464 2932/925/608 2952/932/613
f 2943/928/611 2819/934/615 2818/3672/617
f 2822/882/1411 2821/3676/1411 2945/3794/1440 2946/3795/1440
f 2826/3680/1467 2825/3679/1467 2949/3702/1465 2950/3796/1465
f 2947/930/612 2823/880/567 5499/882/569
f 5494/3680/1416 5434/3796/1445 5483/3797/1445 5475/3682/1416
f 2827/3682/1418 2951/3797/1444 5432/3798/1444 5431/937/1418
f 5501/3738/556 2956/3737/556 5454/3697/555 2959/3699/555
f 2952/932/613 2943/931/611 2818/936/617
f 2860/940/620 2850/938/619 2867/895/579
f 2966/940/621 5445/3740/554 2865/941/554
f 2955/3735/558 2969/3734/558 2968/3698/557 2858/3697/557
f 2862/3714/626 2861/3713/626 2852/3695/625 2967/3696/625
f 2964/943/559 2965/3718/1433 2960/892/515
f 2855/944/560 2960/892/515 5465/945/561
f 5502/947/623 2854/946/622 2957/3716/623
f 2961/889/574 2851/949/624 2962/3693/1471 2963/3701/1472
f 2974/3793/563 5492/920/603 2926/919/602 2931/926/609
f 2958/891/576 2851/949/624 2961/889/574
f 2981/3789/554 2923/3774/553 2978/3775/553 2979/3790/554
f 2924/953/555 2925/3776/555 2973/951/556
f 5503/3784/623 2917/3767/1428 2970/3769/1428 2971/3785/623
f 2976/3770/625 2977/955/626 2918/954/625
f 2980/3781/1484 2916/3766/1480 2982/3767/1481 2983/3782/1485
f 4430/962/1175 1636/961/1488 4362/3799/1488 4365/2663/1176
f 2916/3766/1480 2980/3781/1484 2975/3780/607
f 2926/919/602 2916/3777/1480 2975/924/607
f 1635/523/333 4364/2588/1138 2984/3800/1489 1628/2590/1140
f 5504/3801/1490 4256/2419/1104 2990/2420/1105 5509/3802/1491
f 5509/3802/1491 5507/3803/1492 5505/3804/1492 5504/3801/1490
f 2988/499/325 5506/3804/1493 5510/3805/1494 2993/964/628
f 2993/964/628 5510/3805/1494 5511/3806/1495 4264/963/627
f 2993/964/628 1533/500/326 2988/499/325
f 5519/967/631 2995/966/630 5512/3806/1496 5517/3807/1496
f 5514/3808/1497 5508/3803/1497 2989/3802/1497 5516/3809/1497
f 5515/3808/1498 2997/3809/1498 2999/967/1498 5518/3807/1498
f 3000/3807/1499 2996/3806/1499 2994/3805/1500 2998/3808/1501
f 2994/3805/1500 2991/3804/1502 2992/3803/1502 2998/3808/1501
f 5530/3810/344 5531/3811/344 5532/3812/344 5534/3813/344 5535/3814/344 5537/3815/344 5522/969/344 5520/3816/344 5524/3817/344 5525/3818/344 5526/3819/344 5528/3820/344
f 5521/3821/1503 5523/3822/1503 5539/3823/1503 5538/3824/1503
f 5533/3825/1504 3007/3826/1505 3015/3827/1506 5540/3828/1504
f 5529/3829/1198 5527/3830/1198 3013/3831/1198 5541/3832/1198
f 3004/3833/1507 3003/3821/1508 3010/3824/1508 3012/3834/1509
f 3007/3826/1505 3006/3829/1510 3014/3832/1510 3015/3827/1506
f 5543/3835/1511 5536/3836/1511 3008/3837/1511 3016/3838/1511
f 3005/3830/1512 3004/3833/1507 3012/3834/1509 5542/3831/1512
f 3017/3835/1513 3011/968/632 3009/970/634
l 3903 3889
l 3988 3976
l 4079 4066
l 4164 4152
l 4251 4238
l 5151 5138
l 5236 5224
l 5320 5307
l 5409 5396
l 5498 5484
l 472 473
l 1927 1928
l 1917 1929
l 474 462
